ply
format ascii 1.0
comment Created by CloudCompare v2.13.2 (Kharkiv - Jul  6 2024)
comment Created 2026-08-27T15:47:51
obj_info Generated by CloudCompare!
element vertex 11245
property float x
property float y
property float z
property uchar red
property uchar green
property uchar blue
end_header
-0.156491 0.270617 0.708826 161 155 122 
-0.164981 0.257206 0.731612 171 160 128 
-0.147423 0.264802 0.657662 126 140 110 
-0.140632 0.256523 0.667019 90 101 54 
-0.136159 0.258129 0.732678 118 107 69 
-0.161519 0.219458 0.749459 160 150 116 
-0.109091 0.293859 0.702961 185 180 150 
-0.148070 0.229658 0.747234 152 146 115 
-0.153631 0.217930 0.750994 151 145 109 
-0.137858 0.238750 0.739858 144 137 101 
-0.131098 0.250197 0.691317 178 162 133 
-0.138812 0.234799 0.733028 136 127 91 
-0.103625 0.286933 0.691952 168 168 131 
-0.126087 0.251727 0.687530 128 120 68 
-0.149169 0.219825 0.673438 134 152 72 
-0.126111 0.248721 0.686727 140 130 82 
-0.075084 0.302723 0.714560 178 173 145 
-0.106528 0.264654 0.662682 80 90 42 
-0.109195 0.244958 0.669291 70 83 36 
-0.141023 0.188633 0.744321 149 131 97 
-0.148799 0.176995 0.728264 123 94 56 
-0.163767 0.157489 0.718081 159 157 124 
-0.169786 0.148698 0.720081 142 139 105 
-0.103964 0.245594 0.673983 107 128 54 
-0.104500 0.234770 0.698231 102 109 57 
-0.164988 0.137259 0.775155 154 148 112 
-0.112505 0.215923 0.724966 162 155 126 
-0.144763 0.168482 0.739019 145 131 93 
-0.088105 0.243181 0.709043 133 125 89 
-0.154340 0.138072 0.781639 162 156 120 
-0.067548 0.271494 0.676127 133 149 86 
-0.150545 0.148329 0.721336 163 164 134 
-0.074505 0.255156 0.694983 145 139 105 
-0.100839 0.217633 0.701460 81 64 37 
-0.117392 0.183933 0.757586 111 83 43 
-0.068860 0.260758 0.690003 65 70 42 
-0.091304 0.225591 0.696282 92 76 52 
-0.122369 0.180306 0.709663 173 162 135 
-0.097572 0.213509 0.698368 105 102 60 
-0.151160 0.121703 0.788345 185 178 150 
-0.152148 0.120209 0.789039 178 173 146 
-0.123966 0.163628 0.749894 161 146 115 
-0.070037 0.242452 0.695032 97 96 50 
-0.148456 0.111613 0.792091 155 149 113 
-0.106901 0.176444 0.739199 60 51 34 
-0.018730 0.292594 0.694707 171 171 135 
-0.143051 0.101906 0.795420 179 174 146 
-0.057603 0.237454 0.694480 115 108 74 
-0.058805 0.235785 0.694738 109 105 70 
-0.091567 0.187610 0.712763 65 74 37 
-0.076304 0.197166 0.718479 91 89 62 
-0.028657 0.262040 0.687201 91 97 35 
-0.063708 0.215597 0.687747 87 95 51 
-0.137419 0.101139 0.752874 142 134 95 
-0.085010 0.173655 0.728386 102 87 56 
-0.133786 0.103076 0.752054 135 126 86 
-0.101883 0.146374 0.735659 57 62 34 
-0.103461 0.143705 0.737859 55 60 34 
-0.113742 0.129584 0.740098 90 90 57 
-0.132726 0.101752 0.750742 129 120 79 
-0.141986 0.078081 0.793336 185 181 161 
-0.020608 0.264995 0.680417 116 132 64 
-0.021675 0.263438 0.680990 172 174 134 
-0.081327 0.171965 0.729336 101 88 49 
-0.131156 0.083680 0.801228 196 190 164 
-0.017378 0.263009 0.680150 144 146 99 
-0.151200 0.042574 0.819726 176 171 140 
-0.043334 0.215243 0.696273 121 128 77 
-0.108644 0.113765 0.753806 84 88 54 
-0.153668 0.035366 0.822367 174 165 139 
-0.093708 0.138988 0.723301 57 61 35 
-0.124968 0.090952 0.749006 80 62 48 
-0.073592 0.175401 0.678213 77 83 42 
-0.133118 0.058852 0.810903 170 161 123 
-0.018492 0.235517 0.693806 52 58 25 
-0.066222 0.180223 0.674213 63 75 22 
-0.136217 0.046185 0.818093 172 168 142 
-0.089246 0.128602 0.736015 59 61 30 
-0.114223 0.078776 0.793421 197 192 164 
-0.061636 0.166044 0.719351 49 57 26 
-0.112190 0.092029 0.749245 123 138 91 
-0.141554 0.031548 0.822295 180 174 148 
-0.004144 0.245591 0.689997 49 60 27 
-0.093332 0.115129 0.742605 151 122 73 
-0.113771 0.067644 0.810015 201 188 153 
-0.063214 0.168906 0.684898 112 134 58 
-0.060868 0.161564 0.717037 69 69 38 
-0.064947 0.155595 0.719459 100 87 60 
-0.034949 0.197952 0.696804 36 44 21 
-0.014289 0.222193 0.693263 100 92 52 
-0.052948 0.171668 0.698035 117 122 66 
-0.094795 0.105861 0.737026 78 81 41 
-0.103870 0.075121 0.795601 60 68 43 
-0.134419 0.027035 0.824205 159 154 124 
0.038919 0.282345 0.705132 63 73 34 
0.032326 0.274152 0.704717 126 139 59 
-0.104919 0.064997 0.812355 191 177 139 
0.049739 0.291435 0.708772 176 174 137 
-0.027919 0.201166 0.686098 63 72 25 
-0.066858 0.137647 0.729092 105 92 63 
-0.091155 0.099124 0.752609 184 171 138 
-0.108458 0.056069 0.815872 193 180 145 
0.061649 0.299824 0.718261 162 161 121 
-0.026415 0.200879 0.683519 90 103 44 
0.034210 0.266866 0.703994 123 119 78 
-0.014303 0.211897 0.686820 129 136 81 
-0.055992 0.152481 0.707569 87 81 47 
-0.120053 0.038127 0.806656 189 184 157 
-0.050908 0.155294 0.709047 82 94 54 
-0.093099 0.074882 0.788697 150 140 96 
-0.155290 0.006193 0.762313 97 109 55 
-0.026828 0.190352 0.686076 126 144 82 
-0.058346 0.140099 0.717204 126 123 91 
-0.077941 0.096874 0.770768 168 155 118 
-0.057337 0.141431 0.708355 116 132 66 
-0.050074 0.147224 0.708946 106 93 60 
-0.159288 -0.034258 0.837004 185 172 143 
-0.019634 0.182039 0.708622 77 87 52 
-0.043068 0.151993 0.711377 87 94 41 
0.030733 0.243947 0.701115 103 112 68 
-0.017584 0.182116 0.706798 75 83 48 
-0.029387 0.166984 0.708264 116 125 75 
-0.046119 0.145584 0.710202 99 86 52 
0.040482 0.252678 0.701276 103 118 76 
-0.014075 0.191670 0.684135 68 63 30 
-0.046869 0.133876 0.731221 34 36 17 
-0.080199 0.080383 0.764822 131 127 90 
-0.130359 0.013754 0.777698 114 110 70 
-0.090083 0.067158 0.759236 132 146 94 
-0.130591 0.000749 0.803762 113 102 56 
-0.142596 -0.007489 0.786164 112 119 52 
-0.155334 -0.020617 0.779296 105 121 53 
0.046159 0.252913 0.701853 152 163 136 
-0.039234 0.145446 0.708789 78 61 29 
-0.014388 0.172282 0.710261 99 90 57 
-0.087623 0.047070 0.803980 173 165 128 
-0.156926 -0.056739 0.853904 179 172 145 
0.058215 0.260951 0.702274 50 54 30 
0.000806 0.197149 0.685627 43 55 25 
-0.067958 0.093325 0.737378 116 86 49 
-0.125728 0.002580 0.790066 125 130 72 
-0.161845 -0.048052 0.807044 140 154 104 
0.058355 0.257887 0.702114 77 81 53 
-0.054446 0.113873 0.718904 89 95 59 
-0.099018 0.026730 0.795720 136 144 89 
-0.119084 -0.006027 0.817167 146 126 87 
0.063341 0.257577 0.701565 48 56 28 
0.029252 0.219330 0.693622 52 51 30 
-0.090870 0.032191 0.798950 142 140 101 
-0.119033 0.000745 0.792001 59 61 31 
-0.145904 -0.023240 0.770050 133 154 83 
-0.033682 0.131255 0.715629 79 76 44 
-0.043587 0.110387 0.738030 118 114 75 
-0.045439 0.107468 0.739736 116 107 67 
-0.051188 0.099691 0.741797 55 57 26 
-0.068433 0.070966 0.761601 63 72 40 
0.032656 0.220726 0.684587 95 111 47 
0.030289 0.214841 0.692156 55 59 25 
-0.023829 0.145023 0.703310 128 136 95 
-0.050893 0.095892 0.744445 160 138 98 
0.016625 0.194527 0.693884 83 76 40 
-0.022810 0.142706 0.704569 79 87 49 
-0.108297 0.004789 0.791153 86 86 58 
-0.112676 -0.001167 0.792841 80 67 38 
-0.159797 -0.086663 0.864059 171 162 132 
0.085635 0.267290 0.703047 226 217 187 
-0.027133 0.114566 0.745717 107 101 50 
-0.068562 0.051297 0.778846 119 128 75 
-0.144831 -0.074269 0.861992 151 145 113 
-0.140952 -0.067444 0.848914 149 143 110 
-0.022304 0.128642 0.710658 146 159 95 
-0.106180 -0.007171 0.796268 130 120 89 
-0.145766 -0.082897 0.864539 162 155 127 
-0.159468 -0.100790 0.868235 154 146 110 
-0.127293 -0.029252 0.781643 125 114 84 
-0.137377 -0.049363 0.800912 117 109 65 
0.012114 0.169711 0.695870 102 112 61 
-0.013839 0.132997 0.709757 125 143 68 
-0.127633 -0.031829 0.779732 74 75 48 
-0.133967 -0.044681 0.792298 104 90 60 
0.014423 0.166092 0.703528 150 147 119 
-0.019259 0.122556 0.712017 96 101 40 
-0.033157 0.084119 0.763393 95 98 52 
-0.102162 -0.012156 0.797347 117 110 76 
-0.142595 -0.088061 0.862824 151 143 108 
-0.023084 0.091838 0.765729 122 104 65 
-0.070618 0.020914 0.799929 51 56 33 
0.083615 0.247477 0.689693 39 46 16 
-0.018884 0.108572 0.731230 71 69 21 
-0.040006 0.061165 0.775669 206 193 161 
-0.037344 0.061517 0.774730 201 189 162 
-0.147052 -0.104486 0.859164 172 163 135 
0.113553 0.274529 0.685800 100 111 77 
-0.012468 0.089713 0.769645 119 108 70 
-0.090587 -0.010743 0.789903 28 33 23 
-0.123929 -0.044309 0.777621 70 85 44 
-0.144083 -0.072277 0.787457 46 54 33 
-0.148575 -0.080898 0.795017 82 87 53 
-0.142169 -0.103107 0.861798 178 165 134 
0.084117 0.235357 0.689140 118 122 89 
-0.031095 0.062488 0.774640 157 167 104 
-0.141739 -0.072012 0.786456 39 46 29 
-0.074179 0.002159 0.790018 80 80 45 
-0.114828 -0.042451 0.783949 86 88 65 
0.018661 0.139597 0.718246 48 55 23 
-0.004148 0.093282 0.761771 127 138 81 
0.087630 0.229105 0.690590 113 110 66 
0.085942 0.227160 0.690563 134 142 83 
0.080483 0.221118 0.689940 78 90 48 
0.018278 0.132182 0.726623 79 81 31 
-0.026957 0.057435 0.775269 130 136 82 
-0.038866 0.037707 0.788184 141 136 95 
-0.123581 -0.058872 0.784626 115 107 79 
-0.138933 -0.078300 0.788182 92 92 50 
-0.145035 -0.110595 0.843184 154 138 94 
0.130002 0.270350 0.693160 88 94 57 
-0.000621 0.097471 0.740823 69 71 34 
-0.030021 0.043126 0.784717 153 150 113 
-0.123619 -0.066957 0.789231 86 101 38 
0.010563 0.107911 0.739317 97 91 42 
-0.026420 0.044994 0.782740 194 185 151 
0.003130 0.090595 0.751228 129 117 70 
-0.006723 0.075308 0.759647 107 106 55 
-0.003171 0.062326 0.795780 199 190 154 
-0.131844 -0.098132 0.822740 62 69 36 
-0.147276 -0.142853 0.879934 199 184 152 
-0.151243 -0.149035 0.883380 204 195 164 
0.095681 0.220149 0.695021 110 120 71 
0.061112 0.178608 0.699120 111 118 73 
0.055589 0.156767 0.731747 82 77 37 
-0.111890 -0.063597 0.791782 51 61 27 
-0.123818 -0.077572 0.792444 73 78 52 
-0.132614 -0.103909 0.826644 140 138 100 
-0.144121 -0.140843 0.876597 195 182 150 
0.138068 0.261236 0.703593 167 168 135 
0.108378 0.231112 0.695664 117 121 56 
-0.003128 0.069275 0.767576 68 73 35 
0.070210 0.163923 0.738003 100 87 51 
-0.132173 -0.110833 0.829423 92 95 51 
-0.141226 -0.143265 0.875278 197 179 147 
-0.043468 0.012810 0.776228 77 67 36 
-0.092491 -0.054581 0.800224 92 92 51 
-0.144627 -0.154314 0.883527 204 191 157 
0.121223 0.234882 0.697729 101 110 49 
0.103273 0.213859 0.699084 101 114 51 
-0.053945 0.000488 0.770771 103 120 78 
0.078127 0.161503 0.741035 99 87 55 
0.043352 0.127433 0.730323 68 72 30 
0.040643 0.121757 0.735624 100 109 62 
-0.055696 -0.005176 0.772045 64 76 32 
-0.087795 -0.060258 0.810155 91 92 46 
0.090435 0.187431 0.710065 81 91 57 
0.014311 0.063012 0.787730 213 200 166 
0.130261 0.234428 0.699250 78 88 37 
0.107209 0.207613 0.700975 107 118 62 
0.090296 0.183197 0.711742 65 74 32 
0.025589 0.090162 0.752179 119 130 102 
0.086975 0.173312 0.711122 58 66 18 
0.028997 0.086535 0.754263 102 107 61 
0.009477 0.056534 0.764045 131 142 73 
-0.078877 -0.060084 0.799144 88 94 64 
-0.081442 -0.071030 0.815014 98 93 58 
-0.118788 -0.108552 0.806727 94 95 50 
-0.141180 -0.175949 0.889958 183 174 141 
-0.023656 0.008289 0.779903 73 80 27 
-0.040940 -0.010451 0.778868 105 111 46 
-0.046938 -0.015150 0.774986 127 135 82 
0.177074 0.261668 0.715400 132 134 66 
-0.001228 0.033800 0.772724 97 116 53 
-0.031939 -0.005327 0.782361 88 85 40 
-0.101893 -0.087544 0.790923 143 157 116 
-0.123310 -0.146976 0.859978 101 100 55 
0.158138 0.242769 0.704661 37 48 13 
0.143566 0.227604 0.702728 65 76 35 
0.138714 0.221878 0.703390 89 96 60 
0.130038 0.206593 0.714295 140 136 96 
0.099889 0.174654 0.711384 84 88 43 
0.052855 0.108213 0.738857 107 117 61 
-0.017488 0.007626 0.782292 59 66 29 
0.163822 0.244676 0.706597 189 189 150 
0.108016 0.179707 0.712736 100 106 61 
0.080625 0.134549 0.741152 84 88 42 
0.040462 0.066861 0.785644 136 155 81 
0.010695 0.039810 0.774360 106 112 70 
-0.007341 0.013130 0.781157 115 123 80 
-0.016942 0.000595 0.784839 60 49 29 
-0.029800 -0.012055 0.781899 65 57 31 
-0.059103 -0.037748 0.769233 80 77 37 
-0.071970 -0.069221 0.802084 69 79 47 
0.093796 0.143049 0.740127 77 74 34 
-0.128108 -0.181545 0.891777 168 163 119 
0.048250 0.074494 0.768724 91 97 61 
-0.015242 -0.003449 0.784118 68 74 37 
-0.062630 -0.060625 0.788044 87 91 42 
-0.108866 -0.146954 0.854634 188 177 150 
0.174243 0.236971 0.710691 42 52 18 
0.101810 0.155924 0.714154 107 125 53 
0.099342 0.137006 0.744260 81 67 34 
0.083910 0.115323 0.753193 63 74 36 
0.015100 0.026024 0.779321 131 137 75 
-0.002575 0.005142 0.782218 72 62 35 
-0.010486 -0.002867 0.781031 34 42 13 
-0.093439 -0.107109 0.806200 134 152 88 
0.100879 0.136919 0.741403 87 73 40 
0.101847 0.132285 0.751897 69 66 24 
0.051748 0.075625 0.755640 202 196 164 
0.076432 0.069394 0.816791 198 185 150 
-0.060305 -0.069304 0.797590 82 78 54 
0.092494 0.114485 0.759759 61 66 33 
0.080241 0.069971 0.816945 184 171 131 
0.019863 0.023759 0.781251 130 117 79 
0.008425 0.012193 0.779646 100 93 55 
-0.041097 -0.046627 0.788725 66 70 36 
0.202575 0.252633 0.719594 107 115 73 
-0.111839 -0.178137 0.882928 169 166 128 
0.024042 0.021384 0.782135 89 85 42 
-0.032584 -0.036974 0.776821 91 101 63 
-0.068984 -0.090627 0.802651 86 83 51 
-0.089778 -0.116472 0.808696 56 64 31 
0.065448 0.079077 0.752955 55 70 31 
0.112886 0.140552 0.728587 135 147 107 
-0.065171 -0.091521 0.800762 61 66 26 
-0.111271 -0.190386 0.888900 148 146 98 
0.085087 0.050397 0.830117 176 171 133 
0.190079 0.221680 0.719860 159 169 130 
0.172207 0.205292 0.714966 156 169 95 
0.111508 0.109430 0.769511 34 45 15 
0.106840 0.105351 0.767878 86 90 52 
0.085620 0.047263 0.830452 192 186 153 
-0.032895 -0.049219 0.776413 83 84 64 
-0.028543 -0.045943 0.773516 106 121 67 
-0.065132 -0.097598 0.795590 87 102 52 
0.110414 0.074466 0.816828 211 197 159 
-0.071852 -0.108777 0.797378 77 86 35 
-0.089320 -0.141323 0.816502 82 84 39 
-0.097429 -0.151071 0.818458 162 148 104 
0.175069 0.192373 0.719305 72 83 31 
0.111403 0.074085 0.807115 200 186 145 
-0.020907 -0.063468 0.796850 117 104 67 
-0.022320 -0.073184 0.810999 65 75 41 
-0.065500 -0.114594 0.803617 46 56 19 
-0.055451 -0.101579 0.789270 116 124 77 
-0.095905 -0.159590 0.815503 93 107 46 
-0.019344 -0.080101 0.812092 84 90 54 
0.143341 0.134482 0.732515 80 99 44 
0.122003 0.058502 0.822813 152 165 134 
0.048283 0.002264 0.787439 78 74 37 
-0.050431 -0.106124 0.795785 67 77 43 
-0.094975 -0.193114 0.863676 141 146 96 
0.006331 -0.035877 0.772474 50 60 23 
0.048347 -0.003599 0.786570 93 105 44 
0.148410 0.129305 0.733433 45 61 13 
0.116852 0.073006 0.772349 42 53 17 
0.085154 0.027670 0.792853 88 96 43 
0.143129 0.109920 0.750915 91 90 50 
0.135455 0.098236 0.757054 73 80 41 
0.069710 0.010652 0.789013 110 107 73 
0.039232 -0.017589 0.783451 79 86 41 
-0.067238 -0.152507 0.823803 96 93 39 
0.148362 0.117719 0.741525 73 83 37 
0.009630 -0.045364 0.773570 52 60 17 
-0.083837 -0.192937 0.856985 131 139 81 
-0.092091 -0.200790 0.855860 117 123 69 
0.147056 0.106059 0.752934 144 162 89 
0.145921 0.104375 0.753771 117 135 61 
-0.034513 -0.108085 0.796579 37 44 10 
-0.071555 -0.161451 0.821274 106 121 65 
-0.075641 -0.191558 0.863514 187 188 148 
0.140609 0.090093 0.762644 160 158 104 
-0.007758 -0.088319 0.804313 115 111 71 
-0.035348 -0.112222 0.797009 92 84 38 
-0.074359 -0.194791 0.865845 171 172 129 
0.143438 0.089034 0.763625 137 138 80 
0.055701 -0.011431 0.780373 57 60 16 
0.020858 -0.039897 0.768563 114 133 77 
-0.068817 -0.165699 0.823014 67 72 36 
0.145031 0.051628 0.815288 168 163 126 
0.165480 0.114521 0.742800 99 107 68 
0.164936 0.111625 0.746526 140 155 93 
0.153920 0.090573 0.762155 157 161 125 
0.006567 -0.079257 0.793436 105 95 65 
0.004362 -0.084005 0.797412 123 128 98 
-0.001608 -0.091611 0.799832 94 97 58 
-0.046787 -0.157353 0.831170 141 142 94 
0.167697 0.110582 0.747320 153 166 124 
-0.032356 -0.125923 0.799791 44 54 19 
0.162835 0.078896 0.784180 165 157 107 
0.101152 0.008093 0.797191 29 35 11 
-0.000943 -0.095419 0.797186 140 128 110 
-0.032418 -0.124950 0.793434 52 61 28 
-0.033271 -0.148389 0.828986 86 94 50 
-0.060697 -0.198429 0.864000 163 168 121 
0.173519 0.057485 0.829263 197 187 146 
0.049423 -0.033476 0.775130 67 78 44 
0.009029 -0.079408 0.783091 42 47 17 
-0.006976 -0.103874 0.796066 141 148 112 
0.000743 -0.097669 0.793786 79 69 42 
0.130819 0.023970 0.803392 100 101 50 
0.055779 -0.045282 0.788763 28 38 13 
0.186062 0.103190 0.756145 99 107 40 
0.020669 -0.075116 0.775725 99 109 62 
-0.011706 -0.113420 0.784785 98 111 65 
-0.025528 -0.145297 0.812517 81 85 29 
0.201301 0.071266 0.823067 205 190 155 
0.150054 0.035850 0.798966 66 75 40 
-0.025520 -0.153500 0.820444 88 98 45 
0.200829 0.104685 0.765929 156 168 105 
0.144735 0.028815 0.796387 79 87 48 
0.138867 0.018592 0.803055 94 97 61 
0.079105 -0.026716 0.781415 99 92 47 
0.201200 0.084954 0.791156 159 166 127 
0.041902 -0.068921 0.784533 92 97 42 
0.022366 -0.083415 0.777087 94 99 52 
0.002255 -0.112225 0.790472 44 54 19 
-0.035428 -0.183970 0.842469 96 98 62 
0.143836 0.017597 0.801702 100 102 62 
0.104961 -0.006270 0.779600 129 137 88 
0.021498 -0.092011 0.779622 151 167 105 
0.218193 0.078260 0.810405 156 145 99 
0.148985 0.019829 0.795772 74 83 37 
0.130411 -0.001134 0.799737 143 136 99 
0.038443 -0.081872 0.784911 69 78 32 
0.220508 0.076891 0.810454 155 142 97 
0.110982 -0.010158 0.779748 76 89 52 
0.095445 -0.025067 0.779203 104 104 59 
0.077198 -0.052630 0.793516 144 132 104 
0.191330 0.041162 0.815636 221 222 207 
0.076234 -0.055484 0.791605 104 101 68 
-0.014136 -0.184115 0.850848 199 196 164 
0.095632 -0.038727 0.785443 135 151 90 
0.054253 -0.086396 0.796155 55 61 23 
0.021988 -0.121132 0.800934 86 92 46 
0.063259 -0.086231 0.799516 79 81 39 
-0.001517 -0.160268 0.815756 169 170 135 
-0.008165 -0.175155 0.828024 90 98 38 
0.142524 -0.004135 0.787181 75 85 31 
0.074932 -0.069742 0.787430 90 84 37 
-0.005601 -0.172912 0.823931 68 75 24 
0.188499 0.027640 0.800594 45 50 24 
0.096219 -0.055434 0.791900 53 60 18 
-0.001619 -0.177735 0.827597 176 185 130 
0.104162 -0.051542 0.788080 71 77 41 
0.074148 -0.093761 0.807214 26 33 11 
0.029596 -0.139201 0.810995 99 115 57 
0.083859 -0.075131 0.789404 83 90 32 
0.045757 -0.125669 0.809375 68 74 34 
0.005537 -0.174009 0.823329 74 88 50 
0.153040 -0.013889 0.787131 99 104 64 
0.119568 -0.042433 0.782394 152 166 95 
0.105051 -0.060356 0.788159 33 33 16 
0.023083 -0.162304 0.821774 94 102 52 
0.051485 -0.131592 0.812213 55 67 27 
0.044584 -0.143777 0.815729 62 79 34 
0.155458 -0.023032 0.789237 107 114 76 
0.027996 -0.168142 0.823477 134 144 78 
0.171114 -0.012265 0.790196 134 141 101 
0.151045 -0.029509 0.787859 147 144 97 
0.061381 -0.132968 0.814068 177 163 129 
0.099178 -0.093454 0.804253 139 134 101 
0.193699 -0.004043 0.798842 93 103 60 
0.096718 -0.114189 0.825199 89 83 49 
0.027744 -0.181971 0.829420 90 97 62 
0.107284 -0.103295 0.814909 80 86 32 
0.031794 -0.199052 0.849438 90 106 64 
0.030110 -0.194933 0.837415 96 111 60 
0.031789 -0.194246 0.834380 186 184 142 
0.132053 -0.075575 0.795364 54 65 23 
0.116887 -0.104349 0.815227 161 153 113 
0.111489 -0.114599 0.822307 108 102 64 
0.084933 -0.135609 0.817481 148 155 88 
0.114903 -0.114382 0.821873 101 103 73 
0.083377 -0.141856 0.819669 69 79 29 
0.076453 -0.149641 0.821538 83 94 58 
0.151174 -0.060130 0.789629 38 43 12 
0.156659 -0.058197 0.789439 78 82 50 
0.145987 -0.081029 0.798122 94 105 49 
0.204075 -0.030099 0.796489 136 150 85 
0.129155 -0.116552 0.820424 120 112 72 
0.200435 -0.036747 0.796438 70 82 40 
0.105847 -0.147128 0.820053 74 84 34 
0.153088 -0.096708 0.805762 111 112 64 
0.168736 -0.076011 0.792987 150 163 107 
0.153670 -0.101606 0.808550 122 135 77 
0.146513 -0.114693 0.812926 111 122 85 
0.113949 -0.151920 0.823252 134 143 82 
0.107002 -0.159870 0.825464 186 186 146 
0.098598 -0.175257 0.835568 123 137 89 
0.151874 -0.120724 0.814250 42 52 26 
0.181620 -0.085037 0.798329 61 69 25 
0.161377 -0.113939 0.812202 209 206 176 
0.123837 -0.158139 0.826014 36 45 20 
0.106541 -0.195378 0.853775 177 178 122 
0.184853 -0.086560 0.799723 120 120 73 
0.180359 -0.095263 0.805694 159 170 109 
0.117870 -0.169289 0.829359 182 185 125 
0.114658 -0.183245 0.839312 118 128 85 
0.120555 -0.175804 0.832438 187 187 148 
0.223634 -0.075079 0.815604 160 166 139 
0.145538 -0.153510 0.827958 201 202 172 
0.213933 -0.086218 0.810459 126 136 64 
0.200981 -0.098006 0.811056 81 93 50 
0.181484 -0.129070 0.816205 174 181 142 
0.158125 -0.174299 0.834812 93 106 58 
0.177292 -0.158918 0.828116 99 113 71 
0.169435 -0.169045 0.832237 198 203 179 
0.212826 -0.131370 0.827431 61 67 42 
0.217999 -0.125514 0.821648 156 166 114 
0.181298 -0.175925 0.836764 146 156 116 
0.191512 -0.176391 0.839656 107 116 81 
0.213201 0.160165 0.779037 107 105 50 
0.212507 0.160453 0.775387 111 108 56 
0.213323 0.166491 0.767693 126 116 72 
0.145088 0.282350 0.736606 178 174 127 
0.183737 0.242204 0.717965 150 139 94 
0.127402 0.302776 0.736426 197 190 151 
0.206826 0.114977 0.814539 216 208 170 
0.129074 0.295517 0.737119 188 180 140 
0.145174 0.273903 0.732043 186 178 128 
0.202589 0.109550 0.817498 211 203 163 
0.202980 0.126686 0.794585 156 150 113 
0.209677 0.163468 0.742399 85 98 51 
0.204310 0.084175 0.828251 220 205 153 
0.207418 0.126148 0.780258 119 123 62 
0.187822 0.217619 0.712895 139 143 63 
0.109443 0.301869 0.736015 214 208 173 
0.195615 0.094715 0.825136 231 224 197 
0.193384 0.102120 0.820597 221 212 176 
0.209766 0.125844 0.773058 97 108 53 
0.209855 0.064849 0.831703 213 199 153 
0.113839 0.288295 0.734935 180 172 129 
0.107167 0.296094 0.736184 202 193 156 
0.200389 0.175708 0.726454 113 104 54 
0.144443 0.258969 0.718285 136 125 78 
0.131597 0.270713 0.723993 140 130 82 
0.205136 0.119417 0.773600 171 176 86 
0.182169 0.100174 0.820507 230 220 188 
0.188456 0.111283 0.800568 132 122 83 
0.198308 0.167315 0.729866 83 70 37 
0.217864 0.044840 0.824000 96 101 38 
0.205011 0.051720 0.830144 175 172 124 
0.188068 0.181306 0.721505 166 179 95 
0.195605 0.054844 0.835319 154 151 95 
0.207130 0.118390 0.755601 145 157 65 
0.165489 0.219492 0.709166 32 40 5 
0.135306 0.257372 0.711311 104 107 50 
0.173746 0.086914 0.827791 222 212 173 
0.192922 0.108298 0.780696 52 58 25 
0.205441 0.136449 0.735645 173 183 109 
0.202225 0.113441 0.759092 129 143 58 
0.203177 0.137185 0.733975 159 176 87 
0.202717 0.134351 0.733504 147 164 73 
0.175542 0.061147 0.833848 221 210 161 
0.128434 0.248683 0.708393 91 75 30 
0.220698 0.017406 0.814693 161 183 96 
0.158546 0.085708 0.827108 202 192 143 
0.193527 0.138706 0.729428 109 102 48 
0.194755 0.132307 0.730306 143 162 63 
0.190847 0.135004 0.728768 122 137 53 
0.111473 0.261363 0.705309 141 138 71 
0.169010 0.050874 0.835188 154 151 99 
0.153666 0.192718 0.711316 74 72 23 
0.186457 0.117721 0.735792 83 91 36 
0.109836 0.256761 0.695593 126 126 56 
0.191519 -0.009570 0.849198 179 168 120 
0.222964 -0.042868 0.830798 138 160 74 
0.133206 0.071126 0.829848 231 219 181 
0.151854 0.090997 0.788188 211 200 164 
0.102064 0.263963 0.682203 188 188 143 
0.100927 0.265970 0.681650 132 142 86 
0.167881 0.130990 0.726535 135 145 85 
0.161814 0.146901 0.718585 100 115 39 
0.131337 0.207981 0.696708 34 44 5 
0.114466 0.248103 0.678552 54 60 12 
0.174791 0.037401 0.803874 92 103 34 
0.167358 0.099886 0.753070 118 127 52 
0.178693 0.111213 0.728711 171 190 71 
0.124606 0.221172 0.688299 91 102 48 
0.216627 -0.054171 0.837415 139 124 84 
0.167178 0.037780 0.800544 134 155 57 
0.119666 0.221267 0.682573 75 87 42 
0.207491 -0.064146 0.845803 141 122 78 
0.213235 -0.108385 0.876843 72 85 54 
0.207772 -0.057211 0.835023 156 144 104 
0.129863 0.178695 0.703261 90 98 54 
0.085261 0.257320 0.680917 115 122 59 
0.203501 -0.129426 0.899700 180 170 111 
0.106249 0.067110 0.827054 218 205 166 
0.086566 0.239224 0.688594 124 120 73 
0.082588 0.243876 0.688791 120 107 48 
0.073906 0.263114 0.680723 120 124 71 
0.205292 -0.070155 0.838342 131 113 71 
0.139145 0.129493 0.727316 146 133 99 
0.132580 0.140915 0.724121 123 140 67 
0.124005 0.159538 0.716496 124 111 78 
0.105061 0.218403 0.679348 97 113 53 
0.101839 0.221076 0.680500 102 115 48 
0.066784 0.256044 0.687554 160 151 104 
0.205276 -0.060302 0.821542 124 135 75 
0.144563 0.037646 0.798840 157 162 106 
0.105068 0.055286 0.826780 214 210 181 
0.114808 0.177035 0.703010 62 71 26 
0.115263 0.180160 0.699604 53 64 23 
0.109578 0.209042 0.679209 78 87 44 
0.170373 -0.001347 0.802176 101 104 56 
0.127435 0.137764 0.721463 71 77 27 
0.191824 -0.138823 0.901263 217 209 170 
0.125795 0.140043 0.717418 54 63 12 
0.062190 0.251041 0.685570 115 111 39 
0.138414 0.032310 0.798772 169 183 96 
0.122118 0.151066 0.707594 149 163 88 
0.051278 0.259907 0.685546 142 132 75 
0.172434 -0.012088 0.798327 86 90 45 
0.085481 0.063145 0.824488 196 184 144 
0.100946 0.199234 0.682906 95 107 34 
0.114534 0.153274 0.706418 82 102 30 
0.059660 0.243648 0.683491 69 80 25 
0.186011 -0.137082 0.889991 225 217 180 
0.189330 -0.125442 0.875805 69 76 19 
0.105628 0.110583 0.751209 164 151 114 
0.195163 -0.062448 0.808428 108 121 48 
0.181914 -0.033462 0.796319 91 110 39 
0.106126 0.126703 0.732178 140 130 87 
0.101333 0.171813 0.696351 106 112 39 
0.003717 0.280827 0.702087 185 171 123 
0.200500 -0.083806 0.818401 162 177 91 
0.114175 0.064916 0.775764 117 129 81 
0.101432 0.103049 0.754818 162 157 108 
0.107009 0.133739 0.721078 95 109 54 
0.087908 0.200242 0.681220 121 131 66 
0.185049 -0.170518 0.909404 204 200 149 
0.095704 0.166960 0.699320 62 79 21 
0.084441 0.193183 0.687573 100 106 51 
0.090951 0.040834 0.814196 196 186 145 
0.096879 0.127656 0.729772 54 61 24 
0.095244 0.150431 0.710987 113 123 43 
0.091847 0.166435 0.700152 61 73 13 
0.091719 0.173142 0.694247 152 167 101 
0.128628 0.013313 0.795453 78 91 22 
0.072542 0.050456 0.820788 129 128 82 
0.068151 0.058779 0.817909 170 166 119 
0.092780 0.076044 0.776635 186 177 135 
0.078756 0.203222 0.677113 160 170 130 
0.193737 -0.108482 0.832980 80 94 32 
0.177231 -0.056076 0.803218 149 138 92 
0.082620 0.105684 0.756756 127 126 73 
0.072564 0.196917 0.685524 95 102 52 
-0.025327 0.296616 0.698041 91 106 59 
0.099697 0.083707 0.754865 76 85 21 
0.086770 0.100009 0.753666 185 182 135 
0.083138 0.102358 0.755321 211 207 170 
0.189684 -0.111059 0.832091 65 75 15 
0.062034 0.059086 0.811671 139 145 96 
0.097854 0.082574 0.753977 94 104 40 
0.074121 0.106364 0.753292 188 172 130 
0.085680 0.126099 0.723974 70 78 30 
0.057989 0.208122 0.679400 171 181 129 
0.196410 -0.154188 0.856145 210 206 159 
0.184720 -0.097720 0.818000 138 145 80 
0.077394 0.148992 0.708380 124 127 74 
0.017099 0.248157 0.681715 190 202 132 
0.183378 -0.094862 0.813209 101 107 34 
0.084503 0.037929 0.795587 158 162 93 
0.073749 0.150039 0.707431 59 56 17 
-0.028527 0.288559 0.688178 176 172 103 
0.194192 -0.147892 0.845476 95 108 44 
0.048069 0.054504 0.813575 215 206 164 
0.087751 0.076463 0.754503 159 168 102 
0.050031 0.190464 0.691890 87 101 27 
0.066185 0.150453 0.707229 165 173 98 
0.179213 -0.120466 0.829020 156 142 83 
0.170345 -0.082108 0.804198 125 143 53 
0.071230 0.096038 0.746200 105 122 57 
0.028546 0.213920 0.685174 133 127 60 
0.003481 0.247598 0.680466 104 110 64 
0.129325 -0.025095 0.791134 123 131 84 
0.119583 0.001590 0.777401 113 139 40 
0.068455 0.068607 0.769114 115 119 66 
0.077773 0.082762 0.747595 112 124 49 
0.054173 0.165826 0.698242 109 107 48 
0.185490 -0.158365 0.845063 151 164 90 
0.185009 -0.148020 0.836544 89 102 57 
0.172977 -0.106104 0.811812 117 120 54 
0.120429 -0.008339 0.777885 99 115 40 
0.072559 0.076887 0.750309 145 159 103 
-0.008662 0.249923 0.678824 95 106 42 
0.110947 -0.000092 0.776239 159 173 122 
0.066575 0.025525 0.796838 126 116 60 
0.057999 0.117998 0.725001 79 88 30 
0.097143 0.004347 0.781974 121 116 58 
0.174636 -0.136630 0.825938 207 202 149 
0.144988 -0.076814 0.799045 84 96 33 
0.019792 0.070376 0.791039 216 202 167 
0.005033 0.212777 0.682635 106 108 57 
0.106503 -0.018402 0.781611 76 83 36 
0.066357 0.014460 0.791201 83 64 31 
0.055003 0.077527 0.747827 115 129 80 
-0.011500 0.230031 0.679664 127 120 63 
0.104038 -0.023588 0.784711 65 74 33 
-0.004840 0.219348 0.678804 100 106 48 
-0.017231 0.231838 0.679709 103 105 40 
0.018682 0.119196 0.738612 105 95 48 
-0.068709 0.282654 0.680420 209 204 157 
0.119766 -0.052171 0.787239 107 108 36 
0.165310 -0.156328 0.830232 171 179 134 
0.128567 -0.074025 0.794132 48 61 10 
0.033230 0.038309 0.786302 110 118 66 
0.118891 -0.058273 0.786082 110 116 40 
0.083584 -0.009241 0.776787 164 175 98 
0.038276 0.024635 0.789426 179 185 134 
0.017263 0.091898 0.751683 115 113 52 
0.009954 0.096670 0.754307 148 154 90 
-0.000392 0.111744 0.750987 152 134 71 
-0.047152 0.243000 0.682580 218 200 160 
0.011461 0.091122 0.753799 171 178 137 
-0.017120 0.211005 0.678545 126 136 66 
0.153842 -0.153531 0.827715 93 102 45 
0.132877 -0.121946 0.816445 166 162 107 
0.014943 0.045958 0.781003 167 164 99 
0.116347 -0.086778 0.798157 93 108 34 
0.090915 -0.035211 0.777593 83 97 40 
0.043098 0.007283 0.784518 102 93 35 
0.035455 0.013404 0.786186 131 128 62 
0.007557 0.049064 0.781130 170 166 105 
-0.003380 0.129398 0.723601 81 86 29 
-0.078175 0.265734 0.675947 76 79 27 
-0.090546 0.277155 0.677382 111 116 61 
-0.097089 0.283048 0.678263 201 200 172 
0.143259 -0.156779 0.829302 151 143 119 
0.139781 -0.151379 0.827866 52 64 16 
0.120580 -0.107563 0.808239 112 109 50 
-0.006782 0.077248 0.766413 151 148 95 
-0.004586 0.081081 0.761273 112 119 58 
-0.092298 0.275893 0.676078 122 125 58 
0.048546 -0.001211 0.779352 147 162 93 
0.019253 0.027453 0.781189 122 125 66 
0.096730 -0.063979 0.785786 71 77 22 
0.103000 -0.080429 0.790452 159 177 103 
-0.074095 0.240724 0.677831 136 145 88 
-0.084660 0.245887 0.675040 84 96 58 
0.106762 -0.124219 0.812794 161 185 105 
0.095055 -0.114854 0.811487 89 95 35 
0.052895 -0.028493 0.776278 119 110 54 
0.050023 -0.024565 0.775482 95 92 35 
0.019968 0.007395 0.774667 145 169 86 
-0.034826 0.153181 0.701389 51 59 9 
0.104670 -0.141437 0.821623 163 190 103 
0.028512 -0.004014 0.773137 51 59 14 
-0.032396 0.084334 0.752000 199 200 175 
-0.059424 0.194684 0.684407 96 106 40 
-0.091339 0.225476 0.686014 222 220 185 
0.079155 -0.089997 0.797408 77 82 26 
0.099172 -0.159855 0.834151 113 124 55 
-0.022350 0.039474 0.772640 140 145 96 
-0.038938 0.096290 0.740139 154 151 98 
-0.047557 0.156633 0.698156 94 111 62 
0.089633 -0.139014 0.821538 193 191 150 
-0.115173 0.228421 0.691897 206 208 177 
0.057774 -0.070849 0.788866 121 137 76 
0.045054 -0.034667 0.769970 108 108 53 
-0.030333 0.041234 0.770211 177 184 130 
-0.031994 0.047604 0.766410 127 135 66 
-0.047823 0.142004 0.702894 63 69 12 
-0.069480 0.180900 0.689117 121 145 52 
-0.119419 0.245302 0.677836 150 155 95 
-0.113459 0.251275 0.668116 170 182 107 
0.067431 -0.113025 0.811550 136 122 75 
-0.046702 0.080428 0.748081 181 186 116 
-0.046668 0.116789 0.718667 138 137 80 
-0.030471 0.027945 0.773507 146 144 94 
-0.039899 0.033196 0.773101 171 158 98 
-0.121610 0.250165 0.664265 248 247 246 
0.045819 -0.087264 0.797528 88 89 34 
0.018640 -0.024323 0.768733 126 133 89 
0.068262 -0.158430 0.833123 98 110 69 
-0.012548 0.000680 0.769897 92 97 41 
-0.028066 0.015422 0.770411 106 112 59 
-0.060882 0.111157 0.716142 79 92 32 
-0.069705 0.126844 0.706895 73 82 31 
-0.071734 0.133115 0.703489 154 163 110 
-0.130782 0.228132 0.674070 141 149 134 
0.058643 -0.161269 0.832246 153 162 83 
-0.063675 0.075837 0.739071 106 120 64 
-0.064410 0.077974 0.737945 90 107 58 
-0.099318 0.175990 0.687240 195 195 155 
-0.106661 0.199097 0.674597 105 114 59 
0.002499 -0.031121 0.768960 191 199 139 
-0.069269 0.105680 0.716038 127 139 80 
0.014474 -0.056817 0.776514 126 132 69 
0.039682 -0.112613 0.797746 68 78 23 
-0.060505 0.013489 0.767317 159 156 115 
-0.121580 0.174148 0.687231 132 134 91 
0.031622 -0.117028 0.796821 61 75 12 
0.018158 -0.088669 0.784695 144 160 80 
-0.019821 -0.021308 0.760388 154 169 92 
0.033423 -0.185738 0.845692 186 195 153 
-0.090333 0.082446 0.728255 67 76 31 
0.022923 -0.149937 0.821968 135 156 90 
0.023002 -0.127297 0.804259 106 119 60 
-0.071792 0.011648 0.766059 97 104 46 
-0.126238 0.131109 0.713201 181 184 134 
0.026727 -0.179949 0.838971 186 190 127 
-0.110056 0.050708 0.760108 208 192 141 
0.009850 -0.159033 0.824360 202 206 167 
-0.004249 -0.089434 0.780765 96 111 63 
-0.031127 -0.042058 0.763554 89 109 27 
-0.076008 -0.003828 0.762724 168 171 114 
-0.141779 0.057508 0.762580 224 203 159 
-0.143907 0.084423 0.743362 240 236 226 
0.007734 -0.177742 0.833182 146 156 111 
-0.000961 -0.189011 0.840842 214 212 168 
-0.071369 -0.020797 0.761580 99 109 44 
-0.090015 -0.003635 0.761549 174 180 120 
-0.117384 0.008153 0.768012 216 218 190 
-0.010089 -0.134642 0.798635 116 131 59 
-0.038880 -0.083917 0.776445 124 136 71 
-0.059651 -0.052598 0.766956 93 100 41 
-0.015459 -0.199034 0.844217 80 90 46 
-0.026320 -0.120236 0.788403 150 174 91 
-0.106174 -0.012896 0.761513 221 219 193 
-0.167161 0.023405 0.775545 240 241 238 
-0.037375 -0.109513 0.784312 107 112 63 
-0.083718 -0.042385 0.764959 95 111 41 
-0.100038 -0.024293 0.758723 156 167 106 
-0.036314 -0.160091 0.814683 206 204 156 
-0.040000 -0.128091 0.793088 101 106 45 
-0.042720 -0.172124 0.824433 69 89 43 
-0.099569 -0.040389 0.763322 191 190 166 
-0.102296 -0.044103 0.764320 66 79 32 
-0.052979 -0.157246 0.812953 209 199 148 
-0.074254 -0.125479 0.796031 188 196 121 
-0.076414 -0.172835 0.829014 63 72 35 
-0.085160 -0.093151 0.775514 157 180 102 
-0.096197 -0.086415 0.774056 131 146 69 
-0.086640 -0.202410 0.850152 222 221 222 
-0.103642 -0.106055 0.779095 85 99 44 
-0.161313 -0.150040 0.839575 235 234 217 
0.165399 0.284372 0.747972 207 200 174 
0.129091 0.297202 0.752124 192 187 156 
0.176405 0.266762 0.727367 116 117 70 
0.159650 0.273861 0.742129 151 150 108 
0.201492 0.240301 0.728980 101 110 64 
0.191424 0.247827 0.730667 116 121 61 
0.185332 0.254108 0.727976 142 146 86 
0.169205 0.266877 0.729143 72 81 44 
0.192087 0.244028 0.732269 102 109 54 
0.172192 0.260441 0.726879 111 111 56 
0.145043 0.270318 0.747750 170 157 124 
0.098189 0.303965 0.741236 180 174 137 
0.115082 0.278910 0.753250 160 152 101 
0.109849 0.283053 0.753516 153 147 102 
0.153152 0.250311 0.737629 129 136 95 
0.150367 0.254185 0.734415 80 72 35 
0.130792 0.258415 0.747163 67 50 24 
0.124694 0.261222 0.751398 98 82 48 
0.183294 0.229996 0.714153 156 156 62 
0.099076 0.281572 0.746946 130 115 76 
0.185221 0.226243 0.713539 154 160 65 
0.161121 0.232022 0.730183 101 107 57 
0.173437 0.210421 0.718165 132 147 78 
0.110840 0.255358 0.727564 129 125 64 
0.170018 0.210293 0.718680 121 141 72 
0.157310 0.224400 0.711470 66 77 36 
0.122200 0.256115 0.700085 82 78 35 
0.067198 0.288841 0.720241 166 158 117 
0.186681 0.185429 0.730219 158 172 96 
0.133435 0.236937 0.713845 103 97 55 
0.211653 0.148223 0.756541 96 102 56 
0.190260 0.174609 0.735083 114 107 64 
0.179695 0.182318 0.731607 155 170 84 
0.113759 0.237996 0.725613 66 47 13 
0.219963 0.120960 0.778645 139 139 96 
0.168023 0.191369 0.727305 91 87 41 
0.166745 0.192674 0.726792 99 92 49 
0.110513 0.260762 0.681016 133 144 91 
0.113641 0.254515 0.683141 107 117 36 
0.089467 0.271251 0.687206 147 154 98 
0.186678 0.163515 0.736248 178 186 125 
0.128814 0.227817 0.704093 71 83 40 
0.101856 0.258436 0.687975 112 122 79 
0.030846 0.302394 0.708652 192 190 136 
0.150998 0.203377 0.711544 119 120 65 
0.114955 0.249445 0.681284 58 60 19 
0.153717 0.190872 0.724699 99 92 45 
0.134910 0.220232 0.699925 111 99 66 
0.115465 0.236748 0.697831 99 90 48 
0.084052 0.269894 0.683461 97 110 53 
0.142550 0.197377 0.719479 116 109 75 
0.200797 0.080455 0.834041 203 186 142 
0.129815 0.213579 0.700218 87 89 39 
0.125850 0.217421 0.698983 69 80 38 
0.221190 0.062210 0.827885 199 187 147 
0.164569 0.164173 0.728177 62 65 27 
0.120906 0.217347 0.696780 70 76 42 
0.110356 0.235451 0.680582 132 146 90 
0.219948 0.059790 0.823629 193 182 142 
0.063272 0.265067 0.687767 122 112 58 
0.182766 0.080288 0.832344 205 190 144 
0.112245 0.226477 0.684334 107 111 48 
0.176653 0.082047 0.827257 203 186 143 
0.130461 0.189138 0.713140 39 51 18 
0.108759 0.223820 0.684534 104 100 48 
0.192361 0.118949 0.744363 112 129 49 
0.184425 0.128794 0.738462 153 174 94 
-0.034336 0.296598 0.740542 176 167 126 
0.212995 0.038835 0.836640 160 158 111 
0.182667 0.057326 0.844315 200 187 145 
0.213618 0.023467 0.855095 181 177 139 
0.156681 0.148549 0.728077 129 136 81 
-0.022936 0.284347 0.731848 165 150 99 
0.180858 0.118159 0.742165 140 142 87 
-0.022912 0.284134 0.727524 166 150 99 
0.178054 0.049729 0.846915 149 147 102 
0.039307 0.258615 0.688630 108 102 54 
0.118146 0.169586 0.728403 67 74 28 
-0.013096 0.276478 0.718612 122 98 38 
0.193550 0.032583 0.845291 183 182 145 
0.180990 0.042324 0.845082 186 183 148 
0.101064 0.207934 0.685491 176 187 146 
0.062823 0.232067 0.693294 117 108 54 
-0.045521 0.289149 0.732651 103 104 57 
0.172277 0.091862 0.775129 207 190 147 
0.049602 0.243948 0.686403 92 101 51 
0.200394 0.015105 0.854244 156 154 94 
0.155225 0.127945 0.735845 54 62 16 
0.114886 0.162180 0.730582 98 96 45 
0.104521 0.192980 0.696002 57 70 31 
0.153612 0.053514 0.845230 158 152 108 
0.050623 0.235940 0.689005 84 95 30 
0.099785 0.169994 0.727563 67 74 35 
0.093516 0.199494 0.690631 82 90 48 
0.075134 0.215013 0.688315 99 98 51 
0.167819 0.095924 0.756664 129 132 92 
0.116846 0.154107 0.727695 101 94 41 
0.097946 0.181008 0.709044 78 83 37 
0.098050 0.182547 0.706642 49 54 17 
0.075461 0.212362 0.687818 91 90 43 
-0.001481 0.260452 0.703087 141 129 73 
0.208616 0.004729 0.841423 142 162 79 
0.163406 0.097077 0.755633 169 160 112 
-0.093232 0.306534 0.733391 183 173 133 
0.190281 0.031971 0.817138 135 118 78 
0.153891 0.042671 0.841834 163 158 114 
0.163853 0.082400 0.772438 134 143 56 
0.071130 0.210929 0.686680 138 160 91 
0.167837 0.039655 0.826135 143 134 81 
0.063480 0.214770 0.685490 111 119 61 
0.029695 0.238392 0.688244 75 83 36 
0.156361 0.073058 0.785594 174 177 125 
0.125939 0.131302 0.734318 101 111 74 
0.085544 0.189556 0.693944 94 93 41 
0.069056 0.206823 0.686918 148 170 105 
-0.061501 0.288336 0.711462 122 124 79 
0.094173 0.174391 0.702467 157 169 99 
0.213608 -0.019165 0.847555 160 153 111 
0.195198 0.017240 0.815135 173 182 117 
0.180704 0.032439 0.808947 80 77 30 
0.152775 0.081890 0.768063 132 143 99 
0.142927 0.095861 0.758625 83 96 53 
0.141986 0.097451 0.757356 87 99 57 
0.136005 0.104900 0.753114 201 189 151 
0.072637 0.195968 0.690701 72 84 38 
0.012958 0.238212 0.694431 104 96 57 
0.184539 0.026750 0.808534 51 62 24 
0.147622 0.061892 0.797894 131 147 75 
0.146579 0.081375 0.766913 132 139 109 
0.116628 0.124274 0.737834 160 167 121 
0.018535 0.232790 0.688038 81 86 43 
-0.041987 0.271746 0.697087 124 134 70 
0.101257 0.145239 0.720326 168 184 119 
-0.029370 0.263062 0.691849 76 86 33 
0.182913 0.018485 0.808760 125 135 56 
0.091275 0.146932 0.724377 106 119 38 
-0.025723 0.256103 0.693689 58 68 26 
-0.058318 0.277625 0.697636 69 79 44 
0.198973 -0.028373 0.853167 166 154 118 
0.183073 0.012896 0.812043 102 96 53 
0.075194 0.160806 0.717669 115 104 50 
0.164927 0.027619 0.805982 128 130 74 
0.161054 0.030141 0.806482 76 85 44 
0.138197 0.045859 0.808270 145 148 89 
0.090798 0.139371 0.727287 91 92 34 
0.216929 -0.037478 0.838245 146 147 96 
0.128630 0.077130 0.770448 163 153 114 
0.098733 0.115363 0.748284 97 100 42 
0.070952 0.164099 0.709423 102 111 53 
0.002956 0.206306 0.720897 122 116 55 
0.222274 -0.047785 0.842557 107 122 54 
0.185956 -0.008450 0.821112 109 116 67 
0.009451 0.197910 0.717534 141 126 87 
0.131281 0.036253 0.810919 150 167 80 
0.126501 0.043049 0.806477 162 180 83 
0.059875 0.169778 0.701007 122 109 67 
0.000364 0.197513 0.718991 103 94 33 
-0.103737 0.284473 0.705241 197 190 159 
0.195778 -0.029874 0.827305 113 123 65 
0.150970 0.016751 0.808957 104 113 61 
0.105531 0.058174 0.798243 142 151 111 
0.069383 0.136013 0.729265 127 134 89 
0.065803 0.138687 0.729214 38 49 11 
-0.072609 0.262081 0.700327 145 160 60 
-0.074109 0.263525 0.699870 120 136 51 
-0.097215 0.279778 0.700902 188 179 134 
0.197243 -0.032096 0.824523 106 114 56 
0.130254 0.023483 0.816052 141 136 79 
-0.007455 0.212461 0.698520 80 80 34 
-0.021390 0.222129 0.699295 74 84 28 
0.156860 -0.000209 0.808690 121 131 81 
0.077210 0.104362 0.747609 145 138 84 
0.051829 0.147998 0.714540 135 138 83 
-0.021537 0.214994 0.696962 77 84 47 
0.211782 -0.070831 0.844508 183 173 140 
0.102447 0.019506 0.830738 103 95 48 
0.087783 0.045234 0.811029 125 141 82 
0.147804 0.002419 0.805464 120 120 70 
0.081039 0.093731 0.749795 169 170 132 
0.134187 0.008153 0.806692 83 93 36 
0.047855 0.126125 0.735067 164 150 104 
-0.038664 0.217431 0.698254 170 158 108 
0.222801 -0.086033 0.841005 165 164 111 
0.030578 0.145743 0.721949 89 100 54 
-0.017729 0.203753 0.692336 78 87 29 
0.046313 0.116050 0.741520 207 189 140 
0.020733 0.147782 0.724574 89 96 26 
0.002722 0.165071 0.719139 122 115 61 
-0.070918 0.238746 0.693076 94 100 41 
0.047332 0.111411 0.742516 134 131 74 
-0.005613 0.175723 0.709280 108 110 45 
-0.030901 0.207674 0.691827 110 103 44 
0.214980 -0.085701 0.835206 169 183 119 
-0.003913 0.164801 0.717714 97 92 28 
0.222135 -0.120976 0.869173 143 147 83 
-0.010379 0.174093 0.707925 75 75 27 
-0.020232 0.192030 0.694211 65 75 25 
0.116298 0.002292 0.805573 102 112 48 
-0.100209 0.250165 0.685783 193 193 159 
0.125726 -0.002239 0.790466 110 103 55 
0.049002 0.066371 0.769456 127 140 89 
0.215723 -0.116235 0.843616 193 193 156 
0.099002 -0.002217 0.805868 117 122 68 
-0.037175 0.175801 0.706528 88 98 19 
-0.049628 0.193738 0.695407 107 116 66 
-0.094400 0.220553 0.701723 182 185 150 
-0.104848 0.232435 0.696283 209 205 172 
0.213681 -0.118761 0.844369 182 176 140 
0.159219 -0.043393 0.799647 90 100 70 
0.111156 -0.006051 0.795854 30 39 15 
0.037759 0.057904 0.781586 154 162 112 
0.214555 -0.163910 0.894447 198 198 160 
0.166604 -0.054637 0.802963 151 152 114 
0.026119 0.022859 0.830228 100 95 50 
-0.000285 0.135018 0.716586 117 112 55 
-0.043253 0.170709 0.710335 104 115 44 
-0.043788 0.172297 0.708866 111 121 40 
-0.109325 0.248503 0.672841 103 111 52 
0.206305 -0.114185 0.836981 196 196 153 
0.179763 -0.066735 0.802334 121 107 64 
-0.055739 0.184274 0.700796 109 120 58 
0.214804 -0.171404 0.894618 189 192 153 
0.184503 -0.086300 0.817931 101 111 38 
0.020752 0.069502 0.769991 171 163 107 
0.004705 0.100633 0.746176 98 107 44 
-0.116164 0.230794 0.692522 170 175 151 
0.179234 -0.079766 0.810575 125 139 55 
0.200596 -0.127842 0.846005 181 188 127 
0.186760 -0.097212 0.821106 171 176 106 
0.145666 -0.048869 0.798032 91 96 47 
0.143034 -0.045458 0.796180 68 65 27 
0.097639 -0.013412 0.796178 103 96 55 
0.044937 0.016168 0.801156 176 186 127 
-0.054728 0.162414 0.710867 66 75 20 
-0.120887 0.230767 0.685052 205 205 173 
0.188440 -0.115142 0.832980 215 207 171 
-0.002048 0.072659 0.765360 193 180 133 
-0.076322 0.175429 0.705806 157 176 95 
-0.126079 0.232210 0.680101 124 135 76 
-0.139225 0.239537 0.682338 134 157 93 
0.184251 -0.120159 0.834306 102 113 45 
0.181534 -0.113332 0.828544 102 108 50 
0.159313 -0.073807 0.800500 153 167 81 
0.064625 -0.005907 0.798680 108 97 45 
0.021492 0.018853 0.805076 111 101 52 
-0.100228 0.191435 0.702883 137 140 72 
0.132507 -0.059378 0.801659 120 121 74 
0.114430 -0.032483 0.785053 132 117 77 
-0.019214 0.089372 0.751978 79 86 35 
-0.023558 0.094118 0.749988 70 83 33 
-0.056720 0.148128 0.714085 75 88 25 
0.176644 -0.100449 0.809648 121 124 54 
0.016520 0.052405 0.762015 176 197 116 
-0.011605 0.065976 0.769045 66 79 29 
-0.022352 0.071797 0.767007 177 166 108 
0.013927 0.022706 0.790458 130 139 49 
-0.053311 0.102383 0.752648 228 220 189 
-0.049192 0.116681 0.732936 153 156 98 
-0.129765 0.172705 0.732945 169 172 113 
-0.136510 0.226087 0.677019 173 192 99 
-0.065906 0.143006 0.712279 84 92 35 
-0.144333 0.174987 0.737948 187 188 149 
0.164602 -0.116733 0.822374 74 80 36 
0.155404 -0.097881 0.808176 97 112 53 
0.111791 -0.053712 0.792297 134 150 61 
0.073935 -0.023717 0.788007 64 71 21 
-0.049457 0.084823 0.761772 197 183 134 
0.115579 -0.065185 0.798484 155 173 63 
-0.049963 0.075194 0.769134 156 156 89 
-0.077858 0.143641 0.713464 211 205 179 
-0.144058 0.161262 0.745344 158 159 87 
0.133738 -0.096932 0.816292 116 115 56 
0.126915 -0.087975 0.811503 132 135 89 
-0.014897 0.031573 0.787063 118 117 45 
-0.129853 0.154309 0.738140 200 203 169 
-0.134827 0.185160 0.707235 121 137 61 
0.137468 -0.103251 0.816603 116 121 60 
-0.155393 0.164178 0.742877 188 188 148 
0.176005 -0.152080 0.837665 149 164 94 
0.120256 -0.085988 0.806657 105 112 55 
-0.039831 0.040227 0.788605 164 158 114 
0.098554 -0.064031 0.794953 96 91 49 
0.030548 -0.014952 0.792262 88 98 53 
0.021429 -0.002573 0.785457 75 91 35 
-0.166128 0.188262 0.716374 108 112 83 
0.175010 -0.160567 0.840017 52 59 28 
0.173648 -0.158643 0.838920 103 108 57 
0.096134 -0.066479 0.795678 55 65 17 
-0.157161 0.180652 0.714154 134 142 98 
-0.063153 0.067837 0.763829 181 181 145 
-0.074977 0.100988 0.736220 120 127 88 
0.085759 -0.061757 0.790660 109 128 69 
-0.063764 0.060044 0.768937 128 138 70 
0.122868 -0.116258 0.818782 82 87 27 
-0.130523 0.127348 0.741180 110 115 52 
0.071960 -0.061870 0.793424 132 142 80 
0.057078 -0.050251 0.791786 109 113 42 
0.021644 -0.019677 0.784724 114 131 69 
0.014456 -0.013552 0.783375 160 172 103 
-0.008040 -0.002509 0.787981 95 94 49 
-0.088357 0.101703 0.734055 101 111 47 
0.170563 -0.187932 0.853645 236 238 229 
0.148780 -0.149733 0.828312 54 64 26 
-0.092533 0.036078 0.804311 218 209 170 
0.160894 -0.170935 0.838477 181 189 138 
0.055952 -0.064059 0.796045 64 72 28 
0.147336 -0.169355 0.835011 149 162 76 
-0.153018 0.096628 0.767088 207 211 181 
0.150224 -0.180298 0.840705 194 204 162 
-0.070667 0.014235 0.791799 75 78 33 
-0.126224 0.090906 0.750174 131 144 95 
0.129286 -0.165057 0.835591 110 116 56 
0.096886 -0.134040 0.825790 115 128 86 
0.095298 -0.132308 0.825086 129 137 93 
-0.162014 0.097989 0.764120 227 224 208 
0.115352 -0.159249 0.835431 162 165 88 
-0.045477 -0.004049 0.785474 149 145 70 
-0.064605 0.004737 0.789665 89 101 49 
-0.131379 0.073163 0.760863 203 205 174 
-0.130276 0.081735 0.751157 177 183 134 
0.133601 -0.188985 0.846035 178 199 107 
0.042038 -0.078977 0.795107 89 100 34 
-0.145668 0.061678 0.778811 205 188 144 
-0.003536 -0.036343 0.778588 162 180 82 
0.006872 -0.054482 0.786423 123 114 54 
-0.002132 -0.044116 0.781900 69 83 26 
0.087998 -0.154676 0.830347 171 181 133 
-0.020216 -0.024659 0.770490 174 189 118 
-0.017374 -0.029195 0.769506 158 172 93 
-0.052722 -0.016460 0.780319 199 194 149 
-0.017384 -0.032684 0.769375 94 99 37 
-0.167168 0.062081 0.773348 178 179 147 
0.054024 -0.132162 0.818819 169 177 117 
-0.061799 -0.017878 0.780257 73 83 19 
-0.106283 0.009605 0.782037 170 174 125 
0.046793 -0.126492 0.814109 126 140 72 
0.006131 -0.078002 0.792149 58 67 18 
0.071665 -0.172558 0.836375 186 199 125 
-0.024880 -0.053074 0.780076 86 92 27 
-0.075037 -0.019797 0.779564 142 151 87 
-0.077462 -0.018407 0.779759 150 149 81 
-0.091137 -0.012004 0.782283 135 148 98 
0.049568 -0.161355 0.828141 105 120 55 
-0.006405 -0.087515 0.791193 140 137 80 
-0.122088 -0.006183 0.785034 79 87 25 
-0.153560 0.001649 0.797438 197 197 161 
-0.047637 -0.051161 0.778040 169 188 119 
0.007441 -0.108069 0.795180 78 91 31 
-0.037144 -0.077753 0.793709 233 222 186 
0.013042 -0.125013 0.804476 203 197 154 
0.042865 -0.182352 0.837724 190 198 135 
-0.006145 -0.104692 0.793064 105 120 43 
0.028614 -0.185909 0.842362 216 220 204 
0.016602 -0.176335 0.840557 193 195 153 
-0.007836 -0.122498 0.800214 115 125 69 
-0.099582 -0.037210 0.774737 143 149 92 
-0.083440 -0.071115 0.786092 208 211 192 
-0.122554 -0.043260 0.783236 179 181 145 
-0.093644 -0.066871 0.784495 143 122 89 
-0.043415 -0.124291 0.804846 166 171 95 
-0.084502 -0.084389 0.791801 110 125 64 
-0.130498 -0.051651 0.788364 240 239 234 
-0.035267 -0.137289 0.808482 92 101 32 
-0.113219 -0.084783 0.794092 153 173 91 
-0.089685 -0.111599 0.801491 159 161 100 
-0.125646 -0.085197 0.794152 154 170 117 
-0.124773 -0.124072 0.817665 192 198 175 
-0.125271 -0.113022 0.807982 94 105 43 
-0.140064 -0.126028 0.820305 240 236 232 
-0.149039 -0.110896 0.811718 115 110 100 
-0.153480 -0.161414 0.855364 232 229 205 
-0.114752 -0.167815 0.832241 213 210 181 
-0.001783 0.307175 0.722077 200 193 164 
-0.064438 0.307532 0.727506 177 170 141 
-0.034118 0.305357 0.725933 201 194 165 
0.114862 0.303946 0.743790 192 186 156 
-0.111700 0.303322 0.724707 163 154 113 
0.170399 0.299886 0.746746 189 181 150 
0.145383 0.297928 0.749611 219 211 187 
0.115304 0.297847 0.747136 180 175 143 
-0.047223 0.297166 0.727159 166 158 122 
0.167229 0.295402 0.736944 112 114 75 
0.037094 0.294088 0.698201 143 138 102 
0.156209 0.293750 0.749534 217 211 184 
-0.122955 0.292640 0.715456 182 173 145 
0.063709 0.290174 0.699773 145 136 92 
0.013390 0.288663 0.718473 182 177 145 
-0.111268 0.288395 0.710872 172 160 122 
-0.132760 0.288379 0.710697 191 186 157 
0.005243 0.286507 0.714188 144 139 100 
0.073953 0.284093 0.693945 54 56 20 
0.001505 0.284328 0.707940 159 156 119 
-0.136305 0.284178 0.707041 185 180 152 
0.162962 0.283267 0.748458 193 186 162 
0.045534 0.282108 0.695190 154 149 119 
0.027142 0.280099 0.695395 136 137 84 
-0.030159 0.280251 0.709270 145 154 83 
-0.131198 0.277959 0.702927 189 179 150 
0.109399 0.276410 0.708491 165 157 122 
-0.008002 0.276066 0.697125 136 131 94 
-0.101822 0.275755 0.684995 83 98 27 
0.067963 0.274040 0.678340 50 66 22 
-0.027364 0.274069 0.702992 167 156 127 
-0.009866 0.272024 0.694870 83 90 47 
0.106969 0.270317 0.698523 56 65 22 
0.079946 0.270162 0.676061 124 136 70 
-0.125617 0.269701 0.687584 76 85 45 
-0.131701 0.269682 0.686635 97 107 72 
0.139874 0.268445 0.723935 103 102 60 
-0.106956 0.267721 0.678905 94 100 37 
-0.103412 0.265734 0.681496 112 122 71 
0.025388 0.264090 0.692888 124 116 73 
0.014653 0.264028 0.700560 163 153 120 
-0.149969 0.261658 0.667775 93 113 58 
0.186439 0.260344 0.727302 147 148 78 
-0.033425 0.259953 0.683252 71 86 34 
-0.087412 0.257618 0.694865 97 72 27 
-0.091296 0.257624 0.693093 121 103 60 
0.199754 0.256384 0.718990 77 82 43 
0.089204 0.256180 0.702080 104 93 54 
-0.085447 0.255575 0.695449 110 87 50 
-0.093277 0.255590 0.692205 140 128 92 
-0.133036 0.251384 0.689571 123 119 81 
-0.141373 0.251514 0.680853 114 124 62 
0.095074 0.250363 0.691221 48 52 24 
0.046325 0.248291 0.684319 101 96 46 
0.017404 0.247983 0.691189 35 43 15 
0.179535 0.245697 0.731718 133 128 74 
0.170754 0.245728 0.728900 108 97 52 
-0.019919 0.245763 0.691532 116 111 81 
-0.027477 0.245907 0.684748 95 111 48 
-0.085534 0.245340 0.694850 36 38 21 
0.009003 0.243819 0.693744 114 99 67 
-0.102655 0.243479 0.685162 145 126 87 
0.170230 0.241722 0.723457 87 73 46 
-0.089536 0.241258 0.693162 60 72 30 
0.150140 0.239962 0.710956 99 88 48 
-0.007863 0.239556 0.696456 120 109 63 
-0.066418 0.239309 0.693879 109 88 46 
0.145796 0.237993 0.708036 117 111 69 
0.089771 0.237846 0.702989 82 90 28 
0.013545 0.237945 0.688124 89 87 37 
-0.007844 0.237513 0.696296 121 110 58 
-0.051099 0.237493 0.689895 87 82 46 
-0.066208 0.237309 0.692416 99 78 35 
0.141524 0.236015 0.705612 107 113 57 
0.020034 0.236175 0.682720 92 96 61 
0.105032 0.234868 0.678966 147 166 112 
0.101101 0.234786 0.680292 100 103 45 
0.067023 0.233841 0.697382 79 91 37 
0.056755 0.234333 0.684269 101 114 40 
0.030265 0.232170 0.683751 110 102 64 
-0.070248 0.231185 0.690778 87 75 29 
-0.074640 0.231113 0.691740 130 136 85 
-0.143139 0.230232 0.701193 195 188 156 
0.091644 0.228232 0.690409 55 59 33 
-0.003584 0.227285 0.695818 93 107 46 
-0.117872 0.227469 0.676083 119 123 56 
-0.130820 0.226879 0.685974 96 104 57 
0.165872 0.225410 0.715702 131 144 89 
0.161662 0.225404 0.715228 98 109 46 
-0.048878 0.225297 0.688194 95 90 42 
0.093641 0.224409 0.686528 116 113 80 
-0.048909 0.223238 0.688278 66 66 22 
0.091686 0.222350 0.686936 83 81 41 
0.113888 0.220667 0.684250 83 95 52 
0.158022 0.216988 0.716203 72 83 39 
-0.022173 0.217004 0.692654 29 40 7 
-0.051177 0.216997 0.689014 94 115 52 
0.200696 0.214850 0.722366 137 143 71 
0.162345 0.214904 0.716656 113 129 60 
0.126021 0.215209 0.707411 99 109 50 
0.069400 0.212655 0.677915 52 60 18 
0.011074 0.210730 0.697644 194 185 169 
-0.074091 0.210759 0.686643 97 113 58 
-0.107905 0.209077 0.706008 174 164 121 
-0.124453 0.207859 0.721024 176 158 120 
0.023514 0.208464 0.701671 102 99 42 
0.002159 0.208067 0.704404 89 106 44 
-0.011081 0.207572 0.709468 161 151 125 
-0.123467 0.206032 0.716459 111 107 62 
-0.160459 0.204707 0.729821 90 96 41 
0.053126 0.207562 0.689739 117 129 81 
-0.092703 0.205823 0.694690 147 137 80 
-0.110670 0.202497 0.707965 94 92 40 
0.131366 0.202116 0.715330 117 111 72 
0.124594 0.202523 0.709552 111 127 65 
0.071581 0.204819 0.675195 114 125 69 
0.150861 0.199803 0.720025 142 144 92 
-0.013913 0.200337 0.694224 157 169 88 
-0.015738 0.198484 0.691294 140 137 89 
-0.091913 0.196877 0.700784 137 113 66 
0.186620 0.196016 0.719085 119 126 77 
-0.136357 0.194769 0.695404 134 138 95 
0.127269 0.193858 0.712695 100 100 51 
-0.144544 0.191993 0.701484 175 176 136 
0.072104 0.192859 0.694660 67 77 42 
-0.027321 0.193006 0.681724 108 126 52 
-0.055803 0.191917 0.689898 113 113 52 
-0.081297 0.191680 0.689472 89 104 50 
0.082825 0.188005 0.702721 88 96 47 
0.021159 0.186479 0.710932 103 102 49 
0.196633 0.184877 0.725415 188 191 78 
-0.165238 0.181327 0.719173 163 165 125 
0.199168 0.182574 0.727207 148 149 73 
0.070321 0.183608 0.703065 23 30 6 
-0.120668 0.177333 0.741017 212 205 180 
0.136608 0.180763 0.717153 51 58 26 
-0.033362 0.180929 0.696770 130 119 82 
-0.051497 0.181579 0.688774 116 112 69 
-0.062150 0.182878 0.675621 133 149 84 
-0.127290 0.179335 0.701035 183 178 137 
0.068324 0.179185 0.704581 87 89 43 
-0.054687 0.180238 0.681540 106 109 54 
-0.140333 0.177111 0.700205 133 148 76 
0.115611 0.176117 0.718059 102 97 44 
0.021443 0.176150 0.707433 109 104 53 
-0.078800 0.175970 0.698017 66 69 37 
0.083299 0.174793 0.707437 112 103 62 
-0.167605 0.171286 0.710121 135 146 97 
0.117976 0.171707 0.719195 80 78 38 
0.087804 0.168112 0.710136 129 116 76 
-0.028228 0.166842 0.707839 111 117 66 
-0.052347 0.166158 0.693614 56 60 24 
0.183802 0.160371 0.730089 139 147 104 
0.177325 0.160327 0.729729 69 78 31 
0.156420 0.159380 0.734635 123 106 64 
0.105359 0.161050 0.716641 160 138 116 
0.181962 0.155902 0.730580 112 124 77 
-0.117569 0.152484 0.723732 37 44 15 
-0.144283 0.149859 0.739905 207 199 162 
0.171561 0.149145 0.730674 115 126 71 
0.062595 0.149255 0.718560 124 144 67 
0.026036 0.150352 0.707254 71 83 38 
-0.034591 0.146926 0.724334 104 102 46 
0.149866 0.146882 0.728823 112 123 80 
0.128042 0.142758 0.724698 93 103 62 
0.114741 0.143274 0.719989 59 69 13 
0.108215 0.143319 0.719025 145 164 96 
0.095358 0.142778 0.721199 45 51 18 
0.028186 0.143540 0.709333 130 130 65 
-0.131848 0.138581 0.724882 119 110 80 
0.161200 0.140139 0.730750 111 100 71 
-0.025945 0.137741 0.726728 82 94 42 
-0.050521 0.137480 0.725855 60 74 17 
-0.078888 0.137883 0.720371 135 130 84 
-0.105087 0.136363 0.727338 123 122 60 
-0.153943 0.136469 0.721635 79 85 49 
0.174666 0.137696 0.733552 115 124 60 
0.143390 0.138513 0.725242 87 108 40 
0.012909 0.138579 0.711434 79 96 29 
-0.026090 0.135278 0.728050 93 103 48 
0.191102 0.132417 0.740248 85 97 26 
0.154730 0.133767 0.728385 142 148 86 
0.093990 0.129729 0.733015 135 147 83 
-0.154779 0.127056 0.723571 209 207 177 
0.198950 0.126968 0.746665 180 184 57 
-0.029759 0.123991 0.740851 99 113 68 
-0.062579 0.125219 0.730337 46 50 18 
-0.121128 0.123121 0.736662 158 157 101 
-0.132899 0.114196 0.746536 189 182 153 
0.099484 0.115635 0.749093 119 129 55 
0.092909 0.114609 0.754068 122 126 63 
0.076731 0.116787 0.740479 65 70 29 
0.124358 0.113641 0.749910 217 209 176 
0.076823 0.114155 0.742362 44 54 9 
0.175852 0.115279 0.734059 151 168 73 
0.029495 0.111282 0.740711 68 86 35 
-0.051108 0.108868 0.745512 181 167 117 
-0.067695 0.110927 0.732880 97 99 59 
0.201974 0.108679 0.759511 229 227 210 
0.081613 0.108278 0.749598 164 160 140 
0.058919 0.110353 0.736435 101 100 29 
-0.121445 0.104945 0.746824 215 210 182 
0.091188 0.103716 0.762165 213 201 163 
0.011498 0.106739 0.738579 153 150 99 
0.000297 0.106963 0.736301 152 143 88 
-0.158811 0.102257 0.744805 211 209 178 
0.098151 0.101486 0.762228 162 150 92 
0.040833 0.101275 0.745753 83 85 34 
-0.156767 0.095621 0.754592 61 61 38 
0.160717 0.094585 0.767573 190 176 131 
0.153297 0.095477 0.762475 217 201 159 
-0.002205 0.096952 0.739883 177 159 112 
0.006706 0.094041 0.743594 117 121 67 
0.200239 0.078355 0.814389 230 216 177 
0.137744 0.087796 0.763863 82 95 55 
0.215848 0.074820 0.820753 123 130 75 
0.206445 0.074280 0.822337 136 140 91 
0.157433 0.083360 0.775397 114 122 74 
0.121562 0.085699 0.761025 139 142 94 
0.182937 0.070226 0.827071 231 217 181 
0.150576 0.080835 0.775310 194 190 161 
0.040909 0.083318 0.753194 118 122 53 
0.108068 0.080172 0.763293 93 101 46 
0.050170 0.080987 0.753943 170 182 120 
-0.009984 0.080301 0.751162 215 205 172 
-0.149596 0.068199 0.792227 225 209 166 
0.007950 0.073399 0.762391 54 68 29 
0.057212 0.073093 0.758032 81 96 52 
-0.084296 0.064787 0.759304 195 190 161 
-0.151131 0.054376 0.797072 217 207 170 
0.200101 0.050272 0.837629 99 110 52 
-0.021690 0.059799 0.776118 153 151 109 
-0.125944 0.049547 0.809073 203 198 167 
0.176979 0.048864 0.830500 199 195 160 
0.089484 0.049495 0.819415 165 162 119 
0.003322 0.058772 0.762511 98 111 60 
-0.136453 0.043949 0.809810 177 171 124 
0.064691 0.046347 0.808980 158 142 102 
0.017683 0.057493 0.759242 156 178 93 
-0.043585 0.051648 0.777031 158 159 100 
-0.115705 0.042282 0.808051 221 216 186 
0.106169 0.046514 0.802097 146 149 85 
-0.094867 0.047961 0.776922 161 154 108 
-0.159724 0.043298 0.789364 185 179 141 
0.054790 0.036249 0.827851 158 152 114 
0.049737 0.036117 0.827887 168 164 127 
0.157726 0.041349 0.807536 102 110 56 
0.057427 0.031825 0.825018 120 114 66 
0.167169 0.037540 0.803641 167 184 116 
0.081944 0.037283 0.796454 59 73 17 
-0.040714 0.034897 0.793840 128 138 70 
0.008061 0.041357 0.764366 134 131 64 
-0.157732 0.027739 0.800128 197 194 158 
0.150326 0.032465 0.802138 94 105 55 
0.069885 0.032086 0.795865 134 132 79 
-0.125586 0.024796 0.804513 137 143 85 
-0.150624 0.024789 0.802143 216 208 176 
-0.152928 0.022501 0.800762 229 225 198 
0.152986 0.025133 0.801454 86 94 54 
-0.160184 0.017754 0.798411 196 197 168 
0.077512 0.019381 0.796700 107 119 53 
0.065262 0.020091 0.793008 98 107 46 
0.011938 0.021708 0.782179 97 111 63 
0.165327 0.018029 0.800842 152 170 101 
0.080027 0.016772 0.797164 91 100 44 
-0.069604 0.015928 0.785920 137 125 87 
0.140105 0.010517 0.815795 86 83 48 
0.024000 0.015967 0.785768 45 59 7 
0.009575 0.016753 0.781656 55 61 34 
-0.074945 0.012604 0.788102 181 170 154 
-0.080244 0.011913 0.790009 121 124 70 
-0.109874 0.008085 0.800550 194 174 128 
0.110258 0.008201 0.812016 77 92 32 
-0.069425 0.011276 0.784363 127 119 81 
-0.053194 0.012197 0.774019 86 98 45 
0.191205 0.005986 0.809630 208 202 165 
-0.075066 0.004844 0.788298 132 121 81 
0.166489 0.003835 0.805893 123 126 74 
0.070559 0.002775 0.800374 98 101 53 
-0.098521 0.000187 0.793065 138 136 85 
-0.174116 -0.001125 0.790315 233 233 223 
0.164353 -0.001562 0.806542 123 118 57 
0.126680 -0.001071 0.793000 111 108 67 
-0.142141 -0.011782 0.794010 97 104 49 
0.118738 -0.002471 0.780422 92 92 45 
0.075705 -0.008390 0.795289 53 62 21 
-0.031605 -0.005962 0.777432 139 125 84 
-0.038654 -0.005276 0.774577 52 61 20 
-0.068920 -0.007721 0.779540 138 151 91 
-0.094653 -0.009982 0.784345 140 126 89 
0.164555 -0.011203 0.804398 75 87 45 
-0.061040 -0.009016 0.776261 68 82 21 
-0.150814 -0.015052 0.786933 142 149 96 
-0.014609 -0.013831 0.779685 103 99 44 
-0.041018 -0.012654 0.773548 118 120 78 
0.169825 -0.018911 0.804744 128 121 68 
-0.038294 -0.016861 0.771071 86 101 51 
0.225417 -0.025643 0.814627 65 74 31 
0.196549 -0.022499 0.802413 173 172 125 
0.119064 -0.016723 0.777679 136 150 87 
0.088149 -0.021063 0.787916 136 146 95 
0.039345 -0.019875 0.779752 87 101 51 
0.126063 -0.017843 0.774102 88 103 45 
-0.028334 -0.021090 0.769397 154 167 111 
-0.114914 -0.028408 0.783242 180 179 135 
-0.158910 -0.033491 0.786484 148 169 105 
0.093121 -0.027577 0.784840 92 87 60 
0.071239 -0.029806 0.789366 121 125 75 
0.049287 -0.025645 0.775053 66 81 27 
-0.018747 -0.026558 0.771389 76 88 21 
0.199683 -0.035437 0.802663 97 110 54 
0.182880 -0.036650 0.804611 164 156 113 
-0.058321 -0.036004 0.772778 84 92 50 
-0.100030 -0.041025 0.783312 102 109 59 
-0.123094 -0.042245 0.784667 125 133 92 
-0.157627 -0.048965 0.800747 193 195 154 
0.185627 -0.041903 0.804953 118 125 61 
0.020056 -0.037905 0.778147 104 106 47 
-0.089909 -0.043174 0.782909 111 100 58 
-0.115281 -0.044180 0.783413 160 158 101 
0.166252 -0.045613 0.806236 198 203 133 
0.108183 -0.040563 0.786574 71 82 39 
-0.139101 -0.048970 0.787298 182 180 134 
-0.139119 -0.054080 0.786763 63 72 21 
0.191293 -0.052819 0.806667 101 115 49 
-0.050979 -0.048670 0.772739 115 140 59 
0.019857 -0.053421 0.785207 103 121 59 
-0.160829 -0.069277 0.811754 205 205 177 
0.012228 -0.057638 0.788840 130 148 85 
-0.172111 -0.077102 0.824484 191 195 160 
-0.061965 -0.059436 0.779723 88 94 42 
-0.108997 -0.064265 0.788342 166 155 113 
0.116124 -0.058713 0.787288 65 70 42 
-0.023396 -0.068958 0.794578 142 148 97 
-0.038355 -0.068563 0.792149 92 100 54 
-0.103259 -0.073128 0.798217 147 141 80 
0.224539 -0.073719 0.823010 113 129 69 
0.213351 -0.071440 0.815994 203 206 169 
-0.133311 -0.070544 0.781571 77 94 25 
0.047296 -0.069380 0.788312 135 143 107 
-0.062725 -0.071794 0.784427 92 112 59 
-0.113130 -0.077740 0.795250 146 135 75 
-0.170546 -0.092046 0.827193 203 204 169 
0.006772 -0.077324 0.798281 76 77 35 
-0.031431 -0.078794 0.798547 103 114 62 
0.146734 -0.074018 0.795856 123 128 76 
0.111607 -0.071718 0.786717 107 119 17 
0.092061 -0.073758 0.790141 124 133 74 
0.161620 -0.076179 0.796010 94 106 51 
0.072323 -0.077823 0.791950 146 169 84 
0.064859 -0.078859 0.793897 90 100 49 
0.014704 -0.080292 0.792914 103 100 39 
-0.078859 -0.082422 0.789698 103 103 55 
0.207531 -0.087358 0.821799 153 172 91 
0.124649 -0.079821 0.795126 47 57 16 
0.149876 -0.083279 0.799475 144 124 66 
0.119652 -0.081856 0.793124 171 177 117 
0.217089 -0.098936 0.831165 116 125 70 
0.122590 -0.088720 0.797251 44 51 6 
-0.068571 -0.092299 0.788483 81 90 32 
-0.073695 -0.092524 0.788567 46 55 8 
-0.142396 -0.102910 0.807875 96 112 47 
0.168212 -0.092899 0.805152 132 142 57 
0.133049 -0.093149 0.802530 83 80 27 
0.206211 -0.102256 0.824876 242 235 207 
0.062697 -0.098260 0.801959 113 121 46 
0.174383 -0.103480 0.811764 128 141 76 
0.151599 -0.103702 0.810202 138 155 89 
0.215931 -0.114360 0.835010 224 227 191 
0.177282 -0.106950 0.813835 88 103 61 
-0.005236 -0.104377 0.790953 103 112 52 
0.216185 -0.117394 0.835645 210 216 177 
0.065576 -0.117314 0.815122 105 117 64 
0.132328 -0.118061 0.816557 122 132 86 
-0.114546 -0.131619 0.825485 57 58 22 
0.163427 -0.121447 0.820875 99 112 45 
0.142699 -0.120795 0.817470 145 143 78 
-0.118130 -0.136449 0.829751 163 163 128 
0.034918 -0.123471 0.807418 109 116 60 
0.032374 -0.126418 0.807624 175 179 128 
0.133253 -0.132021 0.823291 98 108 48 
-0.034179 -0.128280 0.799505 164 182 129 
-0.139608 -0.156247 0.853152 205 196 150 
0.195080 -0.135490 0.824247 134 134 95 
-0.053462 -0.138463 0.808162 97 116 60 
-0.061304 -0.138654 0.807873 231 231 198 
0.058240 -0.143444 0.823218 196 203 163 
-0.079483 -0.141385 0.806071 121 129 54 
-0.093427 -0.149368 0.810010 147 171 88 
-0.144577 -0.184027 0.874497 207 202 134 
-0.072879 -0.155999 0.814014 114 134 64 
-0.086457 -0.160056 0.815395 152 169 83 
-0.076273 -0.163904 0.818456 129 148 92 
-0.147706 -0.193385 0.874708 210 206 151 
0.124892 -0.169545 0.836614 114 129 54 
0.077534 -0.178692 0.851521 116 128 67 
0.156675 -0.171737 0.838098 119 129 72 
0.013615 -0.172868 0.827439 194 198 154 
0.186092 -0.177474 0.840775 239 234 209 
0.000123 -0.180614 0.830334 109 127 77 
-0.093401 -0.192094 0.839416 123 134 87 
0.150785 -0.193819 0.853155 143 166 70 
0.026772 -0.190935 0.836063 96 107 67 
-0.025095 -0.195950 0.841488 250 248 243 
-0.002939 -0.201648 0.837262 250 240 234 
-0.165624 0.256586 0.717103 151 152 106 
-0.162554 0.264436 0.705193 133 133 85 
-0.163018 0.260951 0.709783 112 126 65 
-0.168231 0.231021 0.728499 179 175 144 
-0.137658 0.288488 0.711693 180 176 149 
-0.160985 0.206667 0.751428 187 181 150 
-0.123102 0.286862 0.719870 174 169 140 
-0.136269 0.249256 0.733169 157 149 109 
-0.139676 0.255105 0.698921 154 159 113 
-0.126098 0.271983 0.704534 84 85 61 
-0.170832 0.164206 0.735551 186 180 147 
-0.126918 0.229838 0.744445 151 139 101 
-0.096992 0.295730 0.721195 173 165 129 
-0.098663 0.291852 0.722377 178 173 137 
-0.166181 0.165614 0.724518 173 167 131 
-0.163636 0.163821 0.719923 92 104 49 
-0.086766 0.302597 0.717343 174 167 138 
-0.126611 0.249102 0.688179 88 101 53 
-0.122368 0.244363 0.686133 79 87 51 
-0.080742 0.288186 0.718800 167 164 133 
-0.101210 0.271517 0.689498 120 134 74 
-0.119730 0.238800 0.687644 89 85 46 
-0.120635 0.235102 0.690487 97 96 62 
-0.118216 0.236022 0.688856 84 90 54 
-0.128505 0.170730 0.753201 135 100 50 
-0.147071 0.107306 0.793869 192 186 157 
-0.153671 0.094572 0.794715 199 195 162 
-0.115678 0.220028 0.697707 116 112 69 
-0.111538 0.182903 0.751355 141 162 93 
-0.104674 0.242551 0.681820 103 119 59 
-0.106720 0.238745 0.681902 85 95 49 
-0.120186 0.163539 0.749277 135 121 78 
-0.106756 0.221055 0.698997 89 85 51 
-0.130392 0.151340 0.734015 147 135 101 
-0.173766 0.029740 0.789901 209 210 202 
-0.158981 0.034335 0.812442 184 170 135 
-0.108518 0.166216 0.753703 112 105 66 
-0.143702 0.108075 0.745731 116 124 84 
-0.039059 0.306811 0.729221 184 178 146 
-0.099327 0.216294 0.704046 136 148 86 
-0.106050 0.200634 0.708425 76 84 39 
-0.144869 0.043123 0.820390 170 165 125 
-0.038740 0.301812 0.729860 187 181 147 
-0.062408 0.282164 0.699704 160 153 117 
-0.174269 -0.000658 0.800743 207 207 200 
-0.121568 0.146368 0.729091 99 99 67 
-0.114435 0.153158 0.730631 119 123 84 
-0.090551 0.210440 0.707038 98 107 60 
-0.171992 -0.019333 0.809277 198 192 170 
-0.059664 0.272048 0.694177 45 50 33 
-0.087689 0.211422 0.706198 110 115 72 
-0.089322 0.207481 0.707404 96 102 58 
0.098280 0.264043 0.668317 151 142 125 
0.108496 0.247436 0.684480 201 198 169 
0.097705 0.247046 0.681655 123 131 72 
0.086971 0.246419 0.678745 83 95 73 
0.098399 0.240072 0.684746 96 112 54 
0.072701 0.232834 0.681068 126 145 90 
0.032652 0.293528 0.697027 52 48 40 
-0.070766 0.274421 0.662917 160 151 134 
0.071685 0.228521 0.681853 116 136 76 
0.064232 0.231911 0.681439 124 132 77 
0.164145 0.266798 0.727855 221 218 191 
0.192871 0.217940 0.716778 83 88 36 
0.051779 0.227819 0.685195 93 94 43 
0.080549 0.211216 0.688094 92 100 51 
0.033471 0.231496 0.685051 112 117 89 
0.179250 0.210726 0.716106 148 146 101 
-0.094298 0.261371 0.668503 154 148 136 
0.185082 0.203219 0.720233 151 153 114 
0.134722 0.227018 0.717978 82 103 32 
0.119195 0.215423 0.708711 156 156 113 
0.043169 0.213778 0.688296 40 49 15 
0.020644 0.217450 0.684131 46 52 20 
-0.063397 0.245704 0.675178 133 132 83 
0.146500 0.218735 0.720291 116 131 56 
0.129837 0.217298 0.715308 98 111 50 
-0.081023 0.243315 0.672396 182 184 165 
-0.085955 0.245285 0.672013 213 213 196 
-0.127084 0.253098 0.664891 140 136 119 
-0.153429 0.251549 0.660163 162 153 136 
0.183722 0.190486 0.723048 85 90 34 
0.045421 0.200295 0.691373 98 107 65 
0.143801 0.197166 0.718662 54 59 20 
0.012530 0.204684 0.687656 143 147 105 
0.002647 0.205163 0.685282 108 120 66 
-0.022393 0.221101 0.689006 119 123 65 
-0.154529 0.257613 0.671238 147 138 129 
0.206336 0.185148 0.735551 119 123 64 
0.197545 0.183523 0.732456 91 97 32 
-0.155527 0.258495 0.674269 164 157 144 
0.089834 0.182448 0.706323 116 126 79 
-0.005136 0.195133 0.689946 83 95 43 
-0.009963 0.197817 0.689940 99 111 69 
-0.082438 0.216249 0.679395 99 104 64 
0.098022 0.174247 0.710422 75 84 46 
0.095535 0.174899 0.710069 64 70 34 
-0.022774 0.202228 0.691500 124 135 87 
-0.044618 0.207178 0.688026 130 128 87 
0.092176 0.172818 0.711079 85 99 63 
-0.001672 0.190161 0.694221 171 170 143 
-0.090996 0.215269 0.682339 152 153 114 
0.151569 0.169812 0.728581 68 73 26 
-0.019321 0.193470 0.693943 157 166 103 
-0.043487 0.199462 0.690334 93 89 52 
-0.127044 0.232375 0.686692 47 49 23 
0.128850 0.166691 0.726837 72 81 41 
-0.016559 0.185212 0.699267 78 92 39 
-0.138056 0.224818 0.688628 51 58 13 
0.050416 0.168556 0.715120 73 79 30 
0.054734 0.166915 0.718410 82 86 36 
-0.084325 0.174837 0.683963 78 86 36 
0.183768 0.145295 0.746149 132 147 69 
-0.137460 0.217941 0.694010 155 151 113 
0.071062 0.163852 0.727275 60 57 26 
0.042845 0.158197 0.716506 56 59 20 
0.027871 0.155538 0.710966 107 115 65 
-0.051066 0.178449 0.700725 108 117 81 
0.127119 0.145145 0.736264 59 68 30 
0.140407 0.136981 0.741705 93 110 47 
0.037558 0.144062 0.716402 50 54 15 
-0.142268 0.210572 0.700491 143 140 84 
0.105841 0.134218 0.733449 70 73 23 
0.075738 0.156371 0.736594 57 64 23 
-0.068193 0.164496 0.702976 109 103 63 
-0.040793 0.165673 0.714294 121 109 77 
0.068408 0.150765 0.740492 108 109 74 
-0.166766 0.213053 0.706554 163 166 114 
-0.094553 0.168927 0.709318 104 118 81 
-0.131569 0.194516 0.712542 96 101 47 
-0.164782 0.203326 0.707741 165 169 131 
0.153446 0.112519 0.753246 142 164 82 
0.068078 0.139495 0.743258 60 71 30 
-0.001260 0.142596 0.727779 88 82 48 
0.187695 0.114232 0.770208 110 118 48 
-0.035761 0.133007 0.718197 82 61 36 
-0.123884 0.178496 0.717709 139 127 76 
0.049467 0.124998 0.741686 87 96 47 
0.044849 0.128482 0.742280 78 78 39 
-0.126498 0.174078 0.717403 142 130 83 
0.134063 0.094862 0.758600 99 102 54 
0.070677 0.107281 0.746813 89 103 63 
-0.066412 0.137841 0.723434 96 107 64 
-0.079889 0.134102 0.717282 90 88 43 
-0.106142 0.151503 0.719405 108 112 69 
-0.115989 0.159481 0.721031 77 92 49 
0.041600 0.116501 0.746380 79 86 52 
0.029697 0.120315 0.745013 93 86 47 
-0.099448 0.134840 0.717611 198 189 161 
-0.116748 0.151364 0.721976 148 139 94 
-0.146469 0.173147 0.725655 209 201 166 
-0.088062 0.122674 0.716845 110 125 67 
-0.164815 0.156178 0.713211 50 57 29 
0.179711 0.115808 0.796721 132 138 66 
0.108487 0.091576 0.763972 37 45 13 
-0.009075 0.108639 0.738311 93 93 55 
-0.014442 0.105369 0.737666 85 92 51 
-0.058667 0.125193 0.735930 89 89 44 
0.216749 0.112666 0.815729 212 214 185 
0.152515 0.108259 0.793433 136 126 73 
-0.003361 0.105198 0.743880 34 43 14 
0.188836 0.113719 0.811018 127 126 84 
0.100619 0.085201 0.769799 107 104 60 
0.083526 0.087725 0.766047 127 117 75 
0.060682 0.081598 0.755300 99 105 56 
0.056067 0.083624 0.755099 71 83 36 
0.073551 0.075684 0.761621 82 94 37 
-0.084244 0.111390 0.734366 104 108 60 
-0.145287 0.135707 0.733174 94 103 47 
0.083849 0.085869 0.777116 140 129 82 
-0.042201 0.104278 0.748992 33 40 9 
-0.058418 0.109216 0.746963 104 97 43 
0.214296 0.092332 0.825237 206 207 178 
0.138591 0.093240 0.801980 147 135 100 
0.067166 0.075358 0.768378 112 108 57 
-0.017384 0.091489 0.751809 98 86 40 
-0.097464 0.109209 0.737636 48 55 20 
0.206415 0.094863 0.827580 230 226 203 
0.141759 0.097579 0.808855 151 138 104 
0.059157 0.078079 0.773572 41 47 13 
0.051801 0.077528 0.770893 104 97 56 
-0.094349 0.107048 0.743130 124 113 74 
-0.145641 0.129999 0.741315 92 96 48 
0.151168 0.083508 0.809333 153 130 78 
0.199456 0.083455 0.827908 235 231 201 
0.197044 0.084642 0.827894 224 220 187 
0.133634 0.089752 0.810883 215 207 183 
-0.010887 0.076637 0.756333 159 149 129 
-0.107778 0.115096 0.749871 118 110 65 
0.022253 0.091950 0.779742 117 103 67 
0.024505 0.098214 0.787577 121 111 62 
-0.023597 0.085696 0.764010 100 85 48 
-0.072323 0.103874 0.760036 51 39 16 
-0.121372 0.103582 0.744047 113 129 83 
0.125982 0.070750 0.805690 43 54 2 
-0.067152 0.108688 0.770885 129 115 68 
-0.133220 0.098696 0.742917 104 106 44 
0.218349 0.034756 0.818475 172 179 133 
-0.027874 0.087896 0.773100 83 48 11 
-0.104413 0.109335 0.762224 101 108 63 
-0.026194 0.089967 0.778057 108 85 47 
-0.073131 0.106704 0.773748 124 112 69 
-0.057403 0.100963 0.778170 149 124 95 
0.052467 0.063953 0.792759 86 94 44 
-0.055794 0.101026 0.781820 178 156 127 
-0.104461 0.092549 0.766114 87 108 48 
0.078210 0.030104 0.787640 112 110 63 
0.092445 0.002563 0.776603 109 111 74 
0.143942 -0.011983 0.786864 124 135 87 
0.051718 0.035743 0.788670 140 151 93 
-0.165746 0.132726 0.782231 211 202 172 
0.044214 0.036833 0.789927 186 176 119 
0.021938 0.054088 0.794341 207 195 154 
-0.154377 0.126120 0.784638 193 184 150 
0.137169 -0.017377 0.786763 80 86 39 
-0.000501 0.035201 0.776680 116 122 54 
0.044465 0.025880 0.788448 121 120 77 
0.042286 0.027544 0.788870 173 171 106 
-0.151341 0.124181 0.790604 113 118 77 
-0.042836 0.077983 0.798317 90 97 55 
0.116905 -0.029149 0.780402 100 110 51 
-0.128906 0.095251 0.784155 143 124 81 
-0.162245 0.125106 0.793853 199 189 152 
0.151419 -0.032281 0.792976 152 150 109 
0.064498 -0.008759 0.779797 163 152 107 
-0.036908 0.055327 0.790506 120 104 63 
0.178514 -0.038548 0.800822 94 110 66 
0.167662 -0.041376 0.798012 87 98 40 
-0.138217 0.096468 0.791135 185 176 137 
0.078150 -0.031395 0.777038 55 62 8 
-0.094212 0.074360 0.793583 156 146 100 
0.174348 -0.049769 0.800205 184 187 142 
-0.163822 0.107775 0.796688 223 214 184 
0.198017 -0.051722 0.810060 111 117 69 
0.183831 -0.049938 0.806386 158 163 121 
0.094386 -0.048633 0.778825 83 89 44 
-0.020563 0.001249 0.775056 120 126 92 
-0.051600 0.032104 0.786846 212 203 171 
-0.147027 0.088261 0.794580 185 177 140 
0.036151 -0.026828 0.780187 99 100 67 
-0.069487 0.014659 0.773571 129 137 83 
0.146721 -0.058192 0.799048 112 123 73 
0.045748 -0.036470 0.779315 154 152 113 
0.028968 -0.027541 0.780022 82 89 34 
-0.112344 0.036075 0.777293 105 115 49 
0.175983 -0.063479 0.808505 202 202 165 
-0.074612 0.007072 0.771949 124 118 80 
-0.093868 0.012597 0.769218 83 87 37 
0.029204 -0.038867 0.777395 111 115 66 
0.015661 -0.039678 0.774797 118 125 75 
0.187093 -0.072074 0.814967 110 117 58 
0.180632 -0.076315 0.812362 211 209 178 
0.135547 -0.068567 0.801937 134 148 88 
0.084230 -0.063297 0.787335 98 110 48 
0.125957 -0.068607 0.801370 71 78 31 
-0.151923 0.044433 0.787520 228 221 194 
0.227078 -0.076657 0.835127 137 143 110 
0.054846 -0.062563 0.782981 50 56 16 
0.040168 -0.058113 0.781068 84 93 30 
0.068584 -0.070635 0.784612 105 117 49 
0.092375 -0.071809 0.795374 101 98 53 
0.001137 -0.053445 0.776140 64 67 30 
-0.141632 0.043302 0.799643 141 140 53 
0.107161 -0.075073 0.801211 165 176 123 
0.211908 -0.094722 0.827515 129 138 77 
-0.071167 -0.032600 0.774519 221 215 185 
-0.017810 -0.054553 0.779764 89 97 40 
-0.055049 -0.041497 0.776311 101 102 51 
-0.084288 -0.028792 0.775575 148 143 102 
0.101981 -0.082474 0.805178 83 87 34 
0.159963 -0.104662 0.812001 100 101 41 
0.021428 -0.082422 0.777721 103 121 59 
0.194436 -0.113263 0.821014 66 72 21 
0.168735 -0.105781 0.817385 116 115 56 
0.082488 -0.087339 0.799743 126 139 80 
-0.029891 -0.055683 0.783005 44 53 20 
-0.031955 -0.054993 0.782786 45 52 20 
-0.109955 -0.016287 0.784880 90 99 42 
0.172484 -0.108055 0.819931 171 167 130 
0.118411 -0.086060 0.817437 94 95 41 
0.050865 -0.076756 0.799350 108 105 64 
0.046505 -0.076956 0.797524 114 125 86 
-0.020126 -0.057885 0.787833 57 62 17 
-0.152830 0.008526 0.791956 209 194 152 
0.173609 -0.111128 0.820814 193 190 155 
-0.021314 -0.062348 0.789545 27 31 8 
-0.096171 -0.032829 0.785371 105 101 63 
-0.100480 -0.030105 0.785985 173 166 125 
0.217294 -0.115437 0.840069 140 148 92 
0.190255 -0.122920 0.823369 97 105 45 
0.170992 -0.117756 0.820263 129 127 80 
-0.009630 -0.071991 0.788916 94 103 53 
0.164958 -0.121348 0.817891 127 126 79 
-0.080166 -0.047334 0.785292 140 129 86 
-0.126758 -0.023696 0.787155 110 113 62 
0.192821 -0.127906 0.826150 67 76 18 
-0.003092 -0.089819 0.782225 54 59 21 
-0.059372 -0.070606 0.776613 119 143 68 
-0.130880 -0.037569 0.782653 80 93 46 
0.104593 -0.105649 0.819645 66 79 27 
0.073094 -0.096506 0.815123 57 59 27 
-0.084196 -0.055443 0.788584 129 139 104 
0.145722 -0.128258 0.819331 84 92 41 
0.135772 -0.123593 0.819439 162 166 142 
0.078680 -0.100200 0.817136 74 80 43 
-0.053751 -0.074288 0.787251 80 79 39 
0.110976 -0.114150 0.820811 124 119 75 
-0.048285 -0.076528 0.790394 63 70 32 
-0.042747 -0.081009 0.791613 67 75 38 
-0.134188 -0.036153 0.794462 178 175 148 
-0.169512 -0.014596 0.799263 211 208 183 
0.145366 -0.134722 0.822483 127 119 72 
0.117359 -0.122268 0.822247 89 91 35 
-0.133435 -0.033437 0.800160 206 197 170 
0.011897 -0.114176 0.790084 84 80 45 
0.005813 -0.114741 0.787142 109 126 72 
-0.006042 -0.111470 0.785277 83 93 46 
-0.096756 -0.063168 0.791608 72 76 34 
0.145624 -0.139843 0.824024 96 90 52 
0.101294 -0.131661 0.813440 79 94 41 
-0.050320 -0.087918 0.791262 97 95 58 
0.086188 -0.118999 0.821616 98 99 67 
0.172264 -0.153996 0.828112 148 157 82 
0.099223 -0.138120 0.812724 127 152 65 
0.068534 -0.118611 0.817805 67 82 32 
0.049395 -0.118346 0.810270 73 76 39 
0.043132 -0.117995 0.808042 110 126 83 
0.031065 -0.113754 0.806955 62 59 22 
-0.022098 -0.116513 0.785742 86 98 36 
0.087311 -0.130116 0.821042 119 122 102 
0.025648 -0.117463 0.807301 39 41 17 
-0.090301 -0.083449 0.790756 80 83 37 
-0.127251 -0.052350 0.803904 110 109 62 
0.126953 -0.146285 0.825555 86 91 40 
0.145849 -0.162978 0.823966 94 98 36 
-0.113205 -0.070891 0.801732 126 141 94 
0.023083 -0.125531 0.810663 76 92 40 
0.219474 -0.141496 0.880741 205 210 173 
0.107091 -0.151170 0.824768 104 114 42 
-0.045193 -0.108214 0.801295 50 47 16 
-0.053345 -0.100420 0.805171 86 69 38 
-0.074009 -0.109939 0.787648 128 143 73 
-0.109315 -0.081990 0.799012 111 128 67 
-0.018226 -0.132107 0.793120 115 117 83 
-0.025980 -0.134529 0.787593 141 161 94 
0.015249 -0.129172 0.812879 71 81 32 
-0.135529 -0.080889 0.794996 170 160 118 
0.220425 -0.150118 0.882694 192 200 160 
0.126048 -0.159215 0.834167 60 64 32 
0.163099 -0.168566 0.843991 105 115 70 
-0.156463 -0.067647 0.804710 144 156 93 
0.183099 -0.164069 0.859884 187 181 134 
-0.020340 -0.130999 0.804943 67 49 27 
-0.091074 -0.104395 0.800336 150 160 91 
-0.169792 -0.053269 0.815861 133 131 89 
0.129501 -0.167714 0.836567 32 36 13 
0.126109 -0.164254 0.838454 94 95 53 
0.117393 -0.164079 0.834895 108 111 56 
0.086912 -0.156317 0.829344 108 119 86 
-0.052392 -0.116594 0.808081 118 105 69 
-0.087725 -0.106548 0.802659 83 83 39 
-0.143108 -0.085107 0.805653 129 135 85 
0.090484 -0.165033 0.831438 66 74 31 
-0.137258 -0.090722 0.805701 63 72 27 
0.157242 -0.176073 0.852593 71 82 27 
0.097582 -0.169945 0.832701 129 144 88 
0.215717 -0.170558 0.886671 212 214 179 
0.066555 -0.153854 0.838127 117 108 74 
0.005826 -0.144936 0.820461 82 82 40 
-0.064578 -0.126127 0.808376 123 134 79 
-0.063100 -0.129154 0.808990 124 135 66 
-0.122465 -0.107969 0.807077 118 111 59 
0.205725 -0.170857 0.891718 211 208 178 
0.183629 -0.153894 0.899041 221 213 179 
0.164701 -0.172723 0.871716 174 175 142 
0.160722 -0.177352 0.865297 93 102 55 
-0.031119 -0.146576 0.811552 152 166 111 
-0.161418 -0.082657 0.818369 95 102 41 
0.151087 -0.184951 0.856480 93 101 57 
0.126895 -0.177221 0.853577 72 86 33 
0.005361 -0.153685 0.823507 48 55 18 
-0.058760 -0.137221 0.811739 88 95 44 
-0.076761 -0.124609 0.816525 62 62 31 
0.157186 -0.180005 0.867337 100 113 64 
-0.010927 -0.153892 0.819058 80 91 46 
-0.158104 -0.088354 0.820234 122 138 73 
0.182470 -0.155925 0.906443 209 201 164 
0.096797 -0.173795 0.849851 112 116 74 
-0.011556 -0.157834 0.817742 88 99 49 
-0.051909 -0.146618 0.811178 99 113 53 
-0.071978 -0.128999 0.820236 144 129 100 
-0.089357 -0.125382 0.816168 123 125 70 
-0.093203 -0.124562 0.815287 142 150 84 
0.126229 -0.183916 0.858860 135 124 83 
0.135355 -0.189416 0.860398 107 119 50 
-0.059471 -0.144900 0.818522 107 104 76 
-0.092465 -0.132423 0.816566 79 79 42 
-0.050126 -0.154986 0.815242 59 65 33 
0.124388 -0.187891 0.863267 171 180 117 
-0.086220 -0.145932 0.817282 143 158 114 
-0.143550 -0.109114 0.830024 113 121 62 
0.108050 -0.180839 0.872736 170 160 120 
0.001573 -0.169928 0.835218 83 68 39 
-0.084763 -0.148484 0.818250 109 128 72 
0.037916 -0.182279 0.841873 147 154 98 
0.008829 -0.172730 0.838638 63 74 34 
-0.012403 -0.162337 0.839951 49 59 24 
0.106331 -0.193676 0.864500 168 161 119 
-0.123019 -0.126950 0.832846 127 115 75 
0.013001 -0.178067 0.844047 101 104 65 
-0.060232 -0.160829 0.828479 39 44 14 
-0.070007 -0.155017 0.830231 43 51 29 
-0.123453 -0.128787 0.833758 158 164 100 
0.039689 -0.187425 0.849461 76 88 50 
-0.066667 -0.157912 0.831703 51 56 25 
-0.054289 -0.164868 0.836046 67 76 38 
0.027299 -0.189343 0.857048 103 111 50 
-0.019172 -0.163119 0.864225 124 113 82 
-0.034967 -0.162974 0.856791 82 66 39 
-0.132300 -0.135383 0.841045 78 88 38 
-0.033554 -0.164956 0.858417 85 72 41 
0.056283 -0.180494 0.890787 186 180 145 
-0.154960 -0.125451 0.850900 198 186 148 
-0.169799 -0.109077 0.862407 223 216 191 
-0.127359 -0.143030 0.850586 91 70 39 
-0.173046 -0.110360 0.865929 204 197 169 
-0.034737 -0.184910 0.853919 180 167 132 
-0.125613 -0.144869 0.858951 136 119 78 
-0.084492 -0.164402 0.859651 114 110 72 
-0.102759 -0.163108 0.858466 136 132 86 
-0.069812 -0.190033 0.849178 102 77 44 
-0.046484 -0.197853 0.857912 176 167 132 
-0.052708 -0.196827 0.859161 85 99 54 
-0.060199 -0.195604 0.856811 113 126 82 
-0.138285 -0.140083 0.884724 209 196 161 
-0.171086 -0.133750 0.875633 199 191 160 
-0.079734 -0.190441 0.865930 204 194 160 
-0.161320 -0.142678 0.883083 215 203 173 
-0.154081 -0.145844 0.886284 221 208 174 
-0.144706 -0.160456 0.893022 207 194 160 
-0.161793 -0.160637 0.886986 204 190 153 
-0.090433 0.273938 0.683270 228 226 222 
-0.023416 0.291050 0.687607 170 167 155 
-0.069915 0.286671 0.692737 235 237 237 
-0.028457 0.274134 0.688020 176 177 148 
-0.050106 0.283479 0.693203 128 128 104 
0.084862 0.262143 0.677839 125 132 84 
0.009781 0.295278 0.696208 242 241 237 
0.037184 0.299407 0.698860 184 186 173 
-0.100681 0.237200 0.685887 84 87 33 
-0.074572 0.249932 0.691827 72 79 40 
0.016857 0.264317 0.696484 134 146 92 
-0.064658 0.246450 0.695954 73 83 39 
-0.148221 0.228363 0.698611 78 84 43 
-0.011998 0.233193 0.692784 85 100 58 
0.110111 0.255542 0.695026 227 223 206 
-0.033588 0.223500 0.693742 60 67 21 
-0.164198 0.234444 0.708571 170 174 141 
0.089409 0.235966 0.691948 92 107 51 
0.143846 0.301905 0.717363 221 222 204 
0.087202 0.231598 0.693447 119 129 71 
-0.077503 0.199139 0.696648 84 99 34 
-0.115481 0.202738 0.704282 137 136 75 
0.124336 0.263221 0.716006 123 131 89 
0.017398 0.208546 0.705058 94 99 64 
0.107661 0.215743 0.709907 54 66 30 
0.105034 0.213794 0.709289 170 167 123 
-0.159960 0.207387 0.728709 89 95 51 
0.116155 0.218146 0.713346 115 123 67 
0.127376 0.222569 0.717455 154 159 113 
-0.037534 0.179575 0.712629 89 93 42 
-0.108880 0.178754 0.718293 67 78 32 
0.022574 0.185214 0.713083 79 88 29 
-0.133201 0.185334 0.726341 214 202 172 
0.164850 0.233599 0.725447 233 232 207 
0.118045 0.206393 0.717400 128 135 81 
-0.150466 0.188832 0.732495 71 77 37 
0.177612 0.225958 0.724141 204 201 182 
0.072145 0.185110 0.714965 97 100 45 
0.012589 0.177425 0.716635 65 77 23 
0.001120 0.176436 0.717175 72 73 26 
0.119174 0.199397 0.720416 89 99 54 
0.196164 0.220846 0.729752 111 121 61 
-0.031458 0.156355 0.720131 69 78 35 
0.118088 0.188070 0.724708 85 93 48 
0.168555 0.204079 0.730797 88 99 53 
0.186228 0.203822 0.732284 146 146 92 
0.151913 0.196903 0.732081 84 96 58 
0.121840 0.182891 0.728211 95 104 52 
-0.156489 0.154604 0.739496 134 137 79 
0.197754 0.207555 0.736174 147 163 88 
0.180948 0.199059 0.733681 83 92 37 
0.075004 0.169206 0.729054 62 73 42 
0.000654 0.153210 0.728125 105 112 73 
-0.152605 0.151711 0.740931 116 123 73 
0.141769 0.186099 0.734201 94 108 57 
0.031603 0.156071 0.729810 134 149 74 
-0.026260 0.145552 0.729977 102 101 57 
0.164886 0.187563 0.735981 134 144 67 
-0.079925 0.147270 0.738636 124 109 59 
0.182215 0.189205 0.738364 128 137 62 
0.098545 0.151097 0.727638 130 151 80 
0.201964 0.198139 0.744045 122 134 70 
0.019775 0.134118 0.729601 86 84 34 
0.114387 0.158073 0.735726 63 72 30 
0.090967 0.145743 0.731866 85 92 53 
-0.131750 0.133725 0.746105 164 155 98 
0.099254 0.146639 0.737703 91 102 61 
-0.124187 0.128086 0.748894 90 99 52 
0.118245 0.152091 0.741754 89 98 53 
0.104936 0.146341 0.746333 88 93 52 
0.102080 0.146321 0.746586 81 91 47 
0.066947 0.136437 0.744870 128 128 97 
-0.038104 0.122051 0.747332 50 59 11 
0.096564 0.145029 0.749564 48 55 14 
0.032287 0.125943 0.745884 115 115 69 
0.186141 0.158008 0.750965 126 134 77 
0.134180 0.141603 0.747464 57 66 34 
-0.078065 0.125060 0.761905 136 124 79 
-0.088252 0.121095 0.760829 66 76 18 
-0.112086 0.114868 0.759870 176 171 128 
0.024860 0.119971 0.752809 53 55 18 
-0.148456 0.109660 0.763727 204 204 167 
0.160168 0.138589 0.752831 151 171 59 
0.014455 0.115742 0.754702 60 71 25 
-0.024246 0.102041 0.754322 126 136 71 
-0.027022 0.101046 0.757147 111 103 64 
-0.164105 0.120418 0.780296 103 114 73 
0.190967 0.143840 0.762074 87 98 32 
0.155888 0.129340 0.757761 83 93 50 
0.105200 0.128082 0.765064 80 77 41 
0.096867 0.126962 0.765265 171 180 126 
0.089675 0.119984 0.765378 83 84 44 
0.057523 0.099936 0.757747 47 51 17 
0.103430 0.122001 0.768279 114 113 57 
-0.170241 0.116415 0.791655 219 216 188 
0.179009 0.126212 0.766398 137 148 110 
0.154566 0.119655 0.765213 82 90 45 
0.124670 0.113480 0.767890 84 92 49 
-0.163222 0.112352 0.795264 219 212 181 
-0.108435 0.095984 0.784189 103 99 47 
0.190271 0.129409 0.776539 120 125 69 
0.094898 0.106808 0.773413 123 116 66 
0.063437 0.095861 0.773578 116 132 67 
0.004193 0.068011 0.763938 147 171 78 
-0.076088 0.100926 0.790128 139 117 78 
-0.095901 0.099086 0.791057 126 107 66 
0.193095 0.132240 0.784232 145 153 93 
0.134518 0.104710 0.774631 64 72 35 
-0.000301 0.064056 0.765231 116 142 43 
0.096912 0.096017 0.776621 50 62 27 
0.009367 0.076766 0.774481 103 95 66 
0.028892 0.106596 0.792535 131 118 77 
-0.139715 0.088585 0.799148 193 188 146 
0.197856 0.148820 0.802896 162 161 119 
0.000315 0.059276 0.774728 136 125 73 
0.050748 0.098320 0.795248 110 99 58 
0.023375 0.103755 0.801148 142 126 77 
0.010751 0.078644 0.787934 138 125 74 
-0.089962 0.046599 0.779614 122 117 62 
-0.100157 0.050489 0.782888 125 141 94 
-0.029438 0.078870 0.795301 173 158 122 
-0.063406 0.063049 0.789560 118 77 30 
-0.085423 0.041744 0.779423 128 133 78 
0.167330 0.113953 0.798952 139 140 80 
0.042148 0.097222 0.801924 99 93 47 
-0.052251 0.054610 0.789764 94 108 47 
-0.138823 0.023193 0.780148 98 104 55 
0.038061 0.089897 0.804497 155 153 107 
0.049647 0.088236 0.808786 103 100 51 
-0.031138 0.063636 0.802419 163 144 104 
0.162462 0.110218 0.813549 167 160 110 
-0.040181 0.006190 0.774933 118 124 63 
-0.115326 -0.000704 0.778600 195 183 131 
-0.059158 -0.006742 0.772041 105 117 55 
0.219845 0.104602 0.813971 203 204 174 
0.083750 0.049629 0.794564 179 164 129 
0.027886 0.061847 0.807943 193 186 151 
-0.031399 -0.004100 0.773715 68 80 33 
0.131998 0.069468 0.804847 100 108 64 
-0.097015 -0.013244 0.777992 156 154 96 
0.058174 0.041515 0.798521 103 118 51 
0.037902 0.045253 0.802994 136 133 78 
-0.060020 -0.019449 0.773199 95 100 54 
-0.142719 0.005803 0.797665 189 175 128 
0.147654 0.095504 0.825859 202 194 152 
-0.145276 -0.001738 0.799394 181 173 139 
0.212120 0.105796 0.832080 208 204 177 
-0.078791 -0.027158 0.779256 190 177 124 
0.182881 0.086198 0.826114 148 143 103 
0.160870 0.061251 0.812616 93 100 53 
-0.169568 -0.014549 0.800051 91 101 44 
0.208298 0.088318 0.834643 202 194 160 
-0.080358 -0.038491 0.784040 178 175 134 
0.065213 -0.009191 0.790131 94 105 58 
-0.138145 -0.025722 0.801677 222 213 181 
0.212105 0.078172 0.834248 186 175 132 
0.089115 -0.011814 0.788809 149 158 100 
0.120911 -0.003736 0.793638 122 128 84 
0.072510 -0.018121 0.789508 94 101 48 
-0.104980 -0.039486 0.795060 74 75 35 
0.177827 0.014742 0.802621 130 136 78 
0.112217 -0.025026 0.792506 116 121 62 
0.017573 -0.050066 0.786247 76 86 44 
-0.073371 -0.064466 0.786756 82 91 36 
-0.082141 -0.064148 0.793867 45 58 18 
-0.024241 -0.062631 0.791285 34 41 13 
-0.081117 -0.067090 0.794700 98 101 52 
0.054857 -0.050523 0.793567 147 167 109 
0.172233 -0.019190 0.804851 99 108 50 
-0.002771 -0.073551 0.787161 146 157 88 
0.184875 -0.018181 0.807164 77 86 39 
0.077264 -0.050607 0.796903 77 79 32 
0.070428 -0.053201 0.795877 142 150 108 
0.002833 -0.075862 0.787828 73 86 43 
-0.040400 -0.074696 0.793629 85 99 47 
-0.125285 -0.074494 0.803561 191 187 145 
0.085681 -0.054925 0.798871 96 95 48 
-0.153121 -0.078013 0.810309 106 110 65 
0.134674 -0.051187 0.798805 104 104 69 
-0.091153 -0.082988 0.802550 50 62 21 
-0.125717 -0.085609 0.804721 99 105 42 
0.203225 -0.020314 0.815857 132 143 78 
0.193776 -0.027231 0.812015 183 180 145 
0.144748 -0.052116 0.799958 112 114 61 
0.061157 -0.066731 0.799301 99 107 56 
0.211261 -0.022702 0.819398 135 143 92 
-0.097160 -0.093579 0.804559 47 60 12 
-0.018525 -0.102475 0.794625 102 116 65 
0.113194 -0.068666 0.806670 63 73 25 
-0.099184 -0.101896 0.807622 90 97 39 
0.097727 -0.076635 0.805632 175 184 122 
0.077689 -0.075639 0.808778 121 133 77 
0.041779 -0.080276 0.809660 47 52 17 
-0.059226 -0.102082 0.805652 80 83 33 
0.060885 -0.078271 0.811851 86 92 49 
-0.009287 -0.109217 0.797273 94 109 37 
-0.017374 -0.113097 0.795360 113 118 78 
0.101195 -0.081570 0.807509 93 92 54 
-0.006667 -0.110413 0.798977 60 56 19 
-0.023004 -0.117657 0.795531 129 145 100 
0.094422 -0.084332 0.809243 130 136 98 
-0.112607 -0.113148 0.812729 86 98 50 
0.038870 -0.089104 0.815409 84 81 44 
-0.081592 -0.110932 0.813593 86 88 38 
-0.133637 -0.108772 0.821588 56 67 27 
0.207433 -0.054321 0.824238 205 206 184 
0.159361 -0.080787 0.809976 75 85 31 
0.091841 -0.084804 0.815199 83 80 35 
0.184353 -0.067976 0.819711 106 110 46 
0.023963 -0.097492 0.816857 117 129 90 
-0.151639 -0.110766 0.828320 185 182 155 
0.201349 -0.066046 0.822148 102 117 47 
0.075936 -0.082057 0.825327 94 90 54 
0.169551 -0.083805 0.815406 122 117 60 
0.088853 -0.084316 0.825033 99 106 38 
-0.023278 -0.111020 0.818272 136 121 89 
0.215704 -0.059202 0.831831 148 149 106 
0.113437 -0.084502 0.827930 97 95 45 
-0.072714 -0.123556 0.820647 113 110 59 
-0.128380 -0.115738 0.836794 177 170 131 
0.104853 -0.090708 0.830240 71 82 46 
-0.061459 -0.132556 0.818088 132 144 83 
-0.091996 -0.131084 0.823109 87 89 49 
-0.164277 -0.121115 0.840132 64 70 36 
-0.169936 -0.121428 0.843672 189 190 159 
0.071733 -0.105500 0.828753 150 158 97 
-0.045290 -0.141961 0.814444 96 95 49 
-0.083599 -0.135463 0.827515 104 100 54 
-0.103239 -0.135992 0.829599 106 126 62 
-0.140974 -0.128177 0.840716 178 179 125 
-0.143412 -0.128369 0.840874 123 126 82 
0.181680 -0.099756 0.825391 80 89 41 
-0.066568 -0.140357 0.824367 109 108 70 
0.152578 -0.111745 0.825418 132 125 95 
-0.043211 -0.144673 0.823788 71 70 30 
-0.128441 -0.134740 0.842950 103 112 54 
0.159732 -0.111883 0.827394 111 113 54 
0.079871 -0.128028 0.827472 68 78 42 
-0.005314 -0.139047 0.829462 101 94 55 
-0.063317 -0.145368 0.831796 50 59 15 
0.067683 -0.128657 0.834576 106 106 52 
0.031225 -0.135018 0.834047 89 81 48 
0.125071 -0.129328 0.829469 122 130 69 
0.098066 -0.134945 0.828307 68 57 30 
0.202163 -0.107247 0.840945 122 130 73 
0.055928 -0.130954 0.840274 83 100 44 
0.037153 -0.132816 0.841188 126 120 89 
0.105351 -0.136580 0.831963 73 76 37 
0.191946 -0.120472 0.837181 95 101 48 
0.178836 -0.127828 0.832640 90 103 61 
0.034574 -0.140346 0.841218 86 77 42 
0.129690 -0.140669 0.831219 154 161 105 
-0.135934 -0.139813 0.867615 120 127 69 
0.186100 -0.129075 0.836650 77 86 50 
-0.147275 -0.135370 0.876143 91 107 42 
-0.159084 -0.129478 0.882830 146 149 101 
0.155167 -0.140086 0.834304 123 130 76 
-0.000327 -0.162824 0.835576 79 99 30 
-0.089210 -0.155843 0.853678 131 119 77 
0.195174 -0.125746 0.844423 97 105 54 
0.129910 -0.153227 0.832249 51 58 26 
0.103177 -0.158039 0.834655 110 118 53 
0.069286 -0.154578 0.842358 96 90 50 
-0.033047 -0.152463 0.858248 74 60 31 
-0.109823 -0.153623 0.867743 115 90 40 
0.187369 -0.137005 0.844762 98 113 46 
0.084727 -0.159319 0.839056 43 52 25 
0.049167 -0.158756 0.844449 83 99 37 
-0.020547 -0.158851 0.853956 171 177 125 
-0.067590 -0.158205 0.861002 90 89 44 
0.118641 -0.165017 0.832297 56 62 30 
0.220211 -0.108737 0.871739 187 189 160 
0.088046 -0.163674 0.840729 118 136 89 
-0.065465 -0.154847 0.869951 103 75 35 
0.161607 -0.150662 0.845252 125 118 76 
0.025551 -0.162324 0.856743 97 80 50 
0.091377 -0.168669 0.844793 103 109 74 
0.058337 -0.167890 0.850144 124 144 76 
-0.133810 -0.150010 0.893445 192 177 120 
-0.114545 -0.152818 0.891402 196 181 138 
0.100874 -0.170440 0.847886 110 103 67 
-0.116468 -0.154827 0.893059 132 108 73 
0.164411 -0.153691 0.857428 81 97 51 
0.119152 -0.169992 0.848742 103 113 64 
0.034145 -0.168792 0.861940 111 94 60 
-0.159016 -0.165346 0.892594 212 199 155 
0.195362 -0.120617 0.886948 143 145 102 
0.034464 -0.170330 0.863559 88 69 34 
0.200032 -0.118204 0.891799 94 108 51 
0.127752 -0.168109 0.855376 78 67 38 
0.022073 -0.170859 0.871066 113 100 56 
0.150199 -0.165286 0.860966 76 89 49 
0.070303 -0.172918 0.865280 134 124 78 
0.065149 -0.171691 0.867188 190 178 151 
0.047762 -0.182314 0.859636 146 144 63 
-0.052773 -0.173412 0.882597 63 71 42 
0.187326 -0.132120 0.890271 81 82 64 
0.114893 -0.173655 0.861219 83 94 47 
-0.004341 -0.167667 0.884222 114 122 65 
0.161136 -0.161959 0.868773 134 127 91 
0.048470 -0.173040 0.874576 157 149 108 
0.079449 -0.173842 0.872420 127 112 74 
0.144053 -0.170235 0.869559 92 93 46 
0.112828 -0.176040 0.868528 170 166 141 
0.023851 -0.173152 0.884392 134 115 75 
-0.072434 -0.164308 0.907094 179 166 118 
0.020007 -0.171330 0.893134 153 141 93 
-0.001978 -0.166144 0.901461 179 173 133 
-0.063955 -0.167684 0.909133 180 171 127 
0.027436 -0.160190 0.906209 181 171 137 
0.066082 -0.165645 0.898341 173 168 129 
0.170608 -0.148261 0.903199 155 160 126 
-0.057086 -0.173705 0.912055 199 191 154 
0.150909 -0.159011 0.898725 162 158 120 
-0.037735 -0.177927 0.908228 189 178 140 
0.111955 -0.184806 0.881978 171 166 130 
0.061280 -0.167884 0.906628 196 189 160 
-0.027213 -0.179908 0.907932 202 194 157 
0.118120 -0.172930 0.896198 176 169 131 
0.210267 -0.158648 0.899887 185 185 155 
0.144209 -0.162119 0.906433 184 179 142 
0.206207 -0.163322 0.902279 191 190 167 
0.187157 -0.161793 0.910073 176 168 122 
0.079070 0.283447 0.670045 134 124 109 
0.073527 0.280229 0.672711 148 156 100 
0.129366 0.248488 0.691335 122 125 81 
0.194524 0.206117 0.717142 93 96 51 
0.148575 0.242656 0.714315 223 220 192 
0.109187 0.226163 0.690039 119 125 81 
0.106278 0.225608 0.688474 109 114 69 
0.054224 0.252830 0.676278 131 138 103 
0.151973 0.211939 0.714880 122 127 71 
0.111934 0.217587 0.697715 95 92 65 
0.150847 0.203607 0.714572 65 76 45 
0.113563 0.211273 0.702513 108 109 75 
0.067232 0.217441 0.682389 106 104 62 
0.204805 0.169503 0.734743 97 104 57 
0.188484 0.172512 0.727932 81 88 39 
0.033950 0.254222 0.682605 213 208 188 
0.090698 0.204626 0.695281 56 63 22 
0.036331 0.235563 0.680116 90 98 60 
0.189467 0.160051 0.733361 160 160 118 
0.174029 0.164475 0.727441 173 175 140 
0.164267 0.168494 0.724148 87 95 45 
0.130315 0.189895 0.715435 186 186 174 
0.207583 0.156213 0.744002 152 161 120 
0.150969 0.167530 0.723542 72 74 30 
0.041601 0.210146 0.685609 65 75 34 
0.160555 0.158277 0.727933 74 77 24 
-0.039966 0.273466 0.681650 216 211 189 
0.103815 0.170188 0.716737 114 122 49 
-0.007448 0.251640 0.692625 102 115 68 
0.206983 0.134271 0.757763 57 70 15 
0.049435 0.183482 0.697666 125 133 78 
0.010104 0.207563 0.687302 183 183 156 
0.054626 0.177823 0.701123 111 118 70 
0.176032 0.127150 0.745649 137 153 57 
0.168812 0.130156 0.743181 120 126 52 
0.089919 0.162774 0.719233 88 92 53 
0.042599 0.177698 0.701105 106 113 53 
0.000796 0.200720 0.689052 117 129 79 
-0.016746 0.223579 0.689308 94 96 49 
0.059600 0.168762 0.709261 95 105 47 
-0.003271 0.197559 0.688755 82 95 47 
-0.080803 0.268092 0.683955 96 102 61 
-0.044975 0.206049 0.686004 83 82 43 
0.083715 0.140522 0.731770 78 71 35 
-0.089910 0.233095 0.680099 31 32 21 
-0.141382 0.266068 0.667147 144 137 121 
0.216599 0.122127 0.797110 194 196 166 
0.152535 0.103233 0.755150 127 141 74 
0.120734 0.121641 0.749466 83 92 44 
0.107141 0.128681 0.745323 133 141 109 
-0.093851 0.226393 0.684371 85 94 56 
0.025852 0.145786 0.715824 78 74 38 
-0.024848 0.171991 0.703384 95 88 41 
0.199112 0.112185 0.800169 202 201 162 
0.137874 0.096996 0.760432 80 89 42 
0.114784 0.114366 0.755784 79 80 38 
0.152602 0.094323 0.770358 138 133 74 
0.053020 0.136066 0.735408 87 97 44 
-0.020925 0.165555 0.708775 60 66 12 
0.220705 0.091857 0.809362 217 219 192 
0.025774 0.130829 0.721409 68 79 22 
-0.055397 0.174025 0.697030 112 122 51 
-0.086344 0.197970 0.691131 111 107 66 
-0.088324 0.200483 0.691199 130 115 69 
-0.108690 0.222729 0.690263 151 156 111 
0.225253 0.056698 0.799112 222 208 164 
0.096442 0.114795 0.755607 83 93 54 
-0.083685 0.190926 0.692433 97 101 64 
0.177641 0.104152 0.798239 143 136 93 
0.094872 0.112672 0.756963 58 60 20 
0.081601 0.112226 0.749510 82 78 39 
0.019091 0.130897 0.723974 106 106 74 
0.025614 0.121733 0.726394 129 151 61 
-0.096140 0.199392 0.695691 108 113 64 
-0.104437 0.206190 0.694298 82 92 46 
0.120827 0.081476 0.766228 94 109 40 
0.040388 0.122359 0.744196 92 83 47 
0.205998 0.085549 0.825355 226 223 198 
0.089990 0.097760 0.766413 66 72 32 
0.050314 0.104894 0.750827 64 73 27 
0.186264 0.078670 0.817731 222 216 177 
0.183107 0.078225 0.815736 213 207 169 
0.173879 0.096014 0.819222 161 154 110 
-0.070693 0.153632 0.709647 86 87 48 
0.057826 0.080369 0.752476 96 108 55 
-0.153068 0.222308 0.703085 188 178 137 
0.129479 0.084353 0.798396 144 131 94 
-0.024056 0.122190 0.729823 89 77 46 
0.141070 0.003309 0.770727 123 139 72 
0.131758 0.082006 0.808497 222 214 186 
0.055230 0.074768 0.760733 97 101 40 
0.130983 0.018745 0.778979 224 221 197 
0.027709 0.093654 0.757657 52 56 28 
-0.006799 0.110363 0.746269 79 77 37 
0.153267 -0.006091 0.782234 157 165 106 
0.079344 0.090934 0.789400 88 78 38 
0.026333 0.091837 0.759098 47 52 20 
0.019563 0.093905 0.756236 93 97 53 
-0.044791 0.123557 0.734187 84 81 40 
0.155726 -0.010679 0.784394 208 192 139 
-0.054408 0.126469 0.733234 130 120 90 
0.040928 0.079829 0.767725 111 110 61 
-0.047468 0.119303 0.736681 71 81 37 
0.153404 -0.018147 0.785337 103 108 63 
0.114253 0.048577 0.797505 106 117 75 
0.028714 0.083299 0.765579 101 92 51 
-0.083980 0.119212 0.718339 120 128 83 
0.101448 0.051732 0.794893 136 141 95 
-0.032678 0.110150 0.746837 119 109 83 
-0.058722 0.117808 0.735551 53 60 25 
-0.146412 0.186739 0.720439 120 121 96 
0.046301 0.067625 0.777219 118 110 69 
0.043928 0.068005 0.776014 112 102 62 
-0.037246 0.108373 0.749518 45 50 18 
-0.101608 0.123439 0.719397 102 104 62 
0.017904 0.065251 0.762223 134 159 68 
-0.133569 0.167103 0.727071 124 118 68 
-0.152353 0.174151 0.719689 165 161 123 
0.169422 -0.048341 0.794130 102 115 62 
0.031574 0.065326 0.773601 108 95 58 
-0.035607 0.102725 0.753786 30 36 9 
-0.145370 0.165488 0.722315 56 62 37 
0.226441 -0.068800 0.820252 212 213 193 
0.142810 -0.037129 0.787396 138 136 85 
0.032148 0.061793 0.775210 113 98 61 
0.226545 -0.072312 0.821540 167 178 130 
0.207087 -0.067001 0.812742 114 124 64 
0.118067 -0.028000 0.780611 94 107 42 
0.107388 -0.017713 0.779855 108 120 67 
0.047848 0.059273 0.786488 121 117 76 
-0.004930 0.079755 0.765980 98 96 53 
-0.100623 0.120653 0.734003 84 79 52 
-0.146944 0.156876 0.726113 66 73 35 
0.121644 -0.043582 0.783291 142 152 90 
0.099251 -0.026010 0.779538 69 76 34 
0.080772 -0.004045 0.780650 96 103 57 
0.054666 0.056941 0.799106 140 145 74 
0.201050 -0.077961 0.815471 131 138 92 
0.195104 -0.074083 0.814031 113 121 71 
0.116981 -0.046729 0.781719 153 169 101 
0.097381 -0.028801 0.779893 86 93 54 
0.071821 0.013858 0.788453 136 134 79 
-0.010301 0.093484 0.783358 114 103 62 
-0.082870 0.102826 0.747382 54 61 23 
0.100024 -0.042590 0.779770 124 134 47 
0.070768 -0.005069 0.783298 141 141 93 
-0.029447 0.090198 0.776254 107 118 54 
-0.134686 0.133090 0.735988 87 70 30 
0.169625 -0.081183 0.806692 135 150 87 
0.090284 -0.039153 0.781854 128 135 75 
-0.112250 0.107875 0.744771 89 103 54 
-0.002864 0.037697 0.775042 82 91 35 
-0.157238 0.149716 0.744466 213 202 172 
0.071643 -0.037918 0.780138 116 116 78 
-0.089748 0.096201 0.758348 107 95 62 
-0.158373 0.149442 0.746831 193 180 148 
0.079126 -0.047694 0.782091 79 86 47 
0.019265 0.029945 0.790747 101 112 59 
0.008808 0.026362 0.782002 105 110 51 
-0.161571 0.150104 0.748460 193 182 151 
0.116096 -0.068788 0.795890 41 45 18 
0.025918 0.014642 0.788978 80 97 33 
0.001523 0.019622 0.776515 98 109 57 
0.094897 -0.059288 0.791252 136 130 92 
-0.165968 0.147285 0.750491 177 168 134 
0.105222 -0.067951 0.795652 86 90 34 
0.148875 -0.096196 0.809391 58 64 21 
0.127498 -0.083112 0.803719 154 164 107 
0.094412 -0.063051 0.794824 67 68 13 
0.055568 -0.045754 0.780540 71 77 43 
-0.108017 0.094013 0.761483 86 95 52 
-0.142775 0.104186 0.745444 100 109 63 
0.178522 -0.112606 0.821434 109 110 55 
0.157476 -0.103206 0.813697 128 127 78 
0.121234 -0.083147 0.805869 155 161 97 
0.073137 -0.064163 0.786601 123 139 73 
0.050311 -0.049762 0.780811 36 45 23 
-0.049860 0.042014 0.773180 72 76 35 
0.160833 -0.109289 0.818300 190 186 153 
0.083819 -0.065981 0.795462 99 98 56 
-0.030658 0.020462 0.775333 106 113 61 
-0.148147 0.101516 0.749874 127 138 86 
0.190888 -0.133268 0.825881 98 106 53 
0.024040 -0.041321 0.775180 101 114 61 
0.174430 -0.123989 0.827245 148 152 104 
0.046184 -0.059657 0.784154 86 84 38 
-0.020517 -0.011138 0.771355 130 144 83 
-0.062909 0.038806 0.775419 159 155 116 
-0.083237 0.079714 0.788193 134 101 56 
-0.131070 0.095552 0.766914 79 75 43 
-0.074911 0.051660 0.778971 132 151 87 
0.075510 -0.083327 0.794407 126 138 72 
0.045405 -0.064276 0.786816 101 106 49 
-0.047494 0.013634 0.775754 165 155 106 
-0.144340 0.102392 0.772380 92 72 38 
-0.172560 0.125262 0.768527 206 201 178 
-0.155349 0.115020 0.776611 181 171 135 
0.128532 -0.108377 0.822652 96 89 48 
0.075314 -0.079327 0.806192 37 41 11 
0.071063 -0.077972 0.804241 44 49 15 
0.032929 -0.073913 0.781403 62 68 25 
-0.064799 0.016385 0.775527 127 126 85 
-0.082606 0.039697 0.778977 183 175 139 
0.190395 -0.157066 0.835064 70 77 32 
-0.057782 0.000696 0.773010 34 33 4 
-0.077478 0.014727 0.772235 202 197 161 
-0.082863 0.020965 0.772768 211 202 169 
-0.120581 0.081217 0.787550 147 139 97 
0.170051 -0.154090 0.829556 199 198 161 
0.074139 -0.083181 0.812262 101 99 55 
0.017378 -0.080462 0.775668 74 73 31 
0.050531 -0.081082 0.800799 85 93 53 
0.035808 -0.083420 0.789214 54 61 19 
0.150626 -0.146122 0.827961 129 133 81 
-0.028650 -0.046727 0.773274 90 101 44 
0.031839 -0.090539 0.787781 109 124 70 
0.005111 -0.077768 0.778219 63 72 34 
-0.149175 0.097183 0.792310 190 182 148 
-0.069277 -0.022671 0.768070 99 110 67 
-0.126389 0.045380 0.775678 225 218 191 
0.077282 -0.107178 0.813743 81 88 51 
-0.032160 -0.051254 0.776972 88 96 47 
-0.088772 -0.011325 0.765574 68 75 32 
0.004692 -0.086053 0.781319 60 67 30 
-0.105045 0.031200 0.787063 137 132 82 
-0.146696 0.085771 0.796265 205 199 170 
0.158007 -0.163941 0.836343 120 134 66 
0.068118 -0.108882 0.812461 32 32 6 
-0.009973 -0.067100 0.787466 67 53 26 
-0.026452 -0.056140 0.783696 60 62 28 
0.179617 -0.174730 0.846949 188 182 136 
-0.041398 -0.053337 0.778346 81 91 48 
0.192436 -0.186538 0.850706 81 91 50 
-0.032597 -0.057289 0.784800 77 78 33 
0.148058 -0.165239 0.837864 138 156 67 
0.193746 -0.187656 0.857160 108 121 72 
-0.156813 0.070134 0.794957 229 221 191 
-0.168828 0.070757 0.786916 203 195 166 
0.090666 -0.144810 0.821359 124 137 68 
-0.085077 -0.033579 0.777242 141 149 95 
-0.132212 0.035824 0.794233 118 120 70 
0.153109 -0.174998 0.846993 134 131 70 
0.025812 -0.117188 0.798365 49 50 21 
0.158099 -0.178767 0.850969 81 88 37 
-0.015653 -0.096142 0.787206 49 55 26 
-0.045727 -0.065810 0.787992 65 59 28 
0.122970 -0.164139 0.839700 35 39 15 
-0.021267 -0.090844 0.790165 80 94 54 
-0.061174 -0.067176 0.778974 131 146 87 
0.109591 -0.164804 0.832694 91 90 36 
-0.021246 -0.100606 0.789051 90 103 60 
0.077653 -0.148694 0.831039 38 43 13 
0.018109 -0.127287 0.803738 58 74 27 
-0.010164 -0.122194 0.786918 107 120 85 
-0.061671 -0.073398 0.786325 94 81 50 
0.108266 -0.168079 0.841872 115 116 62 
0.035384 -0.132756 0.815344 127 123 90 
-0.035125 -0.088950 0.797050 31 41 15 
-0.055804 -0.080377 0.788414 93 103 51 
0.075275 -0.151256 0.833667 110 105 75 
0.137063 -0.185897 0.855779 103 109 34 
-0.101969 -0.048004 0.785544 125 117 80 
0.047507 -0.142909 0.825901 61 63 21 
-0.044159 -0.090806 0.798342 80 95 45 
0.135240 -0.187437 0.859652 177 168 129 
-0.096964 -0.063953 0.786254 101 97 53 
-0.134119 -0.033249 0.782625 85 97 44 
-0.162178 0.025906 0.808251 206 192 163 
0.096970 -0.174132 0.847892 69 74 25 
-0.080924 -0.081359 0.787659 97 91 53 
0.090532 -0.175125 0.848651 80 86 35 
0.073020 -0.167216 0.841723 104 95 59 
0.011453 -0.147177 0.811125 58 71 37 
-0.111459 -0.058235 0.792521 99 117 48 
-0.172313 0.024964 0.813410 157 154 121 
-0.109526 -0.067139 0.789953 78 88 41 
-0.128050 -0.041150 0.796919 126 109 70 
-0.083109 -0.092661 0.792527 127 116 92 
-0.104367 -0.080246 0.786365 123 134 101 
0.019675 -0.158896 0.820372 72 84 44 
-0.000026 -0.147834 0.814294 82 76 31 
0.101988 -0.172262 0.876130 118 95 58 
0.047483 -0.175938 0.830923 113 127 64 
0.005450 -0.154702 0.815984 86 82 46 
-0.129598 -0.048817 0.799149 130 114 72 
-0.169011 0.011425 0.818519 196 190 165 
0.034841 -0.162197 0.835706 90 99 47 
0.028256 -0.161882 0.830853 76 82 35 
-0.025250 -0.136853 0.810137 94 95 49 
-0.108878 -0.088456 0.788610 76 81 45 
-0.141065 -0.050883 0.794985 98 98 59 
0.107141 -0.173988 0.888798 149 147 108 
-0.042225 -0.133803 0.805724 80 86 46 
0.047057 -0.181784 0.838366 100 82 53 
0.039278 -0.173910 0.838926 83 94 37 
0.009944 -0.164668 0.823703 83 94 36 
-0.094882 -0.098477 0.797418 116 131 68 
-0.110975 -0.091382 0.790784 65 68 28 
-0.125625 -0.069697 0.797652 138 129 84 
-0.130787 -0.064120 0.798321 60 77 19 
0.032241 -0.171791 0.841597 92 96 49 
0.059849 -0.188918 0.855249 160 154 74 
0.048587 -0.188325 0.846768 130 121 88 
-0.083425 -0.114109 0.805761 103 91 57 
-0.143961 -0.066033 0.799149 134 138 85 
0.041688 -0.187276 0.845378 64 74 43 
0.028443 -0.176479 0.844186 74 73 35 
-0.011350 -0.161369 0.825472 66 63 23 
-0.013447 -0.161378 0.823783 58 60 19 
-0.038832 -0.150110 0.813267 77 74 35 
-0.048925 -0.147620 0.810486 98 110 48 
-0.035432 -0.154539 0.818435 100 98 70 
-0.076609 -0.127136 0.809366 86 79 58 
-0.133401 -0.086009 0.799803 91 91 56 
0.093541 -0.176405 0.906854 194 187 147 
0.039235 -0.193843 0.847273 147 144 104 
-0.001312 -0.169472 0.836030 64 67 36 
-0.126160 -0.098112 0.798139 32 33 10 
-0.121390 -0.106316 0.801068 85 87 39 
-0.008314 -0.171637 0.838048 90 96 56 
-0.054065 -0.153351 0.817011 62 68 32 
-0.046113 -0.158269 0.822280 52 57 24 
-0.123271 -0.107471 0.804880 93 95 54 
-0.128357 -0.103106 0.804658 66 70 38 
-0.110713 -0.119408 0.807569 114 118 74 
0.016999 -0.185457 0.856140 116 105 60 
-0.064144 -0.153208 0.818372 60 67 34 
-0.109940 -0.121213 0.809762 50 55 22 
-0.041946 -0.164533 0.829614 79 85 40 
-0.156732 -0.074966 0.816768 198 188 156 
-0.046500 -0.163824 0.829690 59 67 31 
0.039919 -0.175382 0.894833 164 157 115 
-0.170135 -0.052446 0.836731 198 192 167 
-0.174832 -0.051331 0.837266 190 186 161 
-0.007757 -0.189363 0.851380 124 110 78 
-0.012444 -0.184627 0.851905 115 101 64 
-0.088536 -0.162546 0.811306 100 98 47 
-0.159824 -0.072350 0.840333 156 150 116 
-0.058404 -0.168708 0.844283 78 73 44 
-0.161994 -0.073768 0.850983 191 181 150 
-0.083783 -0.167917 0.832744 75 74 38 
-0.036007 -0.186989 0.859083 64 70 40 
-0.139043 -0.111870 0.843551 86 95 45 
-0.033256 -0.189162 0.862692 120 118 89 
-0.058756 -0.181153 0.854845 142 135 93 
-0.056681 -0.185750 0.855348 87 98 50 
-0.058219 -0.183984 0.855783 126 127 82 
-0.090854 -0.170225 0.843952 94 104 45 
-0.042915 -0.196134 0.863761 192 183 151 
-0.135053 -0.131795 0.847279 137 125 88 
-0.156957 -0.099409 0.861163 113 115 83 
-0.130819 -0.135977 0.850188 78 82 40 
-0.091314 -0.165192 0.862382 125 122 83 
-0.129188 -0.138753 0.855652 68 71 38 
-0.141757 -0.136288 0.853629 96 93 56 
-0.108179 -0.153586 0.873167 156 145 111 
-0.138280 -0.138360 0.861600 135 127 88 
-0.113220 -0.149681 0.879805 140 125 92 
-0.124824 -0.144033 0.878657 174 158 125 
-0.150402 -0.126340 0.877625 191 182 152 
-0.095426 -0.187635 0.875638 196 183 148 
-0.098515 -0.189950 0.873522 210 196 164 
-0.143508 -0.146525 0.886815 213 201 168 
-0.110732 -0.187302 0.878767 103 117 76 
-0.127990 -0.160513 0.893092 166 155 106 
-0.157945 -0.143640 0.883303 197 187 159 
-0.134327 -0.159000 0.892272 205 193 157 
-0.131853 -0.162613 0.894134 146 141 72 
-0.154283 -0.157179 0.889208 202 189 155 
-0.169292 -0.155034 0.880317 200 193 167 
-0.124258 -0.189130 0.888183 162 153 113 
-0.148376 -0.176665 0.893480 197 184 146 
-0.145767 -0.190561 0.886108 163 152 111 
0.212471 -0.155312 0.839790 240 240 232 
0.215919 -0.114053 0.825518 230 231 229 
0.212975 -0.083387 0.812758 133 146 78 
0.191603 -0.099701 0.811963 175 181 128 
0.208300 -0.035375 0.802876 67 80 26 
0.185781 -0.124251 0.820426 166 177 128 
0.194264 -0.074381 0.808010 161 170 117 
0.186255 -0.080453 0.805428 74 89 50 
0.191995 -0.067852 0.806630 126 129 84 
0.177229 -0.185091 0.846616 193 186 132 
0.177214 -0.139098 0.825576 52 62 30 
0.206221 -0.017171 0.805099 169 178 126 
0.172005 -0.170515 0.838038 146 157 122 
0.176354 -0.085822 0.804490 103 119 67 
0.187651 -0.049213 0.801494 83 94 53 
0.189135 -0.043937 0.800885 77 86 43 
0.218041 0.003388 0.814484 181 188 147 
0.174602 -0.079489 0.803766 136 148 74 
0.209060 0.156071 0.737577 184 187 145 
0.168365 -0.121118 0.819672 95 108 41 
0.203558 0.103665 0.759174 187 193 153 
0.203642 0.144283 0.740494 188 192 153 
0.205727 0.015179 0.807192 148 160 90 
0.161418 -0.142572 0.829890 109 119 84 
0.162249 -0.121981 0.821329 124 137 101 
0.224370 0.074383 0.807315 174 156 107 
0.191388 0.140649 0.735278 120 128 80 
0.156920 -0.186811 0.849437 78 84 49 
0.158633 -0.141620 0.830441 112 116 70 
0.194599 0.173488 0.728107 108 116 72 
0.198160 0.090922 0.775544 83 97 47 
0.183466 0.144529 0.731831 93 101 63 
0.220296 0.054237 0.825281 209 210 178 
0.148671 -0.108376 0.815625 75 88 32 
0.147566 -0.093403 0.807127 201 193 157 
0.188941 0.211618 0.715417 153 162 113 
0.182662 0.027345 0.803629 181 183 158 
0.174677 0.102486 0.757471 138 145 116 
0.165141 0.132639 0.730791 106 113 72 
0.181019 0.212619 0.713067 126 139 77 
0.158840 0.126762 0.733859 212 211 192 
0.128990 -0.072861 0.799941 150 166 79 
0.196505 0.061203 0.828487 205 193 150 
0.157506 0.170226 0.723746 195 195 165 
0.160634 0.212642 0.707220 63 70 39 
0.161626 0.091593 0.771950 141 139 98 
0.118985 -0.130303 0.828375 119 130 58 
0.154909 0.105389 0.760660 167 178 125 
0.116069 -0.046252 0.787642 178 192 117 
0.117245 -0.041107 0.786686 86 94 46 
0.111228 -0.052968 0.788917 164 179 93 
0.105407 -0.166963 0.842222 170 181 140 
0.106427 -0.073653 0.797189 122 129 73 
0.113179 -0.023249 0.785807 137 145 108 
0.170429 0.061723 0.821681 214 201 165 
0.130937 0.128499 0.734290 126 129 78 
0.166791 0.265119 0.719429 192 187 148 
0.110827 -0.014187 0.787113 156 166 116 
0.084611 -0.088385 0.797351 127 143 82 
0.120385 0.225764 0.687752 151 166 120 
0.125293 0.094846 0.765690 117 126 66 
0.120929 0.177214 0.717510 63 70 36 
0.114212 0.212597 0.690000 143 155 116 
0.078562 -0.089099 0.798440 109 118 61 
0.077072 -0.082868 0.793138 153 170 92 
0.102224 -0.005905 0.789274 101 104 54 
0.111754 0.002674 0.798360 75 78 36 
0.116824 0.118269 0.746280 61 70 32 
0.076036 -0.149176 0.830431 96 108 54 
0.075290 -0.142827 0.826101 48 57 19 
0.076875 -0.063508 0.787519 162 176 119 
0.133176 0.037060 0.815856 176 168 127 
0.118906 0.098973 0.763675 114 121 67 
0.115137 0.187713 0.712624 78 90 56 
0.091768 -0.010996 0.786302 127 123 73 
0.121832 0.073711 0.785524 204 195 169 
0.110092 0.183548 0.711926 128 134 75 
0.068610 -0.074411 0.790577 150 166 110 
0.067276 -0.088031 0.800415 162 168 119 
0.105786 0.116342 0.749541 175 175 115 
0.064009 -0.084059 0.798303 102 108 64 
0.101033 0.234097 0.685492 114 114 57 
0.051694 -0.198590 0.845284 98 110 69 
0.061941 -0.063954 0.789425 79 87 33 
0.098283 0.125149 0.743109 164 156 127 
0.042458 -0.197125 0.840751 120 133 93 
0.109667 0.038189 0.815338 136 141 71 
0.088778 0.117676 0.746772 113 112 59 
0.052164 -0.047068 0.784821 32 42 17 
0.081262 0.172164 0.710943 107 123 58 
0.035770 -0.126613 0.807688 106 115 54 
0.031885 -0.113184 0.794602 77 78 30 
0.055549 -0.015976 0.777943 80 88 50 
0.099076 0.263307 0.697656 85 90 57 
0.100594 0.269232 0.701246 73 82 35 
0.105206 0.274760 0.705276 131 140 87 
0.072796 0.163582 0.720793 136 139 93 
0.017611 -0.099199 0.784307 120 131 88 
0.065907 0.124525 0.736167 131 143 103 
0.069580 0.143402 0.731485 65 74 33 
0.107501 0.286647 0.711464 228 222 193 
0.047001 -0.007757 0.784360 114 127 69 
0.061923 0.120513 0.736860 134 146 85 
0.063785 0.217458 0.686343 63 72 45 
0.111147 0.297733 0.715654 61 67 40 
0.012670 -0.142823 0.810376 67 85 34 
0.023936 -0.053444 0.778502 74 85 41 
0.062604 0.023096 0.796532 126 134 60 
0.058666 0.072613 0.762974 209 197 161 
0.063459 0.165478 0.719060 79 82 46 
0.027029 -0.025371 0.777410 51 61 29 
0.047586 0.005776 0.792502 122 123 68 
0.058234 0.164531 0.720629 163 149 116 
0.002159 -0.182622 0.831016 193 195 147 
0.021937 -0.028974 0.776212 53 59 31 
0.048441 0.011063 0.795885 57 64 36 
0.073888 0.040626 0.819758 147 145 98 
0.050229 0.204300 0.690242 121 133 91 
-0.003444 -0.170596 0.820375 165 167 124 
0.077346 0.045845 0.827544 174 170 130 
0.052003 0.037234 0.796898 101 115 46 
0.073862 0.256374 0.707874 110 103 65 
-0.010669 -0.104968 0.786394 63 73 43 
-0.002652 -0.092540 0.792346 55 62 26 
-0.013481 -0.103917 0.786142 114 123 91 
0.037580 0.078785 0.764786 204 192 155 
0.034888 0.103331 0.746257 84 95 50 
0.024247 0.036028 0.772485 117 107 67 
0.062131 0.254047 0.708982 107 99 62 
-0.019912 -0.185165 0.832664 134 139 62 
-0.019577 -0.164442 0.821183 179 183 146 
0.023189 0.010655 0.790482 137 133 89 
-0.023199 -0.183676 0.831550 173 179 129 
0.033766 0.075685 0.775321 220 207 173 
0.027530 0.142849 0.725706 89 100 66 
0.031318 0.155211 0.729662 63 68 34 
0.027819 0.205460 0.694307 120 113 80 
0.055159 0.260210 0.708145 57 66 37 
0.003388 -0.009715 0.784542 124 136 55 
0.006349 -0.002737 0.785436 64 70 42 
0.020872 0.109398 0.743896 90 94 51 
0.018233 0.125812 0.729757 116 126 77 
-0.017846 -0.082109 0.796429 102 96 53 
0.020763 0.193537 0.698830 163 155 132 
-0.018345 -0.049598 0.781390 140 154 119 
0.015050 0.148505 0.725513 82 85 52 
-0.038197 -0.145602 0.815009 86 95 46 
-0.027411 -0.025334 0.761371 166 180 113 
-0.001442 -0.005419 0.794437 58 67 36 
0.008123 0.031264 0.788963 137 153 88 
0.010698 0.071244 0.769380 163 161 122 
0.020444 0.168601 0.732707 127 114 85 
0.015272 0.230330 0.686356 146 168 108 
0.015841 0.053633 0.799532 195 188 151 
-0.002913 0.091122 0.748871 91 99 53 
-0.032552 -0.052879 0.789676 61 63 33 
0.005617 0.066159 0.784506 58 68 28 
0.012347 0.175005 0.729641 100 87 54 
-0.017177 -0.005619 0.793341 91 79 45 
0.012457 0.240421 0.694541 78 83 53 
0.028007 0.262434 0.713845 126 124 82 
-0.040981 -0.039256 0.781949 147 153 103 
-0.012023 0.196180 0.687624 115 124 76 
-0.002588 0.218615 0.690750 60 66 32 
-0.045823 -0.056026 0.788945 111 128 61 
-0.015219 0.124962 0.731340 120 96 58 
0.018718 0.262313 0.707190 158 155 115 
-0.013137 0.166800 0.719010 90 96 57 
0.009592 0.264223 0.699322 139 144 87 
-0.015842 0.049440 0.793906 158 163 118 
-0.029970 0.149006 0.704122 71 84 34 
-0.018358 0.177971 0.707298 77 87 52 
-0.055717 -0.034066 0.778188 161 169 113 
-0.054040 -0.011451 0.766840 93 101 58 
-0.022167 0.163353 0.714608 50 54 23 
0.019635 0.298142 0.711846 192 187 155 
-0.070514 -0.097558 0.802085 46 56 24 
-0.032877 0.073132 0.763052 71 78 45 
-0.005547 0.268697 0.688306 88 97 55 
-0.002670 0.271624 0.691880 88 97 56 
0.020248 0.295735 0.719831 183 181 148 
-0.044458 0.005849 0.790167 42 48 19 
-0.035416 0.140853 0.719521 83 87 56 
-0.033840 0.190120 0.690441 104 102 71 
-0.011644 0.239953 0.700461 87 77 41 
-0.033189 0.039030 0.795749 132 130 83 
-0.076120 -0.063526 0.791268 95 103 59 
-0.040346 0.017887 0.807222 136 134 82 
-0.079130 -0.073229 0.797438 42 50 26 
-0.044585 0.130191 0.729866 121 110 64 
-0.023206 0.255675 0.688319 64 69 36 
-0.050323 0.110605 0.737011 125 122 82 
-0.046860 0.135323 0.727310 101 109 58 
0.010817 0.305170 0.727752 189 186 149 
-0.046024 0.030215 0.805205 143 137 97 
-0.093729 -0.119229 0.816556 66 69 44 
-0.053994 0.191583 0.685708 152 148 107 
0.007358 0.302758 0.733587 211 205 174 
-0.054084 0.019648 0.807935 112 107 69 
-0.060911 0.063841 0.764001 101 107 74 
-0.026638 0.267657 0.694386 146 141 83 
-0.099862 -0.157749 0.842269 215 204 182 
-0.085018 -0.029341 0.784459 116 114 55 
-0.052641 0.032386 0.808086 120 140 72 
0.002867 0.304044 0.734889 205 199 169 
-0.067598 0.178131 0.682872 118 124 68 
0.000270 0.304544 0.734911 217 212 182 
-0.071917 0.057101 0.763158 94 104 56 
-0.069430 0.066285 0.761925 70 79 38 
-0.036735 0.262337 0.693462 137 152 51 
-0.065698 0.178141 0.697370 102 74 42 
-0.050234 0.225887 0.696228 90 91 53 
-0.044691 0.247315 0.692809 89 96 47 
-0.041204 0.256281 0.693806 127 141 55 
-0.108514 -0.108044 0.813949 92 102 50 
-0.097752 -0.035107 0.785298 123 114 74 
-0.073557 0.067650 0.763868 167 157 124 
-0.110677 -0.151418 0.846038 213 204 172 
-0.063121 0.180333 0.712126 145 133 100 
-0.045744 0.255433 0.695769 135 150 68 
-0.073961 0.078032 0.767326 78 83 23 
-0.052281 0.244818 0.694920 81 90 60 
-0.050450 0.249318 0.695615 131 140 83 
-0.119337 -0.073165 0.790047 70 84 36 
-0.071533 0.206426 0.692100 111 128 84 
-0.116231 -0.182846 0.882163 170 166 113 
-0.082054 0.077964 0.767714 178 173 135 
-0.044968 0.276787 0.704441 144 158 98 
-0.029082 0.290839 0.728802 180 176 139 
-0.122925 -0.152970 0.852367 141 137 104 
-0.123041 -0.120010 0.828113 107 119 69 
-0.094196 0.021970 0.787893 61 74 26 
-0.070734 0.049032 0.819562 188 182 145 
-0.087241 0.074710 0.770721 136 142 110 
-0.076687 0.184038 0.713899 151 164 116 
-0.076203 0.186191 0.713391 134 146 105 
-0.077065 0.210412 0.693742 119 128 76 
-0.061012 0.248425 0.701303 72 71 42 
-0.096199 -0.013941 0.822247 148 141 116 
-0.128036 -0.130987 0.844213 124 128 75 
-0.130004 -0.066943 0.792290 118 109 70 
-0.052442 0.281575 0.707392 157 160 118 
-0.043824 0.288941 0.721225 187 182 145 
-0.127887 -0.034164 0.778766 119 119 81 
-0.093712 0.074410 0.774805 171 156 106 
-0.076206 0.231846 0.696753 105 100 58 
-0.071795 0.240999 0.699871 113 103 73 
-0.068501 0.249872 0.700679 89 83 58 
-0.139261 -0.191593 0.877339 183 175 118 
-0.136982 -0.075385 0.801454 104 102 62 
-0.085671 0.166344 0.736184 64 65 40 
-0.058726 0.283437 0.709355 166 164 122 
-0.136181 -0.125728 0.847956 152 153 123 
-0.114002 0.013225 0.793389 99 101 58 
-0.101580 0.133693 0.730368 91 93 49 
-0.099617 0.142419 0.728257 98 83 46 
-0.087877 0.162683 0.739934 73 79 44 
-0.086945 0.212707 0.704008 114 118 77 
-0.084916 0.232938 0.693292 92 94 55 
-0.138970 -0.112668 0.838148 170 156 111 
-0.133968 -0.035258 0.790478 79 89 59 
-0.093863 0.156513 0.736849 65 72 40 
-0.090674 0.161117 0.740740 76 80 45 
-0.072781 0.267294 0.701018 105 85 52 
-0.148960 -0.181565 0.874512 177 168 103 
-0.093734 0.189083 0.718152 86 70 41 
-0.153221 -0.181904 0.871620 175 165 101 
-0.142587 -0.063538 0.804863 78 80 55 
-0.100416 0.241232 0.667919 108 132 59 
-0.155843 -0.172861 0.872162 186 176 119 
-0.152913 -0.169538 0.876579 187 178 137 
-0.140900 -0.089674 0.849446 171 159 123 
-0.149529 -0.019163 0.779140 111 122 53 
-0.110396 0.040634 0.826881 192 187 158 
-0.112576 0.184628 0.706755 80 93 40 
-0.153877 -0.150952 0.880747 199 187 149 
-0.150504 -0.011344 0.776962 187 173 144 
-0.117936 0.086912 0.778135 128 136 91 
-0.124040 0.110450 0.744235 127 121 65 
-0.119345 0.143197 0.729487 69 75 47 
-0.110036 0.177816 0.724576 78 61 44 
-0.157873 -0.148528 0.876114 195 183 145 
-0.154867 -0.141992 0.878278 201 187 150 
-0.121626 0.097138 0.767354 206 200 168 
-0.106927 0.246602 0.682964 127 142 78 
-0.161579 -0.140127 0.867255 194 180 139 
-0.107580 0.204913 0.721311 170 160 126 
-0.106332 0.211253 0.719266 112 108 73 
-0.142005 -0.046707 0.847196 120 135 77 
-0.146402 -0.064616 0.857993 166 161 123 
-0.124966 0.037467 0.828167 203 196 168 
-0.168856 -0.110011 0.845538 200 190 161 
-0.127497 0.085480 0.788929 199 192 163 
-0.141664 -0.014929 0.843328 161 147 110 
-0.140770 -0.009892 0.841418 166 148 108 
-0.127865 0.102497 0.780647 86 92 56 
-0.111486 0.172732 0.764135 143 125 83 
-0.121803 0.181756 0.729946 143 160 99 
-0.091242 0.295616 0.720055 178 170 139 
-0.132291 0.108526 0.777817 120 132 84 
-0.131439 0.155094 0.740507 151 141 99 
-0.150122 -0.011880 0.840586 173 164 132 
-0.135527 0.213497 0.686427 124 142 61 
-0.122655 0.240211 0.697650 96 99 60 
-0.118190 0.267858 0.685817 129 144 84 
-0.161997 -0.012142 0.823801 177 170 137 
-0.141890 0.154545 0.733243 87 91 51 
-0.131160 0.261510 0.669281 141 158 111 
-0.120068 0.203042 0.756863 158 144 100 
-0.152323 0.048622 0.811627 195 188 155 
-0.158781 0.030388 0.817393 184 171 137 
-0.126386 0.214090 0.743828 110 119 58 
-0.128102 0.258011 0.700092 138 130 96 
-0.147822 0.115644 0.779188 157 153 115 
-0.128250 0.224826 0.736080 154 147 107 
-0.166597 0.045524 0.796896 165 150 111 
-0.128259 0.216021 0.751034 188 183 148 
-0.176456 0.028983 0.791389 204 204 194 
-0.160181 0.130450 0.745396 174 166 128 
-0.128697 0.258366 0.718535 141 148 100 
-0.161531 0.131108 0.748045 172 164 125 
-0.131011 0.235153 0.747407 154 143 106 
-0.163769 0.119223 0.767069 183 178 149 
-0.168156 0.152059 0.730832 179 174 146 
-0.166527 0.158409 0.729671 171 165 129 
-0.143981 0.195310 0.761411 169 160 125 
-0.135236 0.268972 0.718084 132 134 84 
-0.140309 0.220057 0.756462 165 157 120 
-0.146893 0.201068 0.762389 188 181 152 
-0.139532 0.268221 0.720471 169 178 123 
-0.139872 0.282623 0.705731 184 178 146 
-0.143331 0.233715 0.749464 175 167 130 
-0.158637 0.190302 0.752395 200 195 162 
-0.146595 0.227997 0.752661 167 162 124 
-0.145895 0.260957 0.722878 105 114 57 
-0.143891 0.282004 0.708614 195 189 159 
-0.153363 0.207074 0.759935 199 192 163 
-0.157438 0.205142 0.756964 184 177 145 
-0.149263 0.241600 0.746503 192 184 149 
-0.162633 0.212145 0.749270 187 179 151 
0.165238 -0.195001 0.849321 160 170 113 
0.173969 -0.182651 0.841373 225 205 162 
0.222459 -0.165313 0.854077 239 238 234 
0.175330 -0.159743 0.829269 69 80 36 
0.223116 -0.124763 0.828791 164 166 131 
0.134066 -0.167609 0.831969 73 81 17 
0.177244 -0.125489 0.812607 160 167 124 
0.156063 -0.139705 0.822751 61 68 28 
0.206588 -0.106239 0.814177 231 229 224 
0.094394 -0.172197 0.842737 102 112 87 
0.145886 -0.134350 0.823818 132 138 92 
0.075667 -0.192068 0.863764 147 156 104 
0.085920 -0.179815 0.852454 145 157 102 
0.040788 -0.187345 0.832106 33 42 6 
0.152144 -0.120263 0.815218 53 65 39 
0.221226 -0.086545 0.817444 152 163 100 
0.169744 -0.102193 0.804998 79 88 34 
0.173530 -0.099717 0.804116 84 90 50 
0.075959 -0.177516 0.853864 145 153 92 
0.136902 -0.122119 0.819042 91 103 60 
0.144208 -0.115151 0.813799 125 134 98 
0.176268 -0.090320 0.800154 73 81 27 
0.070079 -0.169401 0.844611 141 149 98 
0.074778 -0.155466 0.830152 91 98 39 
0.022512 -0.178321 0.827562 155 160 99 
0.127413 -0.116252 0.814902 113 105 56 
0.179999 -0.078043 0.796839 116 123 84 
0.022276 -0.175022 0.826177 147 152 87 
0.173167 -0.078164 0.795753 172 175 135 
0.051519 -0.155801 0.823895 77 87 38 
0.111093 -0.118563 0.813674 80 86 29 
0.186565 -0.069901 0.798251 158 160 114 
0.009303 -0.175277 0.823879 140 149 110 
0.156894 -0.081188 0.795807 83 97 49 
0.094818 -0.124832 0.818939 196 185 154 
0.193595 -0.061772 0.800207 28 40 12 
0.030775 -0.151033 0.819439 101 113 55 
0.102695 -0.104823 0.805753 80 92 55 
-0.034698 -0.195607 0.840486 167 169 129 
-0.014202 -0.189156 0.848136 178 177 142 
0.058674 -0.133820 0.824391 111 119 79 
0.005712 -0.151118 0.809789 189 191 163 
0.027686 -0.144146 0.818107 226 218 195 
0.111386 -0.085478 0.794267 146 156 82 
0.153993 -0.060200 0.794807 161 154 127 
0.016279 -0.141376 0.811554 223 216 200 
0.106181 -0.080956 0.790788 95 106 18 
0.177426 -0.042137 0.790148 93 102 58 
0.200268 -0.032160 0.799214 157 162 119 
-0.001780 -0.140349 0.801446 119 126 90 
0.005620 -0.136785 0.802249 116 127 85 
-0.062822 -0.181771 0.824636 181 183 143 
-0.001317 -0.132538 0.796875 107 115 74 
-0.020197 -0.136348 0.798402 147 163 108 
0.203725 -0.016622 0.805454 155 164 116 
-0.058812 -0.166218 0.818258 112 119 79 
-0.016369 -0.127464 0.790593 139 156 101 
0.124698 -0.044387 0.781627 120 123 82 
0.064938 -0.079634 0.790223 124 138 86 
0.116681 -0.044131 0.777911 156 167 97 
0.131598 -0.030443 0.782790 120 129 87 
-0.040762 -0.143381 0.817466 70 78 38 
-0.034201 -0.141746 0.821294 94 95 50 
0.127449 -0.029665 0.782013 52 62 27 
-0.055445 -0.146699 0.812816 61 69 26 
-0.031820 -0.138315 0.822080 195 186 158 
-0.055451 -0.143746 0.811858 78 90 49 
0.018812 -0.084670 0.784569 41 52 18 
-0.056941 -0.138923 0.810380 102 107 57 
-0.025444 -0.111980 0.793296 86 96 40 
0.094333 -0.038948 0.784232 122 128 85 
0.197164 0.009087 0.804311 134 146 82 
0.206559 0.012659 0.807697 134 151 83 
-0.088388 -0.159877 0.820730 144 155 107 
0.129318 -0.014623 0.781016 58 69 40 
0.204283 0.014648 0.806962 137 154 81 
-0.095111 -0.170773 0.838887 82 92 38 
-0.058185 -0.131397 0.808625 93 96 43 
0.033770 -0.063045 0.778798 69 79 52 
0.117043 -0.015544 0.779574 92 103 48 
0.103051 -0.020673 0.779047 101 106 72 
-0.029766 -0.107151 0.802939 29 35 7 
-0.075167 -0.135929 0.812541 166 175 128 
0.048069 -0.049110 0.782598 19 25 2 
0.109640 -0.011212 0.778385 94 106 71 
-0.113202 -0.191252 0.882741 147 147 97 
0.013965 -0.062740 0.775361 98 108 57 
0.124391 -0.004828 0.787987 100 97 49 
0.162323 0.011056 0.800231 195 196 173 
-0.051388 -0.106687 0.791721 123 133 88 
0.058878 -0.038184 0.783622 69 80 37 
0.085765 -0.020701 0.780101 88 87 47 
-0.094494 -0.147897 0.828334 94 90 47 
-0.085370 -0.136952 0.817173 40 48 25 
-0.075815 -0.126616 0.807728 119 121 74 
0.064020 -0.033400 0.785251 87 93 38 
0.082003 -0.021688 0.782911 125 132 69 
-0.057379 -0.102983 0.786913 88 98 42 
-0.053307 -0.098851 0.788245 80 94 49 
-0.117944 -0.169422 0.858698 162 158 122 
-0.052583 -0.096508 0.789236 147 159 121 
-0.005390 -0.064018 0.784983 48 61 5 
0.034193 -0.033966 0.771583 114 111 73 
0.096019 -0.003097 0.783420 62 63 23 
0.221722 0.051472 0.824190 173 179 139 
-0.073908 -0.107045 0.794710 73 80 40 
-0.123412 -0.167942 0.864298 46 49 19 
-0.034238 -0.085379 0.803780 86 81 44 
-0.010903 -0.063021 0.786392 82 86 48 
-0.001328 -0.049197 0.769666 29 32 5 
0.153863 0.028342 0.800758 85 94 57 
-0.091423 -0.120550 0.810890 48 56 15 
-0.012957 -0.059135 0.780925 126 118 91 
-0.125008 -0.159757 0.855637 48 54 28 
-0.091870 -0.117258 0.808482 53 61 24 
0.177780 0.040036 0.818079 98 107 52 
-0.155158 -0.185579 0.882137 174 163 109 
-0.109155 -0.133864 0.831629 41 48 0 
-0.101067 -0.117181 0.806729 50 53 20 
0.000139 -0.038417 0.769504 92 108 54 
0.034867 -0.021748 0.778594 51 58 23 
0.155771 0.037837 0.806960 194 190 167 
-0.125886 -0.149587 0.848663 72 74 36 
-0.112751 -0.134855 0.834281 183 179 155 
-0.105997 -0.124068 0.820065 54 62 29 
-0.053967 -0.080115 0.798860 63 67 27 
-0.019297 -0.045577 0.770084 33 40 18 
0.207327 0.065352 0.827257 143 158 102 
-0.131835 -0.150405 0.853184 65 69 29 
0.010382 -0.025135 0.770245 152 159 95 
0.102776 0.016872 0.800967 131 118 92 
0.205524 0.076314 0.807786 191 177 138 
-0.110946 -0.110626 0.800112 115 130 70 
-0.048970 -0.071404 0.797215 74 70 33 
-0.018542 -0.036790 0.762595 147 162 97 
-0.102747 -0.101461 0.796224 78 78 38 
0.005011 -0.019746 0.767551 150 153 98 
0.010425 -0.016576 0.767896 103 111 60 
0.090656 0.018739 0.798561 76 84 38 
0.143309 0.042951 0.816415 202 197 167 
0.188277 0.062799 0.833483 218 205 163 
0.182295 0.077914 0.792363 127 134 77 
-0.140986 -0.149824 0.861157 197 184 147 
0.184705 0.064800 0.830809 224 211 169 
0.181933 0.098936 0.751896 174 184 149 
-0.108238 -0.095003 0.790061 62 69 26 
-0.138239 -0.135766 0.844640 67 67 22 
-0.119315 -0.100327 0.791815 96 103 54 
-0.082888 -0.086217 0.810725 107 100 74 
-0.067817 -0.069502 0.794305 41 50 23 
0.140359 0.049836 0.816124 62 68 28 
0.164158 0.086262 0.767839 132 140 109 
0.179311 0.105015 0.746988 170 184 96 
-0.083052 -0.085373 0.814072 101 95 67 
-0.046811 -0.051590 0.788867 44 48 18 
-0.036162 -0.031585 0.758857 143 153 100 
-0.034060 -0.029073 0.756156 145 156 92 
-0.020852 -0.022553 0.759962 93 93 47 
0.211284 0.126358 0.749867 76 89 38 
0.159970 0.091104 0.763503 102 104 52 
0.160367 0.095085 0.755077 84 92 50 
-0.046721 -0.044123 0.783142 149 158 106 
0.163834 0.105945 0.741533 113 127 93 
-0.141156 -0.125909 0.840188 207 193 172 
-0.134762 -0.117262 0.829594 100 94 46 
-0.081895 -0.077529 0.814605 174 157 138 
0.038299 0.004322 0.799922 105 102 59 
0.052807 0.023258 0.777445 106 115 42 
0.169074 0.112953 0.739195 154 169 84 
-0.124137 -0.098084 0.806384 134 127 87 
-0.007544 -0.014290 0.782422 77 80 33 
0.120022 0.071134 0.770601 73 84 48 
0.125487 0.075055 0.769491 120 123 85 
0.205470 0.135865 0.745397 126 137 78 
-0.125063 -0.099112 0.812872 137 121 93 
-0.090606 -0.080499 0.820134 122 116 86 
0.094429 0.038418 0.815211 64 70 37 
-0.043271 -0.027398 0.771936 85 86 59 
0.060670 0.027839 0.796547 126 121 86 
-0.130793 -0.102294 0.822957 76 87 34 
-0.078144 -0.046824 0.771230 115 107 76 
-0.070346 -0.041897 0.771287 108 116 73 
0.000106 0.000138 0.777596 86 81 51 
0.124012 0.084184 0.764957 66 77 42 
-0.080115 -0.044834 0.769111 103 103 68 
-0.024184 -0.020672 0.796147 30 35 12 
-0.021272 -0.018836 0.802188 49 47 20 
-0.011508 -0.006918 0.788674 57 63 31 
0.010916 0.009430 0.783846 76 71 37 
0.019333 0.012172 0.790103 88 85 41 
0.086463 0.038092 0.830385 155 151 115 
-0.169478 -0.137473 0.865100 188 175 139 
-0.129759 -0.078518 0.784857 43 52 20 
-0.089324 -0.050887 0.780690 62 63 32 
0.127611 0.095879 0.761872 34 42 6 
0.181027 0.141075 0.735557 73 82 44 
-0.146067 -0.086416 0.800919 93 92 59 
-0.099082 -0.055174 0.798918 104 95 56 
0.076768 0.076902 0.754163 184 180 137 
0.102795 0.089532 0.764558 144 144 123 
0.146095 0.132063 0.728914 40 49 18 
-0.107556 -0.056769 0.795175 92 104 39 
-0.085540 -0.033756 0.773586 40 46 7 
-0.057739 -0.011908 0.764191 54 52 28 
0.017192 0.028602 0.784390 64 71 30 
-0.146981 -0.077668 0.789177 67 69 40 
0.130919 0.127305 0.729345 107 108 62 
-0.151468 -0.079772 0.792840 142 128 95 
0.117747 0.110244 0.757195 112 110 48 
-0.130651 -0.060284 0.783819 58 53 21 
0.007051 0.030166 0.783157 45 57 16 
-0.025668 0.011301 0.782977 101 113 60 
0.004204 0.030592 0.783813 118 135 75 
0.114599 0.119588 0.741785 90 101 64 
-0.130385 -0.057136 0.788015 62 70 27 
-0.018489 0.015450 0.790870 114 118 74 
0.113207 0.124725 0.733009 93 101 52 
-0.064162 -0.001333 0.762808 42 53 20 
0.021786 0.057907 0.756408 150 170 101 
0.002665 0.042319 0.783878 149 152 96 
0.048325 0.088227 0.742889 58 65 17 
-0.017812 0.026613 0.796102 89 102 47 
0.040317 0.078638 0.760918 64 69 38 
0.099971 0.131700 0.732591 49 54 15 
0.174643 0.184778 0.724341 117 131 62 
-0.084015 -0.008595 0.784914 68 52 27 
-0.080810 -0.006524 0.785132 92 80 49 
0.209014 0.210363 0.724894 141 147 93 
-0.117856 -0.033803 0.798070 118 117 78 
-0.075517 -0.002457 0.790337 74 69 39 
-0.147834 -0.070724 0.850448 151 142 109 
-0.087241 -0.006835 0.787313 79 63 38 
-0.054156 0.014389 0.790379 105 97 68 
0.032552 0.082599 0.763822 97 105 50 
-0.155704 -0.074998 0.854386 164 155 122 
-0.121491 -0.031835 0.798997 83 79 54 
-0.102977 -0.021512 0.805123 96 94 53 
0.000216 0.062418 0.766178 182 170 133 
0.007566 0.072318 0.752540 38 48 6 
0.022760 0.078059 0.765132 201 186 148 
0.027672 0.080474 0.767655 170 160 121 
0.132393 0.169101 0.718565 83 88 49 
-0.058177 0.014855 0.795299 81 72 45 
0.037815 0.100435 0.738321 32 41 10 
0.040904 0.102874 0.737364 51 59 23 
-0.169305 -0.075273 0.843038 178 171 141 
-0.096012 -0.005098 0.785970 94 86 63 
-0.050305 0.023382 0.793386 118 112 78 
-0.017450 0.045245 0.794801 117 127 74 
-0.001184 0.055992 0.795720 186 176 140 
0.007192 0.076620 0.753717 48 58 13 
-0.115644 -0.026907 0.816609 125 108 81 
0.112742 0.164048 0.717157 34 38 15 
-0.095140 0.002190 0.794380 75 73 36 
-0.091046 0.003965 0.797410 88 86 53 
-0.011987 0.064363 0.779988 201 190 159 
-0.116656 -0.020734 0.825172 117 99 71 
-0.107733 -0.003403 0.792408 107 97 66 
-0.003877 0.082081 0.751889 106 106 53 
-0.016690 0.067711 0.775479 178 166 128 
0.048366 0.128367 0.729219 52 57 19 
0.149727 0.203651 0.713984 167 173 108 
-0.154669 -0.032341 0.795903 148 140 98 
-0.025067 0.060565 0.786972 160 151 114 
0.033255 0.122108 0.724101 135 148 94 
0.094229 0.169559 0.708740 81 89 42 
-0.051108 0.048765 0.775616 69 75 36 
-0.017806 0.077167 0.759861 81 86 39 
-0.148766 -0.013751 0.766088 80 88 44 
-0.088571 0.015431 0.804935 124 110 75 
-0.069106 0.040623 0.769691 106 122 57 
0.181521 0.235776 0.716212 170 170 147 
-0.106626 0.012562 0.789990 118 120 80 
-0.067107 0.029466 0.823359 132 124 87 
-0.063697 0.031791 0.823564 132 127 91 
-0.066969 0.047044 0.769375 69 80 37 
0.136876 0.211015 0.704417 74 87 42 
-0.145680 -0.009483 0.780602 92 101 42 
-0.123758 0.003939 0.786806 65 68 36 
-0.020600 0.086959 0.754110 112 112 67 
0.126886 0.202236 0.718012 120 120 75 
-0.083659 0.025277 0.816014 132 125 87 
-0.021935 0.088496 0.754054 138 131 84 
-0.084058 0.026657 0.818744 121 117 77 
0.016591 0.127721 0.723797 41 50 19 
0.026647 0.137105 0.716573 83 91 37 
0.059138 0.157116 0.725944 75 74 31 
-0.104007 0.019454 0.804644 101 106 54 
-0.056577 0.065971 0.771153 57 62 26 
-0.048957 0.076763 0.753774 98 111 48 
0.031430 0.147089 0.711086 72 81 46 
-0.031423 0.091073 0.755710 55 65 35 
0.112358 0.212348 0.694232 122 134 92 
0.191202 0.258770 0.726027 138 147 90 
-0.173554 -0.025180 0.812301 196 186 159 
-0.156963 -0.016590 0.823039 160 151 122 
-0.164383 -0.018865 0.820955 182 174 142 
-0.127440 0.007662 0.820724 106 87 55 
0.063236 0.178183 0.707778 55 66 34 
-0.121368 0.013177 0.825111 109 99 60 
-0.035122 0.095650 0.756134 63 73 39 
-0.005298 0.125846 0.726650 85 87 33 
0.001672 0.131746 0.723648 73 83 43 
0.114060 0.222736 0.689091 71 74 30 
0.146364 0.240290 0.708030 165 158 117 
-0.083656 0.062786 0.757407 161 147 103 
0.174066 0.255710 0.732350 178 175 134 
-0.061532 0.079972 0.761334 142 130 84 
0.098131 0.216857 0.687229 68 73 31 
-0.154903 -0.003889 0.826041 167 160 128 
-0.059361 0.090736 0.737910 112 105 48 
0.009428 0.145744 0.719826 75 82 45 
0.051350 0.179952 0.706443 114 119 78 
0.116069 0.232377 0.687108 89 101 47 
-0.151188 0.000628 0.828173 181 175 150 
-0.063068 0.091060 0.735616 169 155 111 
-0.008999 0.133932 0.722889 88 93 34 
0.064645 0.197045 0.689069 71 77 45 
-0.160035 -0.002975 0.826815 169 162 133 
0.025151 0.163344 0.715259 76 64 33 
0.056096 0.191590 0.695017 64 76 41 
-0.098339 0.044247 0.827531 192 186 160 
-0.009440 0.139112 0.720459 23 26 11 
0.062877 0.202600 0.682142 107 115 74 
-0.122485 0.028370 0.830306 162 157 130 
-0.094989 0.070789 0.749915 64 76 43 
-0.036525 0.113282 0.750833 126 124 82 
-0.021083 0.132282 0.723059 91 96 56 
0.054757 0.197301 0.688596 128 138 96 
-0.095843 0.052405 0.823048 177 163 123 
-0.062221 0.102467 0.730521 130 109 73 
-0.105944 0.046851 0.825531 195 188 161 
-0.091178 0.061574 0.811282 198 185 149 
-0.017704 0.138986 0.725134 108 106 70 
0.007655 0.157632 0.725101 61 60 31 
-0.067035 0.105199 0.724562 99 74 43 
0.019712 0.173554 0.708056 75 84 26 
-0.125355 0.037300 0.826574 205 197 174 
-0.103310 0.054924 0.821539 191 177 140 
-0.095530 0.064931 0.805523 206 191 158 
-0.050260 0.117337 0.734213 50 58 26 
-0.155473 0.017807 0.825397 168 161 133 
0.024591 0.183390 0.702877 73 87 31 
-0.058884 0.116581 0.730769 192 179 146 
0.052037 0.210622 0.685854 49 52 21 
0.083241 0.234540 0.682974 94 102 50 
-0.109500 0.061393 0.807994 189 174 139 
0.021105 0.185227 0.704517 78 78 33 
0.032955 0.196575 0.694694 39 47 18 
0.153301 0.282196 0.710093 99 108 73 
-0.100706 0.083460 0.756784 141 139 115 
-0.090653 0.091353 0.755251 187 176 146 
-0.091394 0.098876 0.723487 68 74 41 
0.010806 0.180139 0.703850 80 86 33 
0.070323 0.228017 0.690234 38 41 20 
0.109783 0.257704 0.689294 81 93 45 
-0.171588 0.020494 0.805660 170 163 135 
0.030341 0.196363 0.707026 95 80 54 
0.051752 0.216893 0.689080 92 94 51 
-0.125616 0.054078 0.818776 174 159 118 
-0.122231 0.069582 0.766593 88 91 61 
0.000224 0.171024 0.727980 61 52 26 
0.002209 0.174884 0.718435 126 118 89 
0.045890 0.215307 0.687602 97 105 57 
0.058356 0.223282 0.693139 77 71 42 
0.069386 0.232271 0.690258 33 41 19 
-0.153965 0.035405 0.818144 197 190 164 
0.094953 0.255813 0.682784 205 200 170 
-0.092058 0.106763 0.726404 62 65 29 
-0.004852 0.174124 0.719726 84 72 48 
-0.145874 0.047724 0.812577 194 185 158 
-0.065633 0.127824 0.731389 74 76 33 
-0.119247 0.082118 0.762802 206 200 175 
-0.150229 0.049786 0.810453 188 176 142 
-0.140634 0.061827 0.800445 64 77 37 
-0.034570 0.160308 0.723702 90 77 43 
-0.026995 -0.095501 0.785223 59 67 33 
0.111780 -0.002891 0.782008 80 83 37 
0.084893 -0.018175 0.783745 130 140 81 
-0.097072 -0.166661 0.828203 138 149 85 
0.148680 0.008430 0.807941 121 116 62 
0.221681 0.044690 0.822682 171 179 137 
-0.061971 -0.113318 0.792596 60 72 34 
0.150612 0.014503 0.806346 77 84 40 
0.077031 0.230016 0.688205 140 147 96 
0.148833 0.175191 0.732176 104 99 54 
-0.067256 -0.115074 0.795031 64 76 43 
0.031230 -0.034868 0.773489 83 95 45 
0.141500 0.002295 0.819517 121 116 64 
0.093389 0.001674 0.787996 81 87 46 
-0.117538 -0.186901 0.862270 166 169 115 
-0.084941 -0.123166 0.804646 97 102 62 
-0.058544 -0.093340 0.787507 44 49 20 
0.058644 -0.011825 0.780386 104 110 58 
0.218035 0.094413 0.776981 194 197 160 
0.056996 -0.009408 0.780336 110 119 70 
0.182964 0.118359 0.764906 53 60 11 
-0.022621 -0.059148 0.782182 123 137 81 
0.125046 0.011166 0.817583 58 71 29 
0.188303 0.064396 0.801077 186 190 156 
0.129261 0.157546 0.737218 51 57 21 
-0.051176 -0.075700 0.784097 170 174 143 
0.065545 0.000863 0.783343 87 87 48 
0.156701 0.056499 0.793313 205 201 168 
0.191750 0.116706 0.778247 112 118 56 
0.173207 0.116735 0.763992 98 101 65 
-0.060421 -0.075228 0.784597 88 90 47 
-0.024084 -0.041644 0.770786 85 89 41 
0.166002 0.116917 0.761968 49 56 24 
0.075355 0.184142 0.709419 32 37 8 
-0.012536 -0.027088 0.765654 151 162 103 
0.151360 0.065912 0.785032 207 202 168 
0.168944 0.085870 0.773118 218 206 168 
0.206466 0.129744 0.745890 162 174 125 
0.057219 0.197782 0.702328 55 60 23 
0.144574 0.129217 0.755537 97 111 58 
-0.130735 -0.146024 0.829426 67 77 46 
-0.079968 -0.089509 0.796401 152 154 129 
0.033051 -0.005631 0.782021 106 115 63 
0.020965 0.240034 0.695536 44 50 16 
0.124804 0.033980 0.815541 101 91 43 
0.134097 0.072503 0.769495 83 92 59 
0.137035 0.073192 0.771235 98 101 72 
0.182099 0.126083 0.737897 131 147 75 
0.191664 0.113933 0.798961 133 134 89 
0.050175 0.014020 0.779646 102 106 56 
0.101751 0.139896 0.735216 95 91 62 
0.075027 0.027437 0.783631 90 89 42 
0.010012 0.300890 0.707010 127 130 97 
0.106762 0.034405 0.803222 59 69 29 
0.120671 0.068987 0.766828 181 175 135 
0.217772 0.102162 0.820000 201 206 179 
0.093741 0.142542 0.733036 65 71 28 
-0.147979 -0.176554 0.872473 184 175 108 
-0.110853 -0.104442 0.803751 138 153 91 
-0.080659 -0.078077 0.794184 154 141 99 
-0.076952 -0.073860 0.791604 103 101 51 
-0.023963 -0.023282 0.768635 162 174 117 
0.119342 0.131521 0.753717 65 68 25 
0.018459 -0.001984 0.782660 126 144 87 
-0.008703 -0.020568 0.788819 110 99 54 
0.001539 -0.013070 0.787640 104 112 64 
0.225766 0.042658 0.816992 168 170 134 
0.083542 0.148536 0.733456 28 33 7 
0.074092 0.166431 0.730974 83 83 54 
-0.161837 -0.174135 0.872049 189 186 136 
0.010412 0.227579 0.697454 99 112 56 
0.141367 0.101538 0.758557 240 223 193 
-0.008473 0.288608 0.699631 72 76 35 
-0.123572 -0.096971 0.800844 133 140 91 
0.115963 0.092750 0.751941 101 104 55 
0.031021 0.186099 0.705552 78 79 40 
-0.028652 -0.016843 0.779116 110 112 82 
0.217560 0.035489 0.815524 124 131 83 
0.188763 0.155353 0.734524 80 89 35 
0.175300 0.113276 0.803970 202 199 174 
0.024682 0.185906 0.703792 68 71 39 
0.003842 0.001783 0.787961 187 192 150 
0.092435 0.067310 0.776603 152 145 94 
0.144730 0.135153 0.726534 54 65 29 
0.207834 0.066497 0.820279 175 161 121 
0.119224 0.120907 0.764582 66 68 26 
0.022722 0.027286 0.773323 93 92 41 
0.085147 0.064842 0.778175 152 141 97 
0.133022 0.107847 0.775447 80 85 32 
0.098188 0.088805 0.755079 87 93 43 
0.102447 0.128100 0.756618 64 57 26 
0.033914 0.173933 0.714544 17 23 0 
0.026141 0.178636 0.709627 52 57 19 
0.010761 0.187962 0.699902 64 67 22 
-0.135498 -0.092158 0.802406 60 70 37 
0.194343 0.015230 0.801379 178 186 149 
-0.146040 -0.103562 0.814383 122 131 75 
0.192655 0.111726 0.828686 219 214 184 
-0.047288 -0.009856 0.770277 111 109 75 
0.109580 0.108266 0.746742 141 147 105 
-0.162319 -0.140356 0.859454 207 197 161 
-0.074308 -0.021333 0.765838 103 109 62 
0.019034 0.045012 0.757775 124 142 66 
0.143365 0.147970 0.724816 76 75 41 
0.189917 0.109667 0.829600 214 208 176 
0.191661 0.178726 0.726085 168 177 137 
0.130198 0.107453 0.780126 81 89 25 
0.083629 0.128342 0.748333 100 106 55 
0.039142 0.163961 0.722666 46 52 18 
-0.004724 0.210105 0.700666 66 73 28 
-0.096421 -0.039957 0.782267 105 105 69 
-0.030142 -0.001500 0.789845 137 145 86 
0.216810 -0.021365 0.815713 123 134 89 
0.157199 0.109768 0.806552 57 57 11 
0.176841 0.021457 0.799375 47 51 23 
0.177142 0.034117 0.803500 190 186 156 
-0.087090 -0.020126 0.771150 151 156 92 
0.177319 0.042678 0.806267 228 213 172 
0.041258 0.152640 0.727824 149 158 89 
-0.070941 -0.004135 0.767749 148 141 105 
0.051097 0.093633 0.739710 111 116 68 
0.126826 0.108307 0.788348 92 103 44 
0.088384 0.110767 0.756200 150 139 88 
0.195839 0.202140 0.723027 103 111 64 
0.206848 0.208144 0.724936 136 142 80 
-0.048242 0.284492 0.701537 175 173 148 
0.186732 0.200965 0.720325 82 88 49 
0.144619 0.107784 0.810255 74 83 35 
0.022072 0.143865 0.722806 67 65 28 
-0.024633 0.195187 0.703436 92 96 58 
-0.026552 0.196169 0.702137 100 100 66 
-0.057282 0.238547 0.689918 120 130 90 
-0.072331 0.001171 0.778512 94 97 53 
-0.016439 0.027796 0.794642 78 66 30 
0.076633 0.123047 0.739484 123 136 80 
0.120823 0.109220 0.801779 103 101 59 
0.120233 0.162015 0.722751 125 129 96 
0.186000 0.208138 0.717899 113 122 67 
-0.010917 0.177623 0.716171 116 108 79 
0.168958 0.199822 0.718219 122 125 79 
0.170499 -0.037564 0.802879 110 119 87 
0.131886 0.009916 0.785714 73 83 22 
0.076493 0.133545 0.732387 122 119 86 
-0.112210 -0.027172 0.798094 119 113 71 
0.140663 -0.012565 0.789144 65 75 46 
-0.051503 0.023010 0.781084 136 151 88 
-0.082449 0.262239 0.690192 112 118 65 
0.203295 -0.078009 0.824254 174 180 144 
0.189804 -0.064199 0.817329 54 60 27 
-0.154916 -0.064832 0.819488 182 172 132 
0.056873 0.102331 0.759368 134 145 85 
-0.120266 -0.027706 0.795704 112 103 67 
-0.043977 0.033938 0.781924 121 115 79 
-0.012581 0.053452 0.783740 115 109 71 
0.030427 0.110096 0.736469 87 98 57 
0.053073 0.129309 0.729232 123 127 81 
-0.159424 -0.076105 0.844709 188 179 145 
0.178647 -0.067131 0.813558 112 115 57 
0.091768 0.166429 0.714722 62 70 20 
-0.006368 0.144807 0.729680 85 80 45 
-0.018101 0.162333 0.725560 82 88 50 
-0.157340 -0.054841 0.817015 115 132 80 
-0.089643 0.003308 0.793931 102 105 62 
-0.032879 0.048405 0.780745 112 121 55 
-0.007690 0.094941 0.730190 82 92 58 
0.022256 0.109080 0.745613 89 95 71 
-0.166618 -0.074418 0.845573 206 198 167 
-0.157980 -0.044709 0.804797 116 131 77 
-0.068508 0.021018 0.792985 101 101 67 
-0.028211 0.063466 0.765874 141 145 104 
0.130456 -0.032836 0.793759 105 108 72 
0.087216 0.171439 0.711312 92 90 46 
0.105742 0.051964 0.802049 84 96 42 
-0.000103 0.118667 0.736300 65 75 30 
-0.112176 0.250854 0.684811 106 112 55 
-0.151756 -0.023704 0.781539 109 126 59 
-0.137166 -0.015835 0.784471 78 83 42 
0.061435 0.156895 0.712302 148 155 105 
0.095347 0.182019 0.707443 46 56 26 
0.169489 -0.085812 0.816020 123 131 77 
-0.083593 0.199654 0.695118 70 79 41 
-0.129665 0.259565 0.675965 125 124 85 
-0.106844 -0.003636 0.803280 146 145 103 
-0.046452 0.056064 0.768869 53 59 33 
0.183929 0.236625 0.718712 77 80 40 
0.090144 0.064794 0.803701 130 114 63 
0.185928 0.237877 0.718819 108 110 71 
0.095450 0.088160 0.816886 158 146 106 
-0.080210 0.180011 0.694414 105 107 63 
-0.149186 0.265921 0.664409 121 115 101 
-0.122560 -0.011836 0.805285 68 71 39 
-0.068757 0.030592 0.793056 125 127 80 
-0.028192 0.088462 0.739047 168 160 118 
0.096586 0.014522 0.794663 62 72 30 
0.048048 0.149879 0.719479 85 91 48 
0.094786 0.196172 0.692527 52 57 20 
0.161684 0.231757 0.712182 125 136 81 
0.177779 0.237643 0.720363 104 103 59 
0.121228 -0.049246 0.796646 143 152 77 
-0.017723 0.128511 0.738058 74 74 27 
-0.054320 0.163234 0.718159 77 72 34 
-0.068986 0.177935 0.710474 76 69 32 
0.166543 -0.102013 0.821069 68 76 33 
0.156629 -0.092183 0.815831 129 149 78 
0.123588 -0.056078 0.799621 94 102 43 
-0.100695 0.010033 0.803668 69 78 33 
0.079341 0.067047 0.805785 49 57 22 
-0.160277 -0.014921 0.784311 199 192 161 
-0.013457 0.115122 0.725195 141 157 105 
0.182551 -0.127914 0.829172 105 116 65 
0.041581 0.067982 0.775741 117 109 71 
-0.003612 0.107074 0.749694 88 96 54 
-0.105331 0.214492 0.698378 33 37 7 
-0.159926 -0.009908 0.781469 156 161 115 
-0.131905 -0.006936 0.808961 108 93 57 
-0.104880 0.011250 0.808238 175 184 121 
-0.091794 0.018219 0.811156 107 97 58 
0.073045 0.041861 0.797848 126 138 98 
0.010476 0.142897 0.714326 68 80 45 
0.020055 0.082551 0.765311 95 87 43 
-0.022841 0.125828 0.742894 81 87 50 
-0.029245 0.138950 0.742076 69 62 32 
-0.086251 0.183544 0.707384 75 68 37 
0.080525 0.212808 0.676702 157 172 133 
0.133550 0.237475 0.695149 90 94 45 
0.175549 0.247316 0.727241 124 118 59 
0.112172 -0.059246 0.798291 128 141 50 
-0.008100 0.108327 0.753099 100 108 64 
0.028031 0.160770 0.713496 94 89 48 
0.109010 0.235207 0.675155 91 104 50 
0.088783 -0.039993 0.787775 56 63 23 
0.151787 -0.112710 0.820593 90 94 38 
-0.075102 0.164614 0.720657 60 61 32 
-0.096987 0.019458 0.826650 121 110 63 
-0.079471 0.077867 0.740974 129 129 84 
-0.024302 0.122861 0.725137 103 107 52 
0.072352 0.210709 0.680905 100 102 53 
0.113135 -0.072465 0.804233 93 96 52 
-0.116653 0.214403 0.705467 25 33 13 
0.211083 -0.160656 0.863211 187 194 156 
0.155018 -0.127290 0.824618 104 115 87 
-0.093096 0.051423 0.784480 121 129 82 
0.147341 -0.115469 0.822209 66 82 35 
0.139378 -0.095807 0.826090 103 93 49 
0.126244 -0.082790 0.819106 76 75 30 
-0.018184 0.144131 0.709466 133 134 103 
0.003248 0.068414 0.765419 154 166 97 
0.075270 0.218904 0.684848 58 63 32 
0.079099 0.221193 0.685284 38 44 22 
0.098434 0.238686 0.676413 89 96 46 
0.065925 -0.025642 0.789399 93 100 51 
0.040606 0.056314 0.798864 182 175 146 
-0.099012 0.032529 0.824532 151 145 104 
0.043411 0.190500 0.704031 85 84 37 
0.045484 0.053271 0.805819 201 188 153 
0.176890 -0.156982 0.846678 203 199 175 
-0.088242 0.092026 0.731565 114 112 62 
0.072473 -0.052459 0.791445 95 106 61 
-0.034364 0.140097 0.707801 117 125 76 
0.055049 -0.018459 0.789024 82 93 47 
0.100564 0.244096 0.679317 101 107 63 
-0.095677 0.165760 0.722978 82 80 44 
0.109619 0.248114 0.683013 104 110 55 
0.140485 -0.131131 0.826469 110 101 52 
0.051889 -0.021714 0.788152 100 109 70 
-0.028686 0.110409 0.766803 112 102 68 
-0.107718 0.068887 0.756812 175 171 137 
-0.139667 0.221508 0.708057 78 80 45 
0.004434 0.166443 0.711806 51 54 30 
0.063838 -0.054121 0.789397 64 74 31 
0.001953 0.053768 0.775793 83 95 28 
-0.088745 0.135130 0.723810 89 98 51 
-0.167409 0.002177 0.815146 155 149 114 
-0.124158 0.209018 0.721098 69 78 30 
-0.110228 0.061999 0.772682 158 155 118 
-0.010326 0.160168 0.710684 147 136 98 
0.080977 0.229020 0.694107 76 77 42 
0.130154 -0.123646 0.826630 84 93 38 
0.106424 -0.085128 0.820266 84 93 30 
0.015314 0.039016 0.785835 187 174 137 
-0.080026 0.112913 0.718689 60 66 29 
-0.048622 0.118733 0.758557 79 71 41 
0.116709 0.252982 0.698809 63 67 37 
-0.150989 0.227995 0.707148 104 101 55 
-0.086401 0.110365 0.721070 75 82 44 
0.036848 0.197242 0.710261 94 88 51 
0.048269 0.216115 0.688166 84 91 58 
0.168917 -0.161277 0.851124 97 104 74 
0.103899 0.249592 0.694465 98 99 49 
0.008925 0.038499 0.783068 184 173 141 
0.178134 0.266289 0.757402 145 141 96 
-0.019754 0.102290 0.782749 107 98 63 
0.028897 0.003620 0.790845 147 139 96 
-0.087933 0.112750 0.720063 91 95 53 
-0.097976 0.145897 0.730026 76 88 44 
0.053303 0.220976 0.690605 107 117 71 
-0.099151 0.148998 0.730225 72 78 39 
-0.115674 0.186875 0.730590 108 99 62 
-0.061593 0.133438 0.719223 135 144 88 
-0.028438 0.162262 0.705507 52 61 31 
0.190695 0.279003 0.760754 190 186 149 
-0.008550 0.062896 0.783878 106 104 67 
-0.125636 0.202036 0.731139 102 96 60 
0.127320 -0.139287 0.830908 106 95 49 
0.095968 -0.085837 0.823847 45 49 15 
0.051272 -0.052941 0.794923 39 43 7 
0.032474 -0.038202 0.783151 41 49 24 
0.013728 0.016813 0.788969 78 82 50 
0.002012 0.027154 0.782135 123 130 99 
-0.066009 0.115896 0.754959 89 79 43 
-0.111516 0.098737 0.734209 114 118 86 
-0.016884 0.181878 0.692777 144 155 113 
0.117853 -0.128696 0.829793 82 81 38 
0.092422 -0.087727 0.826569 68 74 38 
0.056794 -0.061068 0.803609 7 13 0 
-0.067068 0.114506 0.760490 102 92 48 
-0.102941 0.133431 0.733867 85 91 50 
0.083085 -0.080032 0.824371 63 56 26 
-0.122499 0.094260 0.740389 128 126 75 
-0.022785 0.185761 0.688192 75 79 43 
-0.000666 0.199415 0.690155 83 90 38 
0.093857 0.249361 0.715663 78 71 43 
0.092343 -0.099781 0.828113 93 95 62 
-0.042542 0.173445 0.692300 113 100 67 
-0.018131 0.196025 0.679064 81 85 50 
-0.002921 0.201978 0.687482 108 118 58 
-0.000341 0.202553 0.689804 88 98 43 
0.002172 0.203196 0.691896 107 123 70 
-0.023058 0.042358 0.782107 106 100 60 
0.020134 0.212719 0.696720 114 121 76 
0.069003 0.236872 0.713452 70 73 32 
0.129771 -0.157041 0.846078 53 62 28 
0.096387 -0.130931 0.824901 130 147 88 
0.009829 -0.040165 0.780550 45 58 11 
-0.004051 -0.026516 0.773024 99 115 45 
-0.044587 0.176105 0.689687 144 131 102 
-0.021925 0.032200 0.782159 98 95 52 
0.020593 0.218132 0.691889 89 98 54 
-0.133725 0.150232 0.725239 51 61 24 
0.157396 0.278603 0.753911 187 167 131 
-0.167724 0.228899 0.727503 155 145 112 
0.003613 0.211362 0.688333 83 89 43 
-0.128329 0.146361 0.732367 71 70 38 
0.088152 -0.128188 0.824838 72 81 25 
-0.142950 0.091520 0.748365 77 85 64 
-0.017063 0.203403 0.687784 74 81 40 
0.055683 0.243806 0.704142 108 108 53 
-0.042377 0.092402 0.800579 162 148 115 
-0.051221 0.092990 0.791968 154 139 102 
0.122183 -0.161193 0.850500 66 74 43 
0.054321 -0.086876 0.817155 61 71 32 
0.042447 -0.085074 0.806026 72 72 50 
-0.071001 0.162800 0.710024 133 120 80 
0.013877 -0.071070 0.783816 93 102 60 
0.022800 0.233225 0.692076 87 87 52 
-0.147132 0.158284 0.729778 91 99 51 
0.007634 -0.063497 0.784490 77 76 47 
-0.087215 0.110355 0.771237 116 104 70 
-0.137999 0.145586 0.736565 63 72 34 
0.001330 0.227025 0.680620 127 139 81 
0.068020 0.258192 0.708773 92 91 53 
-0.004950 0.220310 0.692069 49 52 18 
0.032325 0.249512 0.682188 135 148 105 
0.022980 -0.088368 0.791569 100 119 51 
0.082549 0.271218 0.707438 105 117 62 
-0.042217 0.034386 0.784203 99 98 69 
0.099580 0.276529 0.720479 47 53 22 
-0.000357 -0.052663 0.788413 33 36 11 
-0.132130 0.118184 0.737493 62 71 46 
-0.052775 0.044327 0.781823 125 130 86 
-0.010064 0.214938 0.702433 100 96 54 
-0.085968 0.100621 0.778850 101 113 71 
-0.031771 0.209514 0.688647 91 92 56 
-0.010119 0.218366 0.700845 117 110 68 
0.113165 -0.165933 0.856595 111 121 70 
0.081398 -0.145228 0.834044 101 113 89 
0.058413 -0.114806 0.825327 110 107 79 
0.004715 -0.060805 0.796562 62 69 30 
-0.166837 0.170615 0.733652 104 107 56 
-0.166157 0.090412 0.768627 154 152 88 
-0.047294 0.202705 0.692940 87 77 50 
0.071635 0.274752 0.708234 81 83 52 
0.101444 -0.161243 0.850332 178 187 169 
0.133422 0.299644 0.744494 219 213 183 
0.052465 -0.110544 0.824789 96 100 71 
-0.041429 -0.008939 0.778014 72 72 32 
-0.050496 0.021273 0.783619 206 194 164 
-0.107591 0.099469 0.763319 57 64 33 
0.003411 0.238377 0.694389 102 95 52 
0.083922 -0.150135 0.841201 85 92 56 
-0.075098 0.074870 0.788434 156 150 116 
-0.152082 0.121218 0.732881 166 167 140 
-0.083748 0.100697 0.792359 111 88 50 
-0.167100 0.102477 0.759730 185 180 154 
-0.084169 0.181932 0.703113 118 103 69 
0.047177 -0.107610 0.827793 65 63 21 
-0.073970 0.195981 0.686248 46 52 30 
-0.060810 0.018074 0.778423 68 80 35 
-0.054147 0.205345 0.695004 94 87 56 
-0.130528 0.112657 0.753324 130 116 81 
-0.009854 0.234859 0.694682 106 101 63 
0.090210 0.292734 0.714328 121 127 55 
0.077528 -0.145295 0.844003 78 81 30 
-0.089458 0.105058 0.796149 162 145 110 
-0.119046 0.156275 0.721812 96 102 72 
0.083443 0.295730 0.709789 174 169 131 
0.082445 -0.155265 0.847615 36 45 12 
0.066195 -0.137293 0.839712 107 105 76 
-0.080244 0.046872 0.779854 120 135 78 
-0.081285 0.087974 0.799808 137 123 89 
-0.170026 0.113433 0.749780 202 196 172 
-0.014019 -0.060990 0.797827 81 89 40 
-0.133088 0.144867 0.733345 113 105 70 
-0.057579 -0.012157 0.776977 120 133 81 
-0.090911 0.184374 0.705997 90 84 54 
-0.083888 0.046150 0.779257 107 119 68 
0.075064 0.285288 0.727921 124 114 80 
-0.143730 0.112646 0.753937 32 38 22 
-0.163476 0.126468 0.735814 181 181 153 
-0.007607 0.248769 0.690696 119 112 76 
0.087614 -0.169385 0.856408 61 65 16 
-0.071744 -0.001479 0.778038 71 77 37 
-0.032493 0.238257 0.682607 108 103 69 
-0.154863 0.117321 0.751801 104 111 72 
-0.056943 -0.034309 0.780019 34 36 11 
-0.076620 0.005386 0.779996 111 112 80 
-0.158904 0.122517 0.753878 168 163 131 
-0.084723 0.204335 0.687149 150 140 110 
-0.040019 -0.060774 0.787592 43 48 9 
-0.151741 0.110132 0.758647 90 103 51 
-0.143894 0.149651 0.731433 164 161 114 
-0.123926 0.163356 0.730347 123 134 86 
-0.095724 0.195017 0.698562 107 108 74 
-0.082373 0.208327 0.687640 58 64 39 
0.003813 -0.122462 0.808706 74 83 45 
-0.050627 0.231403 0.682750 60 66 38 
-0.023151 -0.092888 0.795451 107 119 75 
0.013950 0.266062 0.702993 98 90 49 
-0.086677 0.022463 0.789123 61 70 25 
0.071362 0.299165 0.715359 146 142 91 
-0.058767 0.228538 0.682928 77 83 44 
-0.031646 0.247374 0.680902 92 104 55 
-0.108365 0.044967 0.785079 56 73 24 
-0.022889 0.253068 0.681207 74 81 40 
-0.075250 -0.030755 0.783070 101 95 54 
-0.158329 0.148909 0.723168 69 77 50 
-0.113094 0.089066 0.808151 135 127 95 
-0.140081 0.155411 0.737244 185 178 130 
0.049919 0.288338 0.727507 138 132 99 
0.057511 -0.174543 0.852935 99 113 32 
-0.023477 -0.129519 0.788475 122 142 79 
-0.036332 -0.088225 0.797442 26 35 9 
-0.118312 0.047094 0.782647 198 194 170 
-0.164179 0.145023 0.790755 167 158 126 
-0.167631 0.146845 0.787944 191 184 164 
-0.052281 0.240839 0.682496 102 93 55 
0.044385 -0.171471 0.847188 87 92 44 
0.037243 0.280897 0.732070 138 134 97 
0.007672 -0.144252 0.821677 61 71 37 
0.058122 0.301562 0.714782 155 150 106 
-0.021149 -0.129795 0.797705 85 90 50 
0.046592 -0.174299 0.851606 157 167 104 
-0.041542 -0.091817 0.800082 47 51 17 
-0.129152 0.043393 0.779480 148 142 121 
-0.131169 0.174362 0.732314 146 161 104 
-0.098157 0.209818 0.697286 117 114 76 
0.045837 -0.177399 0.852543 94 101 60 
-0.154022 0.166635 0.719949 169 163 125 
0.038644 -0.172884 0.847048 102 110 65 
-0.099595 0.211879 0.696281 134 128 91 
0.016538 -0.157303 0.831146 80 73 42 
-0.056835 -0.089797 0.787523 62 66 26 
-0.073934 -0.053320 0.789381 67 68 29 
-0.076994 -0.052863 0.789730 74 80 41 
-0.135309 0.037405 0.776395 86 96 64 
-0.053923 0.254914 0.669795 110 122 47 
-0.046994 0.259311 0.670359 152 164 58 
-0.027729 0.265055 0.689061 116 113 67 
-0.009540 -0.147887 0.817589 56 46 15 
0.027437 0.291095 0.724494 136 135 91 
-0.078196 -0.059971 0.791271 69 78 35 
-0.149387 0.100759 0.805233 163 157 127 
-0.163792 0.170764 0.713113 126 133 94 
-0.160299 0.173226 0.712744 132 130 85 
-0.041064 -0.105746 0.810094 106 97 78 
-0.166558 0.170956 0.714824 127 132 91 
-0.161429 0.174942 0.713272 174 168 132 
-0.084251 -0.059010 0.792004 91 101 64 
-0.110068 0.216070 0.694421 160 154 114 
-0.164745 0.086207 0.786640 137 135 79 
-0.014514 0.273881 0.710217 163 168 101 
0.028118 -0.184454 0.853170 125 126 88 
-0.115220 -0.017500 0.788522 145 140 111 
-0.142908 0.024207 0.781814 182 168 131 
-0.147760 0.017552 0.775744 88 92 42 
-0.123962 0.206965 0.708418 74 81 40 
-0.090021 0.237545 0.686317 101 98 60 
-0.124349 0.011417 0.803061 187 181 155 
-0.087270 0.237701 0.690965 71 73 42 
-0.164052 0.080873 0.799572 194 186 158 
-0.059625 0.256157 0.690848 63 59 34 
-0.078319 -0.093863 0.795271 42 43 8 
-0.109515 0.232299 0.671833 76 93 41 
-0.078769 0.241575 0.703207 62 61 41 
-0.071764 0.246272 0.703122 126 119 73 
-0.035193 0.271123 0.701759 78 77 53 
-0.053747 -0.123585 0.809177 72 70 39 
-0.164754 0.073119 0.801664 202 195 169 
-0.054632 0.264810 0.697769 146 157 90 
0.009632 -0.175064 0.855406 67 83 28 
-0.056950 -0.119320 0.811627 131 138 79 
-0.073550 0.250016 0.711559 166 155 134 
-0.064298 0.258110 0.706005 114 100 68 
-0.023725 -0.154088 0.832649 45 53 20 
-0.060539 -0.115742 0.813203 47 55 17 
-0.066387 -0.105901 0.812510 87 81 50 
-0.120068 -0.033177 0.794898 79 78 39 
-0.158771 0.013876 0.778761 128 142 93 
-0.124429 0.226117 0.690045 96 100 58 
-0.153101 0.020268 0.793366 164 154 108 
0.019366 -0.195974 0.864616 188 181 144 
-0.025432 -0.157271 0.835760 75 71 35 
-0.141890 -0.009632 0.791248 63 62 45 
-0.053464 0.271480 0.703346 57 58 48 
-0.049066 0.273291 0.706649 103 86 54 
0.001552 0.303526 0.724931 205 199 168 
-0.031969 -0.154867 0.833046 70 84 33 
-0.170867 0.059380 0.804997 184 169 141 
-0.166280 0.192885 0.728974 180 175 144 
-0.135254 0.231127 0.683851 162 151 110 
-0.062696 -0.132454 0.814080 68 63 27 
-0.084363 -0.103475 0.806826 93 94 52 
-0.086898 0.257638 0.709255 71 79 45 
-0.097349 -0.091405 0.798991 85 98 46 
-0.177589 0.059856 0.801053 182 172 142 
-0.168112 0.199726 0.728772 156 153 121 
-0.088743 -0.101595 0.806336 99 106 57 
-0.160112 0.202669 0.736205 164 158 127 
-0.131413 0.236526 0.690642 136 133 94 
-0.103577 -0.091373 0.798593 38 52 17 
-0.150192 -0.014717 0.792649 190 184 159 
-0.178194 0.052472 0.803201 175 167 139 
-0.128260 0.252256 0.663506 79 84 52 
-0.162195 0.039641 0.818175 171 158 124 
-0.082738 0.271867 0.697699 141 130 102 
-0.049953 0.285490 0.723914 125 116 78 
-0.135227 -0.043915 0.798846 85 90 43 
-0.173767 0.043340 0.810323 129 116 79 
-0.100741 0.265038 0.697386 83 97 47 
-0.142686 -0.039980 0.795974 70 74 49 
-0.146707 -0.034853 0.794479 65 64 45 
-0.150696 0.219681 0.744904 180 169 133 
-0.051267 -0.155962 0.834004 77 89 51 
-0.155748 0.219481 0.743299 181 172 139 
-0.093655 0.273536 0.701750 154 154 105 
-0.133462 -0.056430 0.803582 66 80 30 
-0.075975 -0.149829 0.821721 98 116 62 
-0.087434 -0.139485 0.814485 55 56 31 
-0.129042 -0.083267 0.801428 103 93 74 
-0.154705 -0.027686 0.808183 63 74 35 
-0.028785 -0.186049 0.859758 173 167 137 
-0.143011 0.266946 0.661961 128 125 91 
-0.076968 -0.151708 0.826396 71 77 47 
-0.116977 -0.103223 0.813623 112 107 78 
-0.145870 0.267973 0.668593 92 94 62 
-0.155459 0.250531 0.718005 107 114 55 
-0.095816 0.290077 0.719471 178 170 138 
-0.038553 -0.183940 0.863726 76 85 43 
-0.164095 0.244363 0.728980 180 175 145 
-0.154779 0.256939 0.705357 103 113 59 
-0.119995 -0.103999 0.824065 89 87 47 
-0.110183 0.281739 0.724269 156 146 112 
-0.124915 0.276999 0.724377 157 149 121 
-0.094037 0.300894 0.712130 176 167 135 
-0.158073 -0.058759 0.815443 135 125 90 
-0.173841 -0.023875 0.824878 172 168 143 
-0.162410 -0.052173 0.822409 157 150 121 
-0.147392 0.275652 0.710426 170 162 126 
-0.118646 -0.105465 0.843880 86 75 48 
-0.147262 -0.083841 0.822179 87 97 52 
-0.148947 -0.077308 0.824964 127 122 90 
-0.114849 -0.115134 0.849271 141 130 104 
-0.140767 -0.096475 0.828787 139 135 106 
-0.170379 -0.024941 0.844730 135 131 101 
-0.109228 -0.142234 0.839450 91 79 47 
-0.117215 -0.113099 0.851575 138 127 104 
-0.109709 -0.142755 0.846045 109 99 70 
-0.115939 -0.124099 0.852425 55 56 40 
-0.124437 -0.110345 0.851765 88 75 53 
-0.167314 -0.033673 0.854263 193 184 156 
-0.091674 -0.161099 0.863907 82 97 41 
-0.096889 -0.160988 0.860661 77 89 38 
-0.073447 -0.171867 0.888416 163 150 112 
-0.159129 -0.069327 0.857082 181 174 148 
-0.164409 -0.054587 0.861889 155 148 119 
-0.084496 -0.159207 0.891483 194 183 150 
-0.116176 -0.137057 0.865252 102 88 61 
-0.135389 -0.121012 0.851526 99 85 52 
-0.106715 -0.154795 0.867758 113 108 71 
-0.080069 -0.192321 0.877931 58 68 34 
-0.141056 -0.121666 0.854864 75 76 41 
-0.164421 -0.076881 0.859627 157 148 115 
-0.132257 -0.133136 0.865710 120 113 83 
-0.167586 -0.079266 0.861271 155 147 115 
-0.104987 -0.158769 0.891143 159 144 114 
-0.169993 -0.089757 0.865135 159 152 126 
-0.137312 -0.132803 0.883241 166 155 125 
-0.104277 -0.185409 0.888947 105 121 74 
-0.106750 -0.173024 0.896519 181 166 124 
-0.154187 -0.121342 0.881002 186 176 149 
-0.167160 -0.109403 0.872440 161 152 119 
0.180471 0.232018 0.718856 139 143 81 
-0.137847 -0.142542 0.890304 185 170 135 
0.161868 0.243737 0.711549 214 212 195 
-0.151645 -0.127162 0.883674 186 177 150 
0.181073 0.217235 0.723271 45 51 14 
-0.149097 -0.132928 0.886396 196 187 158 
0.198011 0.187371 0.732673 95 99 34 
0.192399 0.185493 0.731735 104 109 39 
0.125817 0.237848 0.701845 224 220 202 
-0.137693 -0.155605 0.895170 194 183 152 
-0.122462 -0.178807 0.900760 157 149 108 
-0.131660 -0.185140 0.897105 176 171 139 
-0.155749 -0.154335 0.893734 193 180 146 
-0.152196 -0.180950 0.893919 160 151 110 
-0.128213 0.249702 0.661247 154 173 92 
-0.162735 0.239878 0.679515 48 47 42 
-0.149503 0.193575 0.669074 45 44 39 
-0.139723 0.236554 0.691084 158 174 117 
-0.133667 0.234596 0.691958 241 241 235 
-0.080950 0.268258 0.683361 70 74 64 
-0.100509 0.239171 0.686768 138 147 89 
-0.075008 0.267637 0.687865 243 245 239 
-0.100460 0.230012 0.692247 176 179 129 
-0.091239 0.228679 0.691872 195 199 162 
-0.070249 0.244163 0.689395 238 237 230 
-0.120788 0.207024 0.706979 123 132 48 
-0.114057 0.203947 0.707272 150 156 103 
-0.170123 0.158255 0.725714 113 122 75 
-0.046097 0.229496 0.694516 114 125 75 
-0.073520 0.202990 0.701188 103 121 43 
-0.114314 0.185516 0.714665 156 163 97 
-0.044060 0.221464 0.695762 111 125 84 
-0.052742 0.211939 0.697685 95 110 54 
-0.084832 0.193207 0.707493 119 131 60 
-0.110281 0.180813 0.715676 200 199 166 
-0.003567 0.297862 0.706019 207 203 182 
-0.039953 0.196533 0.703294 167 165 108 
-0.159045 0.145263 0.743074 225 226 218 
0.069187 0.290910 0.678439 140 145 107 
0.088261 0.289304 0.677015 138 147 81 
-0.126705 0.146888 0.740320 74 83 32 
0.002732 0.213647 0.702103 83 97 38 
-0.057507 0.172494 0.719630 96 114 71 
0.086028 0.259382 0.685759 90 98 60 
-0.145639 0.113947 0.755754 157 164 118 
0.049798 0.209549 0.698111 114 125 76 
0.047097 0.208397 0.699035 112 126 76 
-0.075829 0.145464 0.739044 102 103 43 
-0.173910 0.106940 0.776724 215 218 194 
-0.059638 0.145499 0.738869 153 163 96 
0.088676 0.228884 0.695199 105 118 74 
-0.105780 0.122190 0.757409 111 121 63 
-0.001728 0.168753 0.725312 148 173 102 
0.103510 0.235593 0.696760 128 147 82 
-0.137185 0.104353 0.774198 163 168 138 
0.162047 0.285108 0.684914 166 157 140 
0.088235 0.215406 0.702501 94 111 61 
-0.097330 0.124108 0.764386 108 122 65 
-0.116184 0.103165 0.768217 28 43 8 
-0.141341 0.110600 0.780778 116 117 87 
-0.166628 0.077695 0.784903 192 193 166 
-0.162170 0.073138 0.785424 149 157 90 
0.023473 0.166456 0.727122 99 117 61 
-0.156402 0.081436 0.788109 219 220 190 
-0.164207 0.057350 0.786358 192 192 156 
0.129699 0.273473 0.706743 87 97 53 
0.112869 0.237891 0.706436 99 109 37 
0.062549 0.187970 0.717834 89 103 29 
-0.093997 0.122639 0.772918 67 79 23 
-0.145621 0.114645 0.797573 237 233 207 
0.027437 0.146069 0.730811 89 111 26 
0.001706 0.138110 0.740531 41 47 9 
0.013387 0.132682 0.740693 116 114 57 
0.113805 0.218258 0.718305 92 99 40 
-0.025324 0.124067 0.759541 84 97 43 
-0.140405 0.029182 0.789730 159 154 86 
0.137540 0.297682 0.732917 200 200 163 
-0.027698 0.119273 0.766259 133 134 90 
0.078011 0.165402 0.732174 134 144 76 
0.061592 0.155203 0.740588 56 67 20 
0.147249 0.263953 0.730808 77 89 46 
-0.083573 0.097613 0.797035 188 175 134 
-0.138818 -0.017397 0.797834 145 153 111 
0.146557 0.215789 0.726044 126 143 59 
0.122640 0.178299 0.727866 125 136 77 
0.004628 0.113076 0.766693 127 119 84 
-0.044169 0.102619 0.790298 91 102 31 
-0.158886 -0.052863 0.808188 134 155 71 
-0.167268 -0.052475 0.812233 175 180 119 
0.196017 0.246748 0.724057 157 171 92 
0.116857 0.152014 0.737037 86 99 39 
-0.067855 0.041823 0.796126 125 139 66 
0.179300 0.208710 0.728735 167 183 71 
0.043044 0.097650 0.767862 119 133 74 
-0.027205 0.018490 0.780453 132 146 66 
-0.124105 -0.062213 0.805452 109 120 50 
0.132589 0.145696 0.740919 72 85 38 
-0.007665 0.110050 0.799036 158 148 98 
0.162760 0.175391 0.737669 108 118 65 
-0.072073 -0.040196 0.792702 164 154 98 
-0.152898 -0.098596 0.819178 145 164 96 
-0.075062 -0.056538 0.796035 173 170 129 
-0.088611 -0.065985 0.800033 240 232 205 
-0.093305 -0.068947 0.801504 143 149 115 
0.185573 0.184748 0.739033 100 107 43 
0.087189 0.119350 0.768982 83 80 34 
-0.000745 0.104269 0.807957 126 124 69 
-0.006598 0.004085 0.782638 87 99 45 
-0.115230 -0.092834 0.808752 143 157 88 
-0.158212 -0.100398 0.827749 213 213 188 
0.148676 0.133392 0.745965 66 81 27 
0.102967 0.122815 0.768849 142 150 86 
-0.055281 -0.065160 0.793357 83 100 38 
0.196957 0.185698 0.743615 62 66 19 
0.087947 0.104641 0.774402 93 95 42 
0.005068 0.044849 0.798339 108 120 27 
-0.074899 -0.082999 0.801111 124 136 78 
0.047750 0.097048 0.795610 138 122 72 
0.018673 0.040684 0.793662 187 178 129 
0.003451 0.027984 0.797558 145 166 102 
0.007133 -0.006720 0.785567 67 80 27 
0.001876 -0.031000 0.784243 181 175 134 
0.206924 0.190670 0.750080 125 125 74 
0.197963 0.175531 0.750086 107 115 37 
0.170295 0.130342 0.753830 169 186 73 
0.158048 0.117984 0.756313 80 84 45 
0.097962 0.093786 0.782785 80 83 35 
0.070773 0.097176 0.797641 112 98 54 
0.056301 0.099742 0.805781 147 135 82 
0.021623 -0.009301 0.790302 181 173 135 
0.188229 0.140699 0.754398 107 129 55 
0.069884 0.100447 0.802502 125 109 68 
-0.047243 -0.094645 0.802526 42 50 4 
-0.101880 -0.121554 0.822182 170 169 121 
-0.112803 -0.121981 0.827630 149 152 100 
0.193867 0.143436 0.755637 114 132 68 
0.039752 0.004822 0.791804 90 109 41 
0.151489 0.101376 0.767625 140 153 107 
0.080923 0.102955 0.807897 114 104 68 
-0.012500 -0.076660 0.799639 104 119 61 
-0.030998 -0.103556 0.800734 102 110 54 
0.164462 0.111649 0.774008 72 67 30 
0.047203 -0.021810 0.792369 84 99 33 
-0.093855 -0.134982 0.829654 141 162 98 
0.107404 0.087459 0.799378 113 101 54 
0.075251 -0.005463 0.786150 103 113 57 
0.062075 -0.019282 0.788580 174 176 119 
0.208553 0.145690 0.771886 140 149 48 
0.017721 -0.081841 0.797751 70 80 24 
0.211136 0.149205 0.775026 144 153 79 
0.097383 0.007706 0.788353 97 111 46 
0.083895 -0.016002 0.787630 101 112 44 
0.041588 -0.051808 0.798176 114 127 37 
-0.129466 -0.150816 0.856024 196 197 159 
0.121339 0.085279 0.804795 79 81 34 
0.100053 0.004394 0.789020 77 93 29 
-0.114030 -0.150337 0.851206 190 184 143 
0.183200 0.115297 0.785234 36 33 9 
0.143870 0.117462 0.807008 152 143 109 
0.106980 0.015017 0.792102 102 111 58 
0.106415 0.001247 0.790930 108 125 64 
-0.007027 -0.126044 0.808460 94 94 39 
0.000128 -0.122075 0.809040 128 141 100 
-0.042722 -0.143063 0.824938 115 104 63 
0.204928 0.141197 0.792516 104 102 47 
0.131321 0.041767 0.797894 134 145 75 
0.073286 -0.056646 0.795188 57 68 17 
-0.149835 -0.145444 0.885262 222 216 180 
0.132452 0.029493 0.796262 203 192 157 
0.029130 -0.095570 0.808708 96 106 61 
0.006195 -0.120130 0.812592 96 92 40 
-0.122894 -0.151370 0.871894 229 219 188 
0.090257 -0.052503 0.793626 103 112 47 
0.070470 -0.068871 0.798660 99 107 45 
0.152689 0.117471 0.822986 153 143 109 
0.144745 0.114766 0.826382 131 115 81 
0.139434 0.024840 0.797288 102 107 59 
-0.020181 -0.157419 0.823053 154 164 100 
-0.151108 -0.189090 0.887102 206 198 147 
0.075385 -0.081311 0.803894 95 105 59 
0.101485 -0.064818 0.798506 105 110 40 
-0.084040 -0.164154 0.865458 130 138 79 
-0.111480 -0.163315 0.884377 154 151 99 
0.152614 0.008557 0.803410 123 132 79 
0.004153 -0.144217 0.829782 72 82 27 
-0.030593 -0.162381 0.842534 91 102 50 
-0.092126 -0.166596 0.875575 97 101 53 
-0.113273 -0.175675 0.884076 225 216 170 
0.029671 -0.126876 0.825017 100 114 52 
-0.003974 -0.157278 0.832558 58 73 20 
-0.005724 -0.159081 0.832867 59 75 22 
-0.007819 -0.160501 0.833515 84 95 38 
0.196099 0.112737 0.828296 166 163 120 
0.179945 0.080925 0.825304 205 198 161 
0.029978 -0.137927 0.826848 117 133 70 
0.179281 0.038155 0.812581 163 161 121 
0.111555 -0.082593 0.807757 120 121 56 
0.006666 -0.162789 0.839872 151 169 103 
-0.087709 -0.190082 0.883593 160 156 86 
0.136282 -0.063436 0.807229 126 147 74 
0.129002 -0.070688 0.808576 37 51 14 
0.077926 -0.088914 0.830947 115 118 61 
0.052024 -0.114010 0.836018 125 138 70 
-0.035443 -0.153980 0.870862 106 68 17 
0.180828 0.005218 0.811829 92 98 42 
0.164391 -0.041063 0.802929 92 102 47 
0.068164 -0.113787 0.829888 105 116 51 
0.065822 -0.114844 0.830828 90 106 46 
0.063352 -0.115731 0.831911 81 101 34 
-0.042576 -0.175801 0.869559 84 88 48 
0.167182 -0.039546 0.805046 83 92 48 
0.078983 -0.110793 0.827914 90 87 43 
0.170253 -0.038567 0.806788 130 135 59 
0.177244 -0.042237 0.810608 119 114 52 
0.154240 -0.072371 0.811770 106 106 48 
0.039815 -0.159178 0.843711 106 100 61 
0.173749 -0.055524 0.810297 121 122 66 
0.112695 -0.097910 0.828985 95 89 44 
0.041407 -0.160473 0.845342 127 118 82 
0.211125 0.060481 0.839910 218 204 159 
0.201443 -0.008807 0.816526 156 157 105 
0.067219 -0.136337 0.843177 118 128 76 
0.037171 -0.169591 0.850278 87 89 37 
-0.015648 -0.170254 0.885007 172 149 111 
0.210660 -0.011619 0.819448 175 173 135 
-0.065108 -0.171464 0.917735 207 200 159 
0.168352 -0.089971 0.814416 76 85 28 
0.074050 -0.146450 0.847294 95 101 44 
0.187054 -0.056295 0.820808 112 105 54 
0.146694 -0.109016 0.822414 115 138 71 
0.165732 -0.097475 0.818913 114 122 54 
0.141872 -0.118517 0.824283 112 132 77 
0.188851 -0.062212 0.823419 103 89 55 
0.166523 -0.101220 0.822952 71 80 30 
0.122970 -0.144747 0.830432 84 80 42 
0.115124 -0.157724 0.832531 124 126 90 
-0.037035 -0.174714 0.919413 110 99 69 
0.160766 -0.112799 0.827508 113 110 71 
0.134175 -0.138090 0.832617 86 94 43 
0.064013 -0.173300 0.860405 150 168 95 
0.204811 -0.066476 0.824203 110 130 43 
0.137641 -0.138054 0.833549 108 114 60 
0.034602 -0.183598 0.877270 182 179 125 
0.052809 -0.184767 0.871643 153 140 95 
0.196609 -0.088364 0.828679 146 166 94 
0.172332 -0.113664 0.832250 143 129 88 
0.170629 -0.115488 0.832477 108 96 38 
0.175546 -0.116849 0.834928 133 122 72 
0.169205 -0.124891 0.835169 130 133 76 
0.155234 -0.138480 0.837658 63 68 28 
0.166062 -0.132408 0.836705 99 87 43 
0.162470 -0.135615 0.837479 103 107 57 
0.169342 -0.132160 0.837812 80 96 42 
0.087923 -0.170460 0.871877 153 150 100 
0.190362 -0.110334 0.837886 60 69 29 
0.218335 -0.078236 0.841690 159 159 123 
0.209269 -0.086877 0.843361 144 145 86 
0.191527 -0.114790 0.841222 79 85 24 
0.109466 -0.172750 0.866295 92 112 50 
0.211770 -0.084943 0.845870 151 146 92 
0.169024 -0.147834 0.848964 88 94 41 
0.149813 -0.164872 0.856219 83 92 39 
0.150994 -0.165714 0.858129 61 74 24 
0.165816 -0.157348 0.855634 67 76 38 
0.188020 -0.133574 0.856124 141 158 89 
0.172058 -0.152967 0.856834 57 65 22 
0.160365 -0.167632 0.863373 123 140 89 
0.136625 -0.174542 0.875831 118 127 68 
0.221442 -0.078817 0.871789 149 155 107 
0.132911 -0.176667 0.880422 109 77 45 
0.211388 -0.084149 0.879132 163 161 116 
0.189216 -0.102181 0.891365 75 83 43 
0.149484 -0.176269 0.882060 175 163 120 
0.173437 -0.164537 0.875040 109 129 74 
-0.076240 -0.201127 0.858309 146 154 96 
0.001863 -0.197859 0.854139 99 104 70 
0.114292 -0.196071 0.847372 165 167 109 
0.174328 -0.164903 0.877411 105 126 70 
-0.002362 -0.195435 0.847322 184 183 139 
0.056248 -0.194955 0.850898 144 142 75 
0.215644 -0.099767 0.887696 181 178 138 
0.187755 -0.109372 0.901898 148 136 83 
-0.004479 -0.191069 0.841721 134 135 100 
0.126601 -0.189730 0.845763 193 194 155 
-0.041652 -0.189319 0.838570 75 82 46 
0.193336 -0.119334 0.905876 147 141 91 
0.122273 -0.187681 0.844526 116 122 76 
0.151242 -0.186725 0.833358 131 149 68 
-0.065733 -0.188462 0.855353 194 191 154 
0.036564 -0.186149 0.834412 106 108 72 
0.165147 -0.185459 0.850717 197 195 163 
-0.087654 -0.186043 0.842834 172 173 128 
0.187151 -0.139407 0.908887 195 189 151 
0.175118 -0.142841 0.915558 206 198 162 
0.125974 -0.181384 0.841225 154 158 107 
-0.081279 -0.181791 0.840353 177 174 130 
-0.008670 -0.180550 0.831895 99 109 50 
0.173997 -0.148151 0.920035 207 201 166 
0.161332 -0.164802 0.919460 195 190 152 
-0.045597 -0.178972 0.831623 89 102 56 
-0.010736 -0.178530 0.831000 121 125 79 
0.129676 -0.177159 0.838254 194 192 155 
0.025920 -0.175878 0.825644 94 105 52 
-0.099256 -0.175657 0.833338 196 192 163 
-0.004620 -0.174207 0.824507 110 121 60 
0.092671 -0.171560 0.839291 87 104 56 
0.183983 -0.151970 0.920631 187 183 137 
0.122895 -0.171023 0.834084 97 115 45 
0.053948 -0.170271 0.848191 126 144 69 
0.078777 -0.169878 0.845114 71 79 50 
0.201091 -0.166523 0.850151 184 187 152 
-0.008739 -0.166131 0.818944 90 103 58 
0.092225 -0.165362 0.835233 143 141 105 
0.188084 -0.164336 0.839508 152 160 106 
0.220801 -0.164708 0.868354 187 195 157 
0.025981 -0.163980 0.829250 101 111 44 
0.101971 -0.163117 0.830864 143 139 91 
0.118344 -0.162917 0.830618 195 188 155 
0.124453 -0.162838 0.830354 80 84 55 
0.204470 -0.160214 0.846329 196 196 160 
-0.041408 -0.160639 0.823088 106 107 48 
0.013549 -0.160005 0.824021 117 138 71 
0.036375 -0.159895 0.832610 184 176 140 
0.093551 -0.159148 0.828890 147 142 86 
-0.139324 -0.160595 0.872727 211 198 157 
-0.127956 -0.160405 0.869290 182 177 101 
-0.078391 -0.159125 0.826059 92 105 56 
0.066391 -0.157737 0.846438 198 190 156 
-0.000822 -0.152057 0.811674 81 85 41 
0.029856 -0.151808 0.825359 111 115 48 
0.092911 -0.151045 0.823208 119 139 64 
-0.080041 -0.151064 0.820030 104 126 57 
0.092814 -0.149036 0.822302 72 81 31 
-0.158355 -0.150136 0.867942 221 214 184 
0.049419 -0.147609 0.843507 106 115 57 
-0.131973 -0.147690 0.851251 214 204 173 
0.065385 -0.145355 0.834522 57 70 31 
-0.144847 -0.145730 0.863895 233 221 186 
-0.117815 -0.143404 0.840313 178 153 119 
-0.028859 -0.142523 0.804918 170 157 116 
-0.020918 -0.142423 0.806380 124 103 65 
0.009120 -0.142047 0.811215 62 66 30 
0.067052 -0.141277 0.829906 91 105 52 
-0.149316 -0.141543 0.863916 220 209 172 
-0.047020 -0.140749 0.807837 134 147 89 
0.114984 -0.138754 0.820152 130 125 80 
0.200279 -0.137695 0.827784 101 111 50 
0.033563 -0.137721 0.818511 81 90 35 
0.179045 -0.135952 0.824504 45 49 29 
-0.165186 -0.135477 0.855894 207 202 172 
0.014946 -0.134133 0.804990 89 102 64 
0.159978 -0.130008 0.830529 131 138 85 
0.222432 -0.128978 0.847286 117 125 81 
-0.038865 -0.130896 0.801120 92 86 34 
-0.026454 -0.131048 0.786540 122 143 72 
-0.003087 -0.128575 0.798374 131 144 101 
0.112567 -0.126800 0.816673 115 117 44 
0.138089 -0.126352 0.823206 107 108 58 
0.189162 -0.125758 0.823032 76 82 35 
-0.133859 -0.127266 0.832727 215 207 172 
-0.030452 -0.127216 0.787368 150 172 109 
0.049710 -0.125514 0.817264 61 73 31 
-0.034724 -0.125120 0.794946 84 82 36 
0.056001 -0.123357 0.819852 99 96 46 
0.187076 -0.121752 0.822436 209 208 182 
-0.121970 -0.123349 0.822061 82 94 40 
-0.062016 -0.122864 0.815089 85 79 38 
0.041058 -0.121869 0.808282 90 102 55 
0.103799 -0.120580 0.826330 79 68 38 
0.127706 -0.118822 0.809644 122 121 75 
-0.038921 -0.119199 0.797770 87 95 43 
0.084811 -0.116887 0.821873 96 94 53 
-0.003207 -0.117258 0.786381 127 143 107 
0.024154 -0.116943 0.786266 69 75 45 
0.036405 -0.116407 0.796443 122 116 73 
0.071870 -0.115276 0.814982 91 95 46 
0.102428 -0.114299 0.831037 150 152 135 
0.061636 -0.113427 0.813913 136 125 92 
-0.150893 -0.113572 0.821147 121 135 91 
-0.056046 -0.112796 0.813670 104 91 54 
-0.007149 -0.113525 0.784134 100 118 65 
0.004585 -0.113242 0.787466 124 143 78 
0.202106 -0.109344 0.823872 88 97 53 
0.097008 -0.108675 0.820732 81 85 46 
0.129274 -0.108975 0.806231 130 115 70 
-0.078415 -0.108102 0.792648 125 116 67 
0.112806 -0.104640 0.816602 113 99 59 
0.129491 -0.104937 0.807139 124 103 63 
0.102181 -0.102922 0.813251 109 107 75 
0.180857 -0.102106 0.811472 87 90 49 
0.205928 -0.101245 0.821943 187 185 144 
-0.017113 -0.103742 0.787799 157 171 115 
-0.095158 -0.102040 0.798733 126 143 72 
-0.069619 -0.102782 0.781370 54 68 29 
-0.124198 -0.099995 0.805111 109 121 57 
-0.060073 -0.100612 0.783327 91 100 43 
-0.049196 -0.099640 0.796890 81 90 30 
-0.123632 -0.098243 0.801167 112 128 60 
-0.089334 -0.097977 0.799157 92 101 51 
-0.041224 -0.097626 0.795990 82 92 49 
-0.041247 -0.095667 0.795708 83 91 41 
0.000481 -0.095732 0.787620 95 91 49 
0.215192 -0.091239 0.817338 138 148 91 
-0.139813 -0.094444 0.801132 79 89 41 
-0.098224 -0.094767 0.789715 75 82 36 
0.002433 -0.093696 0.788418 88 89 50 
0.015867 -0.094526 0.774417 137 144 79 
0.023519 -0.094586 0.772305 133 152 87 
0.167119 -0.091379 0.794325 108 116 46 
-0.043258 -0.091803 0.794707 87 90 51 
-0.027361 -0.091609 0.794845 91 84 43 
0.019602 -0.092836 0.770618 109 132 54 
0.058049 -0.090657 0.794390 90 89 49 
0.161554 -0.089354 0.795873 62 73 25 
0.163384 -0.089385 0.795165 95 101 38 
-0.112511 -0.090829 0.791951 105 113 45 
0.047770 -0.089189 0.789205 32 41 14 
0.075770 -0.088584 0.792932 131 147 81 
0.103896 -0.088055 0.795639 56 65 27 
0.077413 -0.086843 0.789696 134 147 84 
0.205552 -0.083105 0.818566 131 140 78 
-0.122470 -0.087039 0.791377 152 173 107 
-0.081674 -0.085931 0.799261 134 119 84 
0.202431 -0.080181 0.829880 161 158 115 
0.227918 -0.080867 0.817782 140 152 99 
-0.039468 -0.083763 0.795498 127 137 96 
0.008231 -0.083934 0.786894 96 84 48 
0.025304 -0.085152 0.769987 140 154 91 
0.209003 -0.077187 0.815558 110 126 60 
-0.139820 -0.081651 0.787476 146 151 106 
-0.029529 -0.079769 0.794384 89 94 54 
-0.021655 -0.079364 0.797921 96 84 53 
0.093380 -0.076731 0.790450 126 115 84 
0.053565 -0.075480 0.787575 166 157 126 
0.202876 -0.070464 0.822607 96 97 64 
0.045573 -0.073742 0.786096 110 108 74 
0.131642 -0.072012 0.793762 99 95 45 
0.015819 -0.072836 0.778835 110 102 57 
-0.059309 -0.070577 0.790225 60 67 33 
-0.135019 -0.070499 0.780298 67 78 44 
-0.029452 -0.068597 0.786918 91 86 47 
-0.125670 -0.068186 0.782572 83 90 48 
0.098871 -0.065211 0.786386 88 81 42 
0.116546 -0.065064 0.785871 44 43 22 
0.053368 -0.063913 0.784940 93 100 71 
0.163485 -0.062755 0.784047 118 136 60 
0.165118 -0.062897 0.782584 143 163 79 
0.025470 -0.063113 0.777353 111 101 65 
-0.097346 -0.061049 0.790377 120 115 62 
-0.037232 -0.061419 0.781264 60 70 30 
-0.023456 -0.061367 0.780356 62 73 34 
-0.125674 -0.060498 0.780910 80 99 33 
-0.102954 -0.059487 0.787264 100 103 49 
-0.138520 -0.058035 0.786182 59 71 32 
0.069450 -0.055459 0.787915 59 65 27 
0.132333 -0.053126 0.784921 79 53 30 
0.202496 -0.049089 0.811079 187 188 166 
0.099087 -0.053044 0.772886 144 164 65 
0.211748 -0.047391 0.807454 198 201 179 
-0.043054 -0.052227 0.776585 43 48 18 
-0.021455 -0.052407 0.773297 100 97 46 
0.067749 -0.049145 0.790707 106 99 61 
0.102548 -0.051447 0.769837 150 169 75 
0.207608 -0.045456 0.806972 199 200 173 
0.154076 -0.045739 0.793929 154 134 107 
0.180862 -0.045008 0.797171 81 92 49 
-0.070392 -0.048813 0.775048 113 125 85 
-0.023415 -0.048731 0.771703 85 92 39 
0.061566 -0.045544 0.788227 39 46 8 
0.200163 -0.040179 0.801315 85 89 61 
-0.144928 -0.045648 0.775616 63 74 36 
-0.142964 -0.045630 0.775586 108 117 56 
-0.072453 -0.044896 0.775127 75 88 46 
-0.062199 -0.043711 0.768840 60 62 24 
0.182418 -0.037282 0.794511 125 121 63 
0.038801 -0.040070 0.772609 60 70 26 
-0.117297 -0.037966 0.785453 75 89 39 
-0.062262 -0.039855 0.768514 79 80 44 
-0.015675 -0.039650 0.766347 130 153 70 
-0.007926 -0.039877 0.764227 146 166 82 
0.101695 -0.036831 0.776439 121 129 79 
-0.118895 -0.036418 0.782574 80 100 44 
-0.048492 -0.038290 0.764907 34 43 11 
-0.040937 -0.037735 0.768024 47 54 19 
-0.015677 -0.037906 0.765002 139 162 75 
-0.148042 -0.035238 0.779410 75 74 50 
-0.068693 -0.035153 0.774145 88 97 44 
0.123840 -0.031938 0.768234 61 72 30 
0.165039 -0.027063 0.796453 131 130 79 
0.003608 -0.031056 0.769982 68 77 34 
-0.079169 -0.028527 0.779225 179 189 128 
0.094219 -0.026696 0.778504 90 86 37 
0.148694 -0.025015 0.785107 154 144 107 
0.210410 -0.021939 0.799838 99 105 65 
-0.145023 -0.024796 0.782136 193 187 151 
-0.142887 -0.022973 0.780937 192 183 154 
-0.132431 -0.019507 0.800639 104 118 68 
0.031313 -0.021029 0.780885 36 45 5 
0.190518 -0.015904 0.800538 146 154 110 
0.219332 -0.012947 0.816036 65 80 40 
-0.175721 -0.017584 0.802684 197 195 173 
-0.012093 -0.021315 0.770468 89 81 43 
0.035178 -0.019266 0.779263 98 93 62 
-0.064694 -0.018346 0.768276 106 96 51 
0.052433 -0.016283 0.772504 72 77 24 
0.088891 -0.014107 0.782431 146 165 89 
-0.135453 -0.014688 0.781974 87 92 44 
-0.016083 -0.015386 0.770745 108 98 62 
0.048425 -0.012602 0.771206 102 110 48 
0.067343 -0.009827 0.785170 87 72 39 
0.150924 -0.008967 0.784773 50 54 24 
0.201320 -0.003864 0.809493 164 167 145 
-0.029988 -0.010811 0.774883 84 74 34 
0.058651 -0.009513 0.776543 194 190 90 
0.108918 -0.007698 0.783270 86 101 45 
0.056633 -0.007654 0.775933 126 129 72 
0.144707 -0.007155 0.773379 98 119 50 
0.056856 -0.005133 0.778653 104 103 63 
0.078201 -0.002111 0.793162 87 86 37 
0.124733 -0.003649 0.782444 104 122 59 
0.070143 -0.000151 0.793183 49 56 27 
0.167060 0.001022 0.793671 86 91 42 
-0.171371 0.000137 0.797870 185 185 157 
-0.066402 -0.005795 0.761907 124 124 72 
0.096196 0.001902 0.791744 119 130 76 
0.147306 -0.000652 0.775924 107 108 66 
-0.137303 -0.001330 0.778336 186 180 145 
0.007400 0.001131 0.782602 83 79 34 
0.080178 0.003921 0.792505 26 31 5 
0.130681 0.000192 0.771066 104 103 52 
-0.128025 0.008869 0.818182 139 139 82 
0.111529 0.010527 0.813249 153 148 110 
0.203241 0.008843 0.799934 159 172 134 
0.173997 0.009904 0.796605 70 77 36 
0.155201 0.011186 0.793861 132 134 81 
0.200229 0.018158 0.795241 81 93 23 
-0.161064 0.018080 0.803654 112 122 81 
0.037221 0.015619 0.782462 171 189 98 
0.204479 0.020377 0.795726 119 131 83 
0.057713 0.019321 0.788957 132 122 83 
-0.139613 0.016365 0.776367 223 216 189 
-0.133005 0.015623 0.772746 214 210 181 
0.219479 0.029956 0.819170 128 146 71 
-0.168390 0.025204 0.807687 167 164 129 
-0.034630 0.020159 0.779073 100 106 55 
0.122974 0.027961 0.805703 141 138 88 
-0.170813 0.025427 0.799617 189 181 141 
-0.169685 0.026398 0.803775 164 158 121 
0.011151 0.022887 0.779921 161 170 97 
0.047822 0.026018 0.791749 187 183 148 
0.133646 0.030614 0.807582 91 101 61 
0.180276 0.030281 0.803914 138 142 100 
0.202382 0.033916 0.809459 163 167 127 
-0.169489 0.030202 0.802075 187 179 140 
-0.117587 0.024000 0.773400 127 132 82 
0.096312 0.030454 0.790779 41 44 13 
-0.144738 0.031816 0.790255 81 90 53 
0.034887 0.030572 0.776956 123 134 91 
0.059557 0.039196 0.811513 197 190 159 
-0.064869 0.032274 0.780085 96 117 40 
-0.008902 0.032713 0.779371 105 129 41 
-0.099729 0.039302 0.801785 203 198 166 
0.100073 0.038121 0.788166 142 143 83 
0.153727 0.042524 0.803595 155 152 113 
-0.173766 0.035926 0.783110 205 190 157 
-0.163315 0.042267 0.799607 183 167 128 
0.041663 0.051394 0.826836 197 184 140 
0.118673 0.049540 0.816177 205 195 154 
-0.041227 0.041643 0.783731 106 119 72 
0.108129 0.051428 0.815616 215 204 173 
0.137694 0.049157 0.805476 73 78 41 
-0.096820 0.049775 0.809570 204 189 139 
0.071562 0.056361 0.827939 182 169 122 
0.221786 0.057080 0.824380 183 170 125 
0.157539 0.060374 0.831353 207 195 158 
-0.092730 0.055999 0.808723 212 197 152 
0.002844 0.046627 0.769715 96 109 46 
0.006752 0.045745 0.766250 167 164 115 
0.197969 0.064844 0.830008 230 214 177 
0.214141 0.066252 0.826443 204 188 146 
-0.045352 0.053333 0.781368 193 179 133 
0.161662 0.068777 0.829785 218 204 165 
0.203965 0.068745 0.827980 222 205 160 
0.222549 0.066380 0.818564 179 164 121 
-0.170453 0.056346 0.782244 152 146 99 
-0.065839 0.051843 0.761978 197 184 149 
0.142638 0.073209 0.830658 217 202 162 
0.201660 0.072796 0.826871 220 203 159 
-0.168697 0.058646 0.782996 153 147 104 
-0.113157 0.065014 0.803516 217 200 156 
-0.013562 0.065356 0.800894 196 181 138 
0.081534 0.071988 0.820830 199 184 143 
0.152434 0.076294 0.825626 205 190 145 
0.184695 0.076986 0.826834 216 199 152 
0.076995 0.075412 0.817746 182 171 123 
0.195263 0.079115 0.826203 209 191 142 
-0.110052 0.068973 0.794980 200 184 140 
0.155709 0.079203 0.820400 210 204 172 
-0.138224 0.069716 0.791339 96 103 63 
-0.068100 0.062078 0.762621 181 176 134 
0.012197 0.059601 0.751182 115 127 56 
0.195205 0.083308 0.825525 214 204 173 
0.027156 0.072431 0.787369 169 153 98 
0.219198 0.084050 0.819717 194 194 164 
-0.163907 0.072167 0.786372 206 203 178 
0.079348 0.078890 0.800137 172 170 121 
0.134488 0.071911 0.774723 101 109 56 
0.006387 0.066458 0.754341 73 81 37 
0.221239 0.088217 0.818983 174 177 153 
-0.125293 0.069387 0.762059 122 119 95 
-0.110843 0.072149 0.770643 225 220 191 
-0.027734 0.077317 0.784718 204 191 148 
0.110807 0.072377 0.763541 79 87 46 
0.163871 0.075488 0.771906 132 152 86 
0.213413 0.090945 0.821054 222 217 197 
-0.005347 0.072335 0.760859 101 104 39 
-0.035125 0.077833 0.766524 149 166 93 
0.043111 0.074009 0.751584 125 135 79 
0.212024 0.095742 0.815396 215 212 193 
-0.173258 0.082793 0.780478 188 189 158 
0.207231 0.097144 0.813087 218 215 192 
-0.117007 0.078131 0.757356 219 213 186 
0.050584 0.076918 0.747893 159 151 94 
0.094110 0.084556 0.770456 56 58 20 
-0.059807 0.086845 0.776313 70 84 32 
0.056379 0.078987 0.747938 102 109 59 
-0.113830 0.083463 0.761229 220 213 185 
-0.106137 0.083969 0.762536 62 71 25 
-0.063937 0.089108 0.777025 201 187 146 
-0.005449 0.081871 0.752727 141 121 71 
0.017987 0.083188 0.756022 198 184 147 
-0.091137 0.088114 0.768494 153 143 93 
0.071730 0.082814 0.746931 93 102 60 
-0.035298 0.089829 0.765644 92 58 21 
-0.031353 0.090045 0.766172 110 82 46 
-0.043555 0.093449 0.770632 126 138 81 
0.043180 0.088505 0.752965 130 114 61 
0.054708 0.087990 0.751045 127 122 73 
-0.107998 0.091270 0.760007 85 82 47 
-0.081424 0.094640 0.769221 182 168 125 
0.102239 0.097107 0.770746 164 151 111 
-0.104283 0.093733 0.761143 108 104 58 
-0.054412 0.101177 0.781602 172 155 111 
0.074962 0.088818 0.740954 146 161 95 
0.093005 0.100964 0.776330 162 148 113 
-0.094346 0.095553 0.760178 86 101 56 
0.138958 0.099428 0.764268 94 101 58 
-0.071221 0.099599 0.765291 190 173 124 
-0.045846 0.102459 0.772830 153 128 85 
0.061308 0.091689 0.738177 119 121 68 
0.021963 0.101084 0.760780 161 145 100 
0.033077 0.096237 0.746454 86 94 47 
0.150081 0.099156 0.751293 167 158 122 
-0.001787 0.095587 0.734264 69 75 31 
0.014143 0.106706 0.765350 152 130 90 
0.038441 0.097756 0.739213 69 82 37 
0.131331 0.107867 0.765123 114 108 58 
-0.155639 0.111308 0.777556 224 218 191 
-0.114906 0.098036 0.738974 40 42 15 
-0.108560 0.103061 0.747261 141 133 87 
-0.083855 0.099081 0.735415 158 159 71 
-0.078627 0.100748 0.739918 114 127 63 
-0.053739 0.111018 0.767867 90 103 63 
0.027093 0.102977 0.743022 54 64 10 
0.096670 0.114352 0.772738 175 161 123 
0.167110 0.106433 0.748539 102 108 64 
-0.145428 0.107952 0.756308 124 138 82 
-0.069979 0.106220 0.749300 174 148 106 
0.021618 0.108305 0.752395 111 106 54 
0.042116 0.102946 0.736948 115 103 62 
0.153216 0.104632 0.738366 143 165 87 
0.164549 0.107415 0.745748 88 94 44 
-0.134789 0.108420 0.751666 110 108 62 
0.104776 0.113830 0.759588 118 101 56 
0.200703 0.113910 0.757024 142 160 82 
0.044039 0.107032 0.737197 106 94 49 
0.166884 0.109027 0.739107 89 98 49 
-0.144593 0.108613 0.741467 124 141 66 
0.000017 0.109918 0.740876 103 69 24 
-0.003843 0.109815 0.735330 151 133 101 
0.074371 0.110343 0.734538 58 69 27 
0.106241 0.118607 0.755825 107 79 39 
0.196404 0.116703 0.748166 115 136 68 
0.209854 0.119068 0.754133 109 118 78 
-0.007626 0.108786 0.727398 99 113 56 
0.011683 0.116802 0.748212 56 69 28 
-0.165768 0.126851 0.774343 198 196 172 
-0.160107 0.124134 0.767004 205 199 165 
0.147143 0.115522 0.735708 82 85 31 
0.053134 0.114839 0.731280 107 123 67 
0.214593 0.126013 0.756147 100 113 59 
-0.149128 0.119095 0.742723 102 119 68 
-0.062624 0.114349 0.728005 91 102 66 
0.011448 0.119294 0.738857 118 112 61 
0.024627 0.116678 0.731687 133 146 93 
0.103041 0.123405 0.747061 129 116 68 
0.137164 0.118461 0.733257 134 150 74 
0.138962 0.118281 0.732738 127 144 62 
0.207207 0.125993 0.750954 138 144 103 
0.001795 0.120093 0.736003 119 106 60 
0.189063 0.124236 0.741638 86 101 33 
0.193283 0.124778 0.742924 115 128 58 
-0.098319 0.116754 0.724998 98 103 54 
0.146195 0.121502 0.730614 103 115 51 
0.175248 0.124567 0.732594 42 49 12 
-0.163398 0.121151 0.727872 220 218 201 
0.043756 0.125460 0.733292 106 96 50 
0.147897 0.124987 0.729347 119 130 73 
0.018473 0.121629 0.719338 152 172 84 
0.180194 0.130145 0.736466 131 150 59 
-0.107090 0.127062 0.731254 77 78 38 
-0.094514 0.123900 0.723055 45 54 11 
-0.055163 0.125571 0.726195 132 112 71 
-0.028860 0.129657 0.730727 103 85 56 
0.052608 0.128039 0.724628 102 90 56 
0.207917 0.140648 0.751800 121 130 95 
0.210740 0.141831 0.754653 114 130 56 
0.005329 0.127996 0.720882 78 89 29 
0.094521 0.131478 0.727151 141 149 84 
0.151814 0.132880 0.729130 132 140 81 
-0.121783 0.135542 0.737700 48 54 21 
-0.024915 0.131331 0.724986 161 147 122 
-0.015392 0.130127 0.721810 132 145 67 
0.122701 0.133138 0.725649 70 75 23 
0.216539 0.148314 0.760253 148 152 99 
-0.140007 0.131132 0.722604 212 206 177 
-0.083581 0.132466 0.724413 101 109 50 
0.020204 0.130418 0.716850 74 74 30 
0.043097 0.133485 0.723697 56 69 26 
0.182498 0.140378 0.736873 71 78 30 
0.039100 0.133957 0.720180 117 140 60 
0.063224 0.132923 0.717094 109 126 62 
0.050412 0.136240 0.720651 81 66 28 
-0.072680 0.139758 0.727335 120 104 65 
0.050356 0.137904 0.719924 97 79 42 
0.057476 0.136097 0.715467 125 144 77 
-0.026073 0.130845 0.700537 84 93 50 
-0.020690 0.132422 0.704116 124 137 92 
0.008855 0.136449 0.712872 66 81 34 
0.010710 0.136317 0.712517 89 85 43 
-0.093671 0.143334 0.726875 94 79 45 
-0.147799 0.150157 0.739373 208 198 163 
0.025529 0.141933 0.711604 79 89 46 
0.146078 0.149982 0.727289 34 43 10 
-0.124458 0.144711 0.717031 69 75 34 
-0.091629 0.148311 0.724498 106 86 47 
0.008805 0.144625 0.713689 84 99 47 
0.185720 0.154858 0.732944 144 148 108 
0.202360 0.156937 0.737309 148 166 76 
-0.116526 0.145523 0.714206 45 50 27 
0.068859 0.148510 0.716659 59 67 25 
-0.039181 0.143014 0.702303 102 80 47 
0.114940 0.150810 0.711907 56 52 22 
0.159022 0.157083 0.724967 103 117 65 
-0.044832 0.147244 0.703248 59 76 29 
0.038712 0.153175 0.714554 83 79 35 
0.146749 0.160951 0.729417 156 159 109 
0.174513 0.159675 0.725937 122 131 48 
0.154811 0.163773 0.731025 139 125 100 
-0.060307 0.154337 0.710671 108 124 69 
0.076499 0.158768 0.717337 136 124 99 
-0.087702 0.162236 0.719905 89 89 53 
0.155381 0.170715 0.732919 159 148 118 
0.163894 0.172351 0.736284 131 112 78 
-0.091097 0.162632 0.716531 129 135 69 
-0.046898 0.157124 0.703674 37 44 8 
0.135169 0.165937 0.718676 77 63 29 
0.183946 0.172429 0.731607 163 170 108 
-0.129163 0.179581 0.749444 159 137 96 
-0.085818 0.165858 0.719076 86 94 46 
0.005141 0.174883 0.736434 166 154 130 
0.150009 0.171390 0.725776 116 125 69 
0.032487 0.161932 0.703893 84 94 50 
-0.164117 0.166391 0.713443 134 139 73 
-0.006423 0.169708 0.717064 119 95 71 
0.028694 0.162943 0.701987 133 126 102 
0.159835 0.175913 0.726616 140 129 92 
-0.099674 0.173111 0.722030 121 113 64 
-0.063914 0.165797 0.705880 68 73 30 
0.034205 0.164833 0.701751 99 106 54 
-0.085448 0.171576 0.714319 138 130 84 
0.151143 0.177478 0.721629 102 119 63 
0.190195 0.182968 0.732276 170 169 124 
-0.087420 0.173670 0.714584 169 152 113 
-0.006457 0.173104 0.711699 119 137 70 
0.132526 0.177466 0.713706 149 160 103 
0.170921 0.183013 0.724355 140 143 88 
0.189505 0.185649 0.729408 82 95 34 
-0.041608 0.172429 0.702915 79 85 34 
0.044826 0.169835 0.695794 109 120 62 
0.035653 0.171492 0.695415 56 65 23 
0.052384 0.173242 0.698638 92 94 60 
0.059893 0.174127 0.700288 55 60 23 
0.192409 -0.115698 0.825482 107 113 54 
0.118405 -0.138015 0.826204 142 154 109 
0.179947 -0.076707 0.811082 107 132 53 
0.014129 -0.120497 0.791845 146 158 93 
-0.128109 -0.183955 0.856622 220 215 169 
0.132718 -0.110690 0.812108 129 144 89 
0.185941 -0.063297 0.816922 65 72 39 
0.168774 -0.103961 0.807411 162 179 100 
-0.132486 -0.181124 0.861340 221 216 161 
-0.082448 -0.134497 0.802453 171 178 113 
-0.076768 -0.132347 0.800615 111 121 53 
0.100703 -0.161699 0.836696 95 107 58 
-0.063038 -0.124495 0.796816 74 88 39 
0.211015 -0.096669 0.825257 161 173 99 
-0.091376 -0.131643 0.805307 100 110 59 
0.125533 -0.091073 0.798965 159 165 131 
0.186265 -0.091442 0.811061 81 89 35 
0.097679 -0.171537 0.842368 93 114 56 
0.164224 -0.088070 0.809221 125 136 49 
0.081013 -0.178224 0.856660 158 143 107 
0.226163 -0.089054 0.832014 156 173 104 
0.217192 -0.034890 0.824483 106 112 73 
-0.103719 -0.127726 0.810506 215 210 154 
-0.027045 -0.104669 0.794335 130 142 89 
0.052587 -0.092940 0.796926 116 125 67 
0.181640 -0.080894 0.812173 176 172 115 
0.180925 -0.101455 0.818637 164 171 102 
0.149933 -0.137519 0.827440 113 122 69 
-0.076227 -0.109192 0.793221 106 120 49 
0.137328 -0.155305 0.830762 156 166 105 
-0.120393 -0.125374 0.812174 166 170 133 
0.166960 -0.070699 0.806511 150 166 87 
-0.085361 -0.103946 0.796910 178 175 128 
-0.051287 -0.097072 0.794995 139 153 105 
0.041677 -0.077899 0.789093 56 66 10 
0.193383 -0.103544 0.823581 122 115 88 
-0.102058 -0.106042 0.800707 119 131 64 
0.150480 -0.152454 0.835173 61 70 26 
0.036483 -0.069386 0.783422 128 131 88 
0.118154 -0.183785 0.848396 100 106 64 
-0.119178 -0.099630 0.795383 201 196 148 
-0.103785 -0.097448 0.796016 151 169 96 
0.000545 -0.074219 0.786362 106 116 68 
0.162118 -0.146140 0.837279 91 88 47 
0.151605 -0.157895 0.839512 81 88 40 
-0.048800 -0.082329 0.791082 121 119 67 
0.128699 -0.055116 0.794977 66 72 16 
0.156651 -0.052917 0.799058 144 134 70 
0.222419 -0.075472 0.829813 138 154 96 
0.177154 -0.113748 0.847976 70 73 39 
0.161329 -0.150595 0.838040 43 50 23 
-0.015027 -0.070447 0.785560 95 102 44 
0.100599 -0.051611 0.786226 163 184 74 
0.224086 -0.073266 0.832829 55 65 35 
0.193421 -0.111686 0.836434 82 80 44 
0.144034 -0.185350 0.834008 127 151 57 
-0.051189 -0.075015 0.788069 119 127 61 
-0.017686 -0.067536 0.784851 190 198 140 
0.057595 -0.056784 0.787811 140 135 88 
0.112709 -0.046280 0.785549 168 189 87 
0.207177 -0.105840 0.833041 146 162 107 
0.192001 -0.117984 0.839653 46 57 28 
0.052370 -0.053678 0.786031 125 132 78 
0.213519 -0.098361 0.841382 122 116 78 
0.173876 -0.152573 0.842566 106 114 49 
-0.053519 -0.060692 0.782918 139 159 85 
0.164225 -0.034599 0.800079 106 112 45 
-0.171533 -0.102529 0.826657 221 218 187 
-0.074909 -0.064083 0.787688 159 139 90 
0.143791 -0.179124 0.863412 141 125 88 
-0.151547 -0.074105 0.788159 230 229 198 
-0.007472 -0.041910 0.773518 146 164 83 
0.023655 -0.042234 0.783059 137 151 96 
0.115384 -0.026111 0.781372 60 66 18 
0.199609 -0.135565 0.841046 150 139 104 
0.187988 -0.151879 0.841007 75 85 45 
0.173408 -0.027559 0.805744 165 149 102 
0.207261 -0.027524 0.815496 178 179 135 
-0.019927 -0.036959 0.771179 79 81 39 
0.216844 -0.105792 0.858084 125 121 83 
0.001134 -0.030390 0.775728 92 102 69 
0.017230 -0.033724 0.786433 89 96 28 
-0.053615 -0.037001 0.776508 64 70 18 
-0.043003 -0.029734 0.771631 169 151 116 
-0.004405 -0.026152 0.776630 121 118 72 
0.137045 -0.000375 0.777100 94 101 43 
0.028756 -0.019307 0.784376 99 96 41 
0.207209 -0.140143 0.851671 40 50 23 
0.151997 -0.002884 0.791322 70 78 29 
0.162984 -0.186666 0.862990 109 127 75 
0.045847 -0.013006 0.783131 94 101 53 
0.062923 -0.011737 0.785953 111 116 69 
0.075193 -0.010529 0.787435 133 130 84 
0.208121 -0.130662 0.861256 67 73 35 
0.104755 -0.004906 0.785995 132 128 82 
0.182642 -0.173292 0.855470 121 112 70 
0.182876 -0.005698 0.811085 113 123 55 
0.206156 -0.143549 0.856549 80 80 41 
-0.051695 -0.021486 0.774453 108 115 56 
0.013391 -0.016101 0.784242 100 104 45 
0.040607 -0.011205 0.783420 63 63 16 
0.187952 -0.004785 0.816301 161 145 103 
0.187796 -0.157143 0.868961 121 113 69 
-0.143064 -0.042053 0.790199 151 146 98 
0.091730 -0.003128 0.789204 46 58 28 
0.190301 -0.003027 0.819157 137 137 80 
0.108611 0.000295 0.793252 122 118 65 
0.212971 -0.121174 0.873308 170 169 140 
-0.007568 -0.009043 0.785683 137 138 87 
0.201579 -0.136537 0.883537 130 125 88 
0.191491 -0.185735 0.854965 58 70 46 
0.144684 0.011023 0.800149 130 128 73 
0.182792 0.010942 0.812218 73 75 31 
-0.123132 -0.023986 0.789029 170 163 107 
0.092413 0.009388 0.792324 79 85 24 
-0.169949 -0.035044 0.801208 211 212 179 
-0.163256 -0.031436 0.796309 99 118 31 
0.082257 0.010929 0.791554 164 173 107 
-0.093107 -0.012867 0.787831 129 110 51 
-0.020791 0.000142 0.785364 95 110 41 
0.186766 -0.152822 0.903761 204 198 170 
0.178737 0.020154 0.809635 114 126 44 
0.201768 0.020703 0.815885 154 157 111 
-0.036920 0.004183 0.777718 101 113 43 
0.219022 -0.148706 0.874041 113 119 79 
-0.144527 -0.021971 0.800440 153 150 106 
0.105728 0.017784 0.802071 134 147 99 
0.164946 0.027181 0.802477 147 147 84 
0.142425 0.025871 0.803392 96 98 41 
0.190308 0.027911 0.814809 135 141 100 
0.036051 0.019214 0.793363 95 84 34 
0.047021 0.011477 0.812611 105 98 56 
0.219601 -0.141709 0.896262 201 199 180 
-0.131061 -0.010690 0.804929 170 176 125 
-0.111941 -0.004988 0.799604 157 128 83 
0.165847 0.037563 0.804339 163 171 95 
-0.041081 0.015154 0.793172 133 126 71 
0.201871 -0.152893 0.914230 177 173 140 
-0.161322 -0.010252 0.811470 165 163 120 
-0.152304 -0.006671 0.807044 232 225 192 
0.009487 0.041987 0.760043 128 116 70 
0.130538 0.035849 0.813375 130 122 80 
0.202575 -0.158805 0.915263 186 181 148 
-0.017872 0.021142 0.800006 106 100 56 
0.205844 0.033954 0.848589 196 194 147 
0.220139 0.041235 0.844188 203 207 173 
0.080194 0.051245 0.787012 129 130 61 
-0.109606 0.019308 0.796050 114 128 54 
-0.089761 0.025554 0.795354 95 100 49 
-0.087162 0.026223 0.794806 89 99 47 
-0.084507 0.027019 0.794002 117 121 71 
0.065472 0.057695 0.779578 144 152 87 
0.082159 0.060464 0.779370 117 106 56 
0.170454 0.070838 0.787552 198 195 154 
0.206384 0.075529 0.789862 78 89 35 
0.218146 0.061305 0.824809 218 216 181 
0.082002 0.065803 0.773456 112 99 52 
0.091232 0.061549 0.785980 123 116 61 
0.093593 0.060827 0.788383 131 127 75 
0.095971 0.060198 0.790589 146 143 95 
0.128824 0.077256 0.764806 145 146 86 
-0.022614 0.037665 0.804357 124 116 69 
0.056629 0.071258 0.758315 159 169 115 
0.088691 0.068081 0.776590 134 128 74 
-0.020301 0.048285 0.787716 142 135 87 
0.059170 0.078205 0.749539 161 172 103 
0.065964 0.078574 0.751126 144 156 82 
0.088487 0.073456 0.770447 112 109 56 
-0.120882 0.025869 0.807909 170 154 105 
-0.033942 0.057937 0.767293 154 147 86 
-0.016797 0.065660 0.761951 85 97 35 
0.219540 0.079170 0.816330 198 184 139 
-0.132590 0.030202 0.812606 180 168 122 
0.166469 0.107807 0.744141 186 205 97 
-0.127695 0.037643 0.803628 193 185 143 
0.139747 0.100724 0.756385 85 94 42 
0.091144 0.087882 0.774106 228 218 184 
0.171999 0.115593 0.739677 167 184 82 
0.030046 0.092283 0.747243 42 46 9 
0.130004 0.102961 0.759356 233 222 185 
-0.154761 0.042305 0.801730 222 216 183 
-0.017780 0.094068 0.731106 113 126 77 
0.220333 0.113575 0.774040 225 229 195 
-0.077543 0.084924 0.736155 198 191 150 
-0.060022 0.081976 0.749716 96 107 66 
0.108699 0.107810 0.751853 76 87 36 
0.143801 0.122023 0.731359 126 146 85 
0.110596 0.112300 0.747819 64 70 22 
-0.161151 0.054233 0.790072 211 195 152 
-0.060799 0.090470 0.741087 56 64 14 
0.063369 0.110666 0.739751 67 77 12 
-0.078171 0.095756 0.727630 104 112 57 
0.076076 0.110591 0.750760 68 70 32 
-0.022710 0.106794 0.728005 195 182 129 
0.060662 0.115803 0.738155 106 117 42 
0.078038 0.113410 0.750701 85 92 53 
0.137717 0.133288 0.725163 141 157 113 
-0.035853 0.103024 0.738148 140 151 102 
0.047326 0.117806 0.734060 179 171 128 
0.066975 0.118567 0.739817 193 181 135 
0.218235 0.133277 0.762345 179 187 130 
-0.124444 0.088026 0.746799 86 95 33 
0.181377 0.140314 0.736656 140 141 105 
-0.004895 0.118779 0.723190 45 56 4 
0.097276 0.134895 0.729109 85 101 34 
0.007658 0.125018 0.724485 130 131 73 
0.038485 0.134276 0.719274 116 114 59 
-0.018594 0.126766 0.721629 151 164 95 
0.150030 0.154016 0.731838 134 132 91 
-0.132400 0.103237 0.755517 188 171 111 
-0.051196 0.132681 0.717441 122 134 65 
-0.102562 0.122465 0.729632 127 130 87 
0.014066 0.146909 0.712886 124 143 83 
0.207440 0.162949 0.750990 238 236 211 
-0.168813 0.110490 0.740526 232 230 215 
-0.058541 0.135324 0.719845 201 192 150 
0.088323 0.160150 0.714676 142 152 91 
-0.044055 0.142838 0.711869 102 114 54 
-0.041843 0.143302 0.711545 75 87 23 
-0.029316 0.144556 0.713458 91 111 44 
0.043539 0.156374 0.712206 127 135 85 
0.083876 0.162967 0.711375 76 85 22 
-0.111533 0.128465 0.728885 241 234 210 
0.200622 0.172468 0.741652 227 224 191 
-0.053233 0.145556 0.713162 85 89 33 
0.079293 0.169039 0.705221 118 142 71 
0.112879 0.169133 0.719502 144 129 82 
-0.073387 0.148765 0.714760 96 82 37 
-0.004253 0.160719 0.711273 26 37 2 
0.101387 0.179260 0.705160 90 96 37 
0.116126 0.177393 0.717022 97 102 41 
0.151866 0.183666 0.721482 64 72 25 
0.086202 0.187047 0.695138 103 100 49 
0.132017 0.186456 0.717664 72 86 16 
0.166160 0.189366 0.724631 126 133 88 
0.168392 0.189230 0.726043 111 115 62 
0.185090 0.192528 0.723952 116 133 58 
0.191452 0.193388 0.724320 81 92 28 
-0.074360 0.160152 0.707737 54 61 21 
-0.017864 0.170128 0.710762 139 131 81 
0.009235 0.176140 0.712051 128 127 65 
-0.110048 0.100221 0.755314 117 110 67 
-0.105732 0.102575 0.759530 157 149 112 
-0.052955 0.154277 0.709242 64 73 39 
-0.022888 0.175836 0.715689 113 106 80 
0.067816 0.250835 0.690855 172 167 135 
-0.062432 0.177121 0.682306 160 176 102 
-0.028123 0.174298 0.706971 93 97 35 
0.202399 0.204315 0.723837 147 155 76 
0.206803 0.204466 0.725444 74 89 29 
-0.098486 0.113872 0.744336 160 145 114 
0.046085 0.235449 0.696294 27 36 11 
0.151305 0.308034 0.732921 191 187 154 
-0.149948 0.148478 0.735422 218 216 186 
-0.023548 0.185153 0.692707 87 95 65 
-0.106456 0.159533 0.722078 96 106 56 
-0.071848 0.176360 0.686832 132 149 101 
-0.058141 0.180428 0.680835 113 126 50 
-0.057907 0.158084 0.706150 48 52 28 
-0.047745 0.176016 0.699283 74 78 26 
0.044158 0.238612 0.697643 69 60 32 
-0.042203 0.175707 0.702849 80 83 18 
0.068951 0.259883 0.687669 151 146 104 
0.168574 0.200906 0.725219 95 89 51 
0.106905 0.282467 0.718554 102 104 65 
-0.063447 0.151159 0.729342 111 95 67 
0.054655 0.248849 0.699276 95 95 62 
-0.003845 0.185859 0.696588 169 178 114 
0.062803 0.256747 0.691772 60 68 33 
0.065129 0.202831 0.676936 100 111 51 
0.073225 0.205005 0.674068 184 198 144 
-0.152850 0.070223 0.796061 197 181 146 
-0.062024 0.158049 0.713058 87 79 50 
-0.060084 0.187251 0.678744 95 104 36 
0.158244 0.209714 0.713768 99 102 48 
-0.107389 0.117739 0.748714 49 53 35 
-0.098376 0.127418 0.735798 161 141 106 
-0.091085 0.135758 0.722887 44 47 24 
0.072312 0.269925 0.687883 90 101 51 
-0.125441 0.106609 0.745841 62 61 35 
-0.082652 0.144252 0.724671 59 64 43 
-0.080739 0.145521 0.725750 68 70 41 
-0.116090 0.166534 0.724118 123 125 79 
-0.062334 0.165888 0.696221 132 151 92 
-0.039237 0.187410 0.695240 127 143 85 
0.028290 0.236702 0.694978 89 98 59 
0.084134 0.211144 0.680017 95 107 36 
0.132648 0.211343 0.703110 71 82 30 
-0.083075 0.145826 0.726715 128 117 90 
-0.013861 0.207595 0.688264 103 110 63 
0.050675 0.255831 0.698866 77 77 42 
0.080258 0.278986 0.698544 187 189 154 
-0.149309 0.169033 0.707016 206 203 165 
-0.027111 0.191311 0.695693 134 152 72 
0.042383 0.201014 0.698791 106 91 44 
-0.160647 0.075186 0.788521 130 122 80 
-0.137907 0.092088 0.793008 196 192 167 
-0.131412 0.098927 0.784153 192 185 159 
-0.125318 0.106683 0.769100 130 121 82 
-0.106922 0.127183 0.738343 61 68 40 
-0.064364 0.162778 0.726773 64 74 40 
-0.032708 0.194513 0.691677 30 32 12 
-0.128156 0.104921 0.778843 183 177 149 
0.044322 0.255832 0.698918 65 70 41 
0.114287 0.301605 0.745474 216 210 179 
-0.047907 0.192664 0.695064 85 87 22 
-0.045669 0.193268 0.694207 100 103 50 
-0.018994 0.197317 0.694332 160 170 90 
0.046272 0.206976 0.695451 111 127 78 
-0.072769 0.157690 0.743391 66 70 33 
0.060620 0.209672 0.693820 110 106 52 
0.048061 0.261359 0.698404 99 102 65 
0.062830 0.272944 0.698546 44 55 14 
0.027347 0.246258 0.705099 69 65 38 
0.052229 0.210431 0.694174 27 33 6 
0.067849 0.278052 0.705781 162 162 126 
0.089721 0.296688 0.698410 171 177 143 
-0.099342 0.178026 0.732160 187 172 137 
-0.043571 0.198419 0.692526 178 183 141 
0.007830 0.202492 0.705184 69 67 33 
-0.123062 0.122780 0.743220 73 77 43 
0.054031 0.212929 0.693923 77 81 49 
-0.117638 0.127274 0.742104 110 96 64 
0.124575 0.224751 0.690475 97 98 40 
0.157670 0.224974 0.706643 85 95 50 
-0.112872 0.175539 0.741253 148 123 65 
-0.004500 0.203372 0.703218 98 100 26 
-0.001426 0.231635 0.700742 109 101 74 
0.045227 0.268288 0.702879 130 117 83 
-0.118892 0.181944 0.724129 100 105 55 
-0.007246 0.204181 0.706441 108 100 41 
0.176296 0.228924 0.717625 103 81 38 
-0.135618 0.120956 0.736140 57 62 36 
-0.055911 0.193191 0.686649 97 89 55 
0.019658 0.249099 0.710467 100 88 62 
0.006026 0.210631 0.698708 83 80 36 
-0.127163 0.129288 0.740002 136 127 92 
0.039390 0.217929 0.691105 142 159 109 
-0.074441 0.181043 0.684554 90 100 57 
0.111587 0.231596 0.681972 120 134 55 
-0.046195 0.201958 0.693813 35 40 20 
0.150268 0.231554 0.702431 127 139 74 
-0.035005 0.209632 0.700981 83 75 42 
0.154520 0.231293 0.705563 87 91 43 
0.184817 0.230578 0.723940 150 153 81 
-0.159835 0.096195 0.793863 200 193 167 
0.049665 0.278469 0.708116 74 73 38 
0.066064 0.292698 0.701630 167 168 122 
-0.167796 0.177870 0.727977 191 192 153 
-0.012913 0.231972 0.701424 52 57 23 
-0.083848 0.197634 0.703741 69 72 21 
-0.119177 0.143376 0.735209 65 68 46 
0.034964 0.221673 0.690490 102 115 59 
-0.074806 0.206804 0.691484 75 73 30 
-0.080545 0.177564 0.730456 98 76 49 
-0.048756 0.212510 0.692850 70 77 20 
0.100600 0.239458 0.677640 139 145 90 
0.116380 0.239410 0.686418 96 98 44 
-0.111335 0.153567 0.739800 128 137 88 
-0.121708 0.200541 0.703764 179 163 107 
-0.103926 0.162705 0.734616 105 98 69 
0.011622 0.227501 0.679453 169 177 105 
0.020122 0.267077 0.709306 182 179 151 
0.074231 0.233360 0.692689 100 97 58 
0.060140 0.299431 0.709520 156 152 113 
0.078250 0.234085 0.692275 108 104 41 
0.088297 0.236212 0.690097 106 105 56 
0.122205 0.240067 0.694796 81 65 29 
0.174933 0.239244 0.726812 58 64 24 
-0.164670 0.192111 0.718676 154 156 108 
-0.106300 0.201939 0.715126 89 88 36 
0.069863 0.234213 0.694841 70 78 28 
-0.088809 0.181094 0.725095 85 89 57 
0.003342 0.260424 0.696012 96 106 56 
0.020090 0.272748 0.704593 116 101 69 
-0.087703 0.211020 0.700043 78 86 27 
0.044605 0.292813 0.703738 154 150 112 
-0.057122 0.217831 0.691995 102 111 60 
0.151438 0.239942 0.727226 107 95 53 
-0.150768 0.130466 0.741671 108 95 61 
-0.067723 0.206834 0.683072 42 45 28 
-0.024557 0.241104 0.689267 88 86 52 
-0.166888 0.196176 0.718691 178 179 136 
0.048126 0.298348 0.702801 101 113 51 
0.047240 0.234883 0.695247 27 35 6 
-0.041803 0.223581 0.694960 50 57 22 
0.033033 0.288809 0.700998 93 106 51 
0.026653 0.233280 0.697472 95 106 49 
0.149012 0.242382 0.733116 84 84 47 
-0.165674 0.118825 0.786223 200 193 168 
-0.150731 0.138424 0.733507 157 153 120 
-0.025918 0.227843 0.695912 95 101 54 
0.064453 0.240001 0.701692 83 81 30 
-0.037971 0.238235 0.698386 54 62 34 
-0.132233 0.215348 0.690233 206 202 170 
-0.127664 0.211432 0.708049 208 199 166 
-0.005261 0.230616 0.705399 124 123 76 
0.128173 0.254535 0.690882 74 81 30 
0.059893 0.243459 0.701956 79 72 16 
-0.119821 0.164126 0.765670 131 114 82 
0.181574 0.252938 0.736743 140 135 77 
-0.081275 0.206562 0.685711 92 103 66 
-0.123320 0.163346 0.767895 133 106 65 
0.163197 0.249813 0.746782 105 87 47 
-0.103616 0.183185 0.740617 131 126 91 
0.196222 0.260688 0.723478 87 101 53 
-0.093332 0.196087 0.706797 99 88 63 
-0.111052 0.178345 0.748779 166 156 129 
-0.117694 0.227462 0.675668 151 171 107 
0.020493 0.292423 0.708934 158 159 114 
0.067445 0.248797 0.701962 91 79 41 
0.178940 0.256386 0.738836 111 120 56 
-0.039057 0.249094 0.679688 125 130 90 
0.093354 0.255976 0.697173 94 84 40 
-0.089440 0.206634 0.702946 71 51 26 
0.139015 0.251813 0.741846 97 94 54 
-0.063798 0.229689 0.688865 95 97 59 
-0.060260 0.232494 0.690023 84 91 55 
-0.052294 0.241041 0.693389 89 88 57 
-0.103433 0.223753 0.716336 156 143 96 
0.103019 0.260014 0.695080 110 115 64 
-0.158556 0.144147 0.783141 169 163 130 
0.147423 0.253696 0.748297 121 110 69 
-0.066737 0.231960 0.687509 88 101 61 
-0.120886 0.235308 0.666510 113 131 63 
-0.114867 0.236329 0.666027 147 166 100 
-0.116178 0.190698 0.706134 130 130 85 
-0.032920 0.241691 0.694853 52 61 13 
0.010228 0.246328 0.702516 97 80 43 
-0.059093 0.242098 0.685359 108 92 52 
0.135971 0.257511 0.743577 88 72 41 
0.106108 0.266567 0.695430 133 128 70 
0.184561 0.269919 0.731158 163 161 117 
-0.172597 0.142530 0.754454 184 177 151 
-0.113105 0.197874 0.705136 54 59 28 
-0.105267 0.203819 0.711343 83 81 47 
-0.084675 0.222798 0.695943 116 105 74 
-0.078429 0.228757 0.689359 85 73 45 
-0.062178 0.246864 0.680465 122 114 63 
-0.034188 0.249175 0.688566 68 77 28 
0.070688 0.265602 0.685570 68 77 36 
0.188908 0.271390 0.736832 155 153 103 
-0.097018 0.212016 0.721514 79 69 43 
-0.074064 0.234812 0.688359 65 46 31 
-0.069487 0.238654 0.688577 121 128 79 
-0.044699 0.261239 0.672505 124 129 63 
0.005877 0.254840 0.698919 80 83 37 
0.017753 0.308666 0.723964 122 123 80 
0.024296 0.260899 0.693478 117 107 58 
-0.160823 0.160214 0.722856 170 163 134 
0.093314 0.269327 0.701859 133 142 87 
-0.131292 0.181945 0.755455 89 94 59 
0.130493 0.265052 0.745150 135 130 89 
-0.132447 0.186135 0.703784 122 138 72 
-0.091672 0.219121 0.718991 86 75 48 
-0.080301 0.231596 0.690476 120 111 83 
-0.064538 0.244746 0.692363 49 53 19 
-0.020710 0.257402 0.688165 141 149 78 
-0.000199 0.258559 0.696678 131 139 70 
0.009067 0.258720 0.702136 79 85 34 
0.019702 0.261452 0.697050 100 85 52 
-0.132356 0.183869 0.750695 96 103 66 
-0.087785 0.226522 0.700726 134 122 99 
-0.074860 0.250956 0.689885 114 111 42 
0.021618 0.264047 0.695883 112 98 64 
0.114817 0.272673 0.719808 85 95 43 
0.123424 0.269452 0.740134 165 161 101 
-0.166663 0.162842 0.712162 150 149 106 
-0.075745 0.252185 0.692973 118 113 45 
0.051011 0.270102 0.697605 97 110 58 
-0.138471 0.188510 0.745218 110 95 63 
-0.136788 0.190300 0.741104 95 89 57 
-0.057747 0.260460 0.711704 109 102 52 
-0.073277 0.255502 0.698276 118 108 59 
-0.060535 0.259895 0.686588 126 117 52 
-0.121904 0.207580 0.714355 117 93 62 
0.048232 0.272861 0.701828 88 108 46 
-0.062538 0.258203 0.718191 106 91 55 
-0.102924 0.255097 0.688955 164 152 96 
-0.139281 0.192859 0.740284 106 103 58 
0.051795 0.274913 0.704308 103 118 50 
0.137345 0.276582 0.756899 147 136 84 
0.173188 0.282065 0.756219 208 203 168 
-0.131378 0.253850 0.684307 152 146 95 
0.013045 0.270270 0.708738 135 118 81 
0.137014 0.278668 0.757118 155 145 92 
0.156118 0.281220 0.758522 212 208 174 
-0.123626 0.256939 0.684662 197 188 137 
-0.103340 0.258906 0.689784 67 70 20 
-0.061506 0.263482 0.697809 140 146 57 
-0.049648 0.265109 0.698475 152 135 102 
-0.099430 0.238398 0.681722 104 119 63 
-0.070362 0.263590 0.700828 167 182 119 
-0.028984 0.271162 0.703888 149 156 74 
0.108503 0.282321 0.750271 173 161 119 
-0.122325 0.219538 0.699861 58 60 35 
-0.102985 0.238220 0.671412 100 120 58 
-0.096341 0.265510 0.692194 99 101 54 
-0.079863 0.266863 0.697741 47 54 15 
-0.017789 0.276332 0.706796 159 152 103 
0.166197 0.295433 0.748908 204 199 161 
-0.070134 0.266039 0.717532 135 121 82 
-0.068728 0.267285 0.717171 124 110 69 
-0.022809 0.306192 0.733399 185 181 149 
-0.008185 0.276930 0.721756 138 143 94 
0.107588 0.288017 0.753434 177 172 130 
-0.151006 0.195750 0.753388 178 171 143 
-0.128069 0.219661 0.688845 52 52 35 
-0.068816 0.270125 0.708486 147 138 103 
-0.067641 0.271656 0.700141 94 90 65 
-0.145016 0.209210 0.688642 107 112 50 
-0.146555 0.207074 0.745741 156 147 114 
-0.152012 0.204377 0.705124 69 74 38 
-0.120741 0.275022 0.686075 188 173 123 
-0.094801 0.276530 0.698943 124 101 47 
-0.136648 0.223710 0.674414 134 135 99 
0.114369 0.300232 0.750479 210 204 171 
-0.086542 0.271502 0.696118 61 70 44 
-0.144017 0.273742 0.707937 181 171 133 
-0.141930 0.225527 0.671740 132 151 67 
-0.131786 0.275590 0.707667 182 175 142 
0.024073 0.297957 0.711054 150 158 83 
0.083364 0.304910 0.721379 173 168 128 
-0.147651 0.222501 0.673449 122 134 65 
-0.114095 0.252715 0.662494 52 55 27 
-0.022480 0.288599 0.737725 157 147 106 
-0.148792 0.276786 0.709743 214 206 176 
-0.066359 0.287222 0.719824 200 186 151 
0.064348 0.304840 0.729403 174 169 125 
-0.132564 0.239505 0.699592 115 113 86 
-0.078134 0.297145 0.723099 165 159 131 
-0.106493 0.291991 0.730065 189 179 138 
-0.072976 0.297298 0.727392 198 189 158 
-0.003114 0.308181 0.722997 192 186 152 
-0.159168 0.226054 0.748022 172 163 134 
-0.081148 0.296844 0.722413 184 178 153 
-0.066657 0.302587 0.725375 185 176 145 
-0.146519 0.239891 0.741921 170 163 135 
-0.121540 0.297707 0.717637 210 200 169 
-0.142899 0.243188 0.739693 178 171 142 
-0.051461 0.307597 0.719997 192 185 155 
-0.136509 0.249287 0.703707 91 89 62 
-0.130377 0.257279 0.670554 125 131 74 
-0.086995 0.296384 0.717303 171 166 139 
-0.099304 0.305055 0.716925 197 189 154 
-0.155399 0.241141 0.741102 162 158 132 
-0.148662 0.251647 0.707786 96 91 64 
-0.139523 0.259928 0.697229 154 140 106 
-0.150828 0.252100 0.723811 182 173 139 
-0.119446 0.280630 0.698686 155 147 113 
-0.143344 0.260914 0.700818 94 96 57 
-0.151933 0.255342 0.707672 171 162 131 
-0.118130 0.291280 0.712161 161 155 130 
-0.151811 0.277661 0.703336 178 171 143 
-0.153620 0.271502 0.703549 131 132 95 
-0.161172 0.262297 0.706113 152 148 112 
-0.163141 0.260558 0.708745 88 94 52 
-0.123186 0.293502 0.711470 185 180 157 
-0.167146 0.250940 0.733634 181 173 149 
0.133726 -0.120259 0.817382 101 111 55 
0.119388 -0.136132 0.826466 94 110 56 
0.128796 -0.122537 0.826274 67 63 31 
0.070357 -0.137433 0.822308 71 82 37 
0.113045 -0.142083 0.822595 98 110 39 
0.016703 -0.134704 0.799921 148 157 95 
-0.013536 -0.146285 0.809539 129 141 72 
-0.070245 -0.158073 0.812773 129 143 90 
0.065749 -0.170669 0.844628 102 114 55 
0.117389 -0.129671 0.823197 141 151 92 
0.121273 -0.121955 0.824357 79 92 54 
0.220455 0.042969 0.834764 160 158 116 
0.055063 -0.145353 0.820740 97 107 60 
0.103556 -0.140382 0.820848 190 207 126 
0.064369 -0.172422 0.841786 84 103 34 
0.213506 -0.142984 0.847404 182 192 138 
0.204307 -0.138455 0.838468 103 112 62 
0.128142 -0.143944 0.827516 170 180 139 
0.039821 -0.187209 0.851700 203 194 156 
0.218664 0.028796 0.821515 142 140 90 
0.201973 -0.141266 0.837243 117 128 82 
0.179518 -0.138464 0.827581 60 68 30 
0.201083 -0.013218 0.809146 149 156 105 
0.016257 -0.162860 0.817926 200 202 159 
0.139520 -0.090317 0.811995 103 96 53 
0.207513 0.014322 0.813413 133 141 87 
0.142778 -0.149782 0.825554 180 184 124 
0.189709 -0.017621 0.807364 108 117 65 
-0.051955 -0.191457 0.837739 175 179 157 
0.200387 0.000374 0.808464 48 59 25 
0.104648 -0.116814 0.821010 60 71 38 
0.167449 -0.149555 0.826629 233 234 198 
0.173900 -0.068013 0.789172 167 187 124 
0.159284 -0.149749 0.824908 189 191 151 
0.156595 -0.150121 0.824782 162 170 121 
0.206432 0.062283 0.832313 210 196 157 
0.209237 0.066202 0.832129 206 192 150 
0.125008 -0.165612 0.834559 184 190 133 
0.119568 -0.166915 0.835090 99 108 30 
0.105926 -0.171516 0.838327 127 138 65 
0.203813 0.023885 0.809661 85 95 50 
-0.008984 -0.191056 0.833456 181 188 123 
0.032059 -0.180059 0.838475 85 93 47 
-0.011915 -0.192441 0.834710 171 178 121 
0.106514 -0.105324 0.816986 102 104 72 
0.151202 -0.069720 0.798906 127 146 62 
0.204816 0.042920 0.816380 95 112 49 
-0.006280 -0.195763 0.836075 203 213 146 
0.073881 -0.131712 0.826981 71 83 24 
0.015307 -0.180868 0.846228 198 184 145 
0.052243 -0.148974 0.832710 155 147 119 
0.197279 0.027204 0.807782 92 106 55 
0.142569 -0.067455 0.798660 94 116 40 
0.159601 -0.027754 0.806158 106 117 57 
0.202939 0.084851 0.831600 194 190 161 
0.058137 -0.138125 0.827755 55 58 19 
0.184282 0.009504 0.802844 86 95 37 
0.085055 -0.112360 0.816348 121 110 77 
0.192085 0.083759 0.833541 218 214 187 
0.031130 -0.164829 0.829831 135 147 75 
0.099480 -0.100990 0.807571 142 140 115 
0.049265 -0.136821 0.826904 52 59 22 
0.052802 -0.114264 0.836042 96 83 50 
0.110837 -0.089580 0.801383 178 190 119 
0.131100 -0.065787 0.797392 63 64 27 
0.036562 -0.153680 0.825417 83 88 44 
0.175455 0.072714 0.831589 196 187 152 
-0.032306 -0.189778 0.859724 49 59 32 
0.212188 0.119576 0.823044 173 168 137 
0.010215 -0.165302 0.834906 85 101 50 
0.054360 -0.102537 0.828839 102 109 60 
0.113387 -0.069737 0.798096 72 70 29 
0.022600 -0.148699 0.827587 81 84 39 
0.143956 -0.007459 0.799703 199 196 164 
0.131525 -0.027417 0.796472 114 115 72 
-0.051098 -0.167604 0.867840 200 190 153 
0.088034 -0.081239 0.800874 78 83 40 
-0.075597 -0.180854 0.877479 193 181 144 
0.058224 -0.084347 0.820011 92 86 56 
0.122940 -0.045599 0.788237 97 95 49 
0.193911 0.113842 0.812177 135 131 97 
0.198529 0.119306 0.811266 174 160 133 
0.034113 -0.123851 0.816310 69 75 32 
0.065742 -0.080218 0.813156 70 78 27 
0.096471 -0.066683 0.795685 69 79 35 
0.144520 0.002555 0.792368 90 103 49 
0.165494 0.105122 0.827035 153 140 89 
0.207470 0.139705 0.811205 123 124 84 
0.138248 0.082760 0.834085 197 189 153 
0.185028 0.108411 0.810085 147 136 93 
0.186958 0.109393 0.809057 160 152 107 
0.190904 0.111141 0.806827 124 116 77 
-0.062145 -0.168461 0.863724 103 120 75 
0.204881 0.124873 0.799502 113 112 62 
0.148753 0.102738 0.829192 203 196 166 
0.212167 0.132494 0.794412 130 131 92 
0.021388 -0.125275 0.813856 73 81 37 
-0.010642 -0.140949 0.828082 81 89 36 
0.004838 -0.133985 0.819506 59 72 28 
0.060621 -0.074374 0.805243 72 76 32 
0.181719 0.107600 0.799630 145 140 110 
-0.087892 -0.173303 0.868926 124 124 88 
0.025236 -0.115127 0.809955 99 99 59 
0.124488 0.050663 0.813166 204 196 153 
0.202575 0.111087 0.782165 64 55 26 
0.219493 0.129574 0.778033 72 82 33 
0.062239 -0.074016 0.798325 105 125 61 
0.089646 -0.050366 0.788630 74 87 37 
0.130710 0.011876 0.786849 95 121 39 
-0.137834 -0.175778 0.899570 224 215 176 
-0.070285 -0.160796 0.855260 64 78 41 
-0.039384 -0.155134 0.834426 58 70 31 
0.008147 -0.129128 0.810549 124 109 78 
0.029627 -0.105400 0.805413 86 91 36 
0.101475 -0.038870 0.782174 77 84 46 
0.123811 0.005789 0.786270 102 121 45 
0.061158 -0.070833 0.794848 131 153 103 
-0.064721 -0.153965 0.848158 84 79 31 
0.078716 -0.049418 0.788692 56 70 28 
-0.138681 -0.190436 0.883784 193 185 115 
0.034566 -0.087682 0.801253 111 120 77 
0.119778 0.102616 0.822041 164 157 118 
-0.037003 -0.146777 0.821778 36 47 7 
-0.002744 -0.132392 0.802850 107 109 68 
0.099571 0.068091 0.818118 200 189 154 
0.122482 0.105651 0.818195 105 86 55 
0.215210 0.134546 0.762385 126 124 80 
0.039838 -0.066864 0.798121 77 79 31 
0.161398 0.093613 0.780723 111 127 71 
-0.154738 -0.176334 0.889482 209 208 175 
-0.143269 -0.158915 0.888853 189 178 128 
0.091854 0.013771 0.793097 174 168 123 
0.157486 0.090157 0.779031 115 136 70 
0.176818 0.111783 0.771480 68 78 23 
-0.150404 -0.160075 0.887166 128 142 71 
0.212878 0.172822 0.766100 164 159 126 
-0.081945 -0.153633 0.834031 98 114 50 
-0.027048 -0.133601 0.803019 111 100 68 
0.205666 0.143770 0.755586 119 137 75 
-0.079769 -0.149836 0.831146 113 135 57 
-0.005166 -0.101628 0.798254 96 112 51 
0.200486 0.127478 0.749289 112 131 78 
0.209619 0.176032 0.763751 121 117 70 
-0.090048 -0.158927 0.831658 111 129 61 
-0.057700 -0.138357 0.817291 126 113 71 
0.021654 -0.076510 0.786946 94 107 61 
0.122485 0.072320 0.778618 108 104 73 
0.209691 0.179069 0.761961 127 124 79 
-0.155384 -0.151535 0.878560 228 223 197 
0.205120 0.176614 0.761137 105 103 62 
0.046630 -0.007601 0.792727 104 116 66 
0.053272 0.009087 0.795079 142 145 86 
0.063264 0.018332 0.791891 60 72 31 
0.205271 0.179449 0.759198 101 110 42 
-0.152774 -0.150220 0.870953 197 197 168 
0.200868 0.176574 0.758078 114 110 61 
-0.096596 -0.152273 0.827354 110 115 65 
-0.017187 -0.089982 0.797398 84 86 42 
0.030721 -0.037883 0.785394 144 162 102 
0.048399 0.019892 0.794070 61 69 29 
0.195003 0.169364 0.753175 153 171 94 
0.060503 0.092607 0.812564 143 126 79 
0.157303 0.102967 0.749185 103 126 31 
-0.096225 -0.134120 0.825753 141 141 103 
0.000359 -0.059184 0.789192 107 101 56 
-0.109573 -0.144172 0.827969 147 155 79 
0.045447 0.053841 0.797885 161 171 118 
0.014892 -0.037430 0.779320 59 72 19 
0.027245 0.016298 0.792319 152 149 87 
0.037421 0.029352 0.790552 159 157 105 
0.175104 0.154077 0.742960 99 104 69 
-0.103806 -0.121259 0.821356 187 184 148 
-0.047857 -0.081091 0.799110 98 108 73 
0.013726 -0.021149 0.780819 137 157 83 
0.058797 0.084202 0.791643 181 173 147 
0.116555 0.113282 0.763800 77 82 49 
-0.051878 -0.078055 0.800124 125 139 60 
-0.009083 -0.043467 0.784657 108 112 56 
0.098201 0.098768 0.767586 100 100 52 
0.168809 0.158550 0.743128 169 181 149 
0.152508 0.131248 0.740594 85 79 42 
-0.019968 -0.043336 0.786272 116 125 72 
-0.014812 -0.038848 0.784539 67 80 47 
0.112598 0.120155 0.760223 83 73 40 
0.165193 0.167406 0.743107 68 78 38 
-0.030674 -0.052370 0.787090 38 50 12 
-0.001258 -0.014264 0.781991 108 116 53 
-0.030498 -0.046768 0.786219 177 190 157 
0.117845 0.126027 0.753039 96 114 65 
-0.121377 -0.115384 0.817712 173 175 139 
0.090130 0.105134 0.760593 88 95 66 
0.091536 0.107164 0.760425 79 87 56 
-0.005957 0.005706 0.783877 109 112 76 
0.130718 0.131646 0.740778 87 82 40 
0.178784 0.186421 0.729535 136 130 97 
0.196926 0.215125 0.728290 195 191 170 
0.049895 0.080146 0.771857 131 138 68 
-0.163663 -0.115936 0.836360 223 223 212 
0.076138 0.093762 0.756741 90 97 42 
0.088443 0.112463 0.755574 84 81 38 
0.097825 0.123234 0.753403 44 51 26 
0.194656 0.221601 0.726286 214 210 190 
-0.042197 -0.025427 0.787327 157 155 108 
-0.054654 -0.042684 0.786233 142 170 98 
0.063976 0.089062 0.757085 109 118 67 
0.069290 0.093457 0.755234 108 122 75 
0.127378 0.140583 0.734669 97 112 42 
0.026107 0.080580 0.775537 119 98 54 
0.087370 0.118830 0.749772 46 52 17 
0.127090 0.144125 0.733245 71 81 31 
-0.055997 -0.020253 0.789319 98 106 49 
-0.026151 0.009875 0.780896 113 126 43 
0.031273 0.080654 0.769255 124 111 73 
0.158716 0.186778 0.725263 79 87 39 
-0.155419 -0.101771 0.821102 138 160 91 
-0.080035 -0.043325 0.793591 136 134 88 
-0.024619 0.017930 0.779833 96 103 47 
0.119655 0.136179 0.729440 81 98 47 
0.172999 0.211233 0.721885 64 78 32 
-0.114085 -0.067584 0.803819 112 119 72 
-0.112361 -0.065935 0.803301 101 105 55 
-0.043953 0.006626 0.785231 150 146 111 
-0.010517 0.073633 0.787462 134 134 68 
0.104819 0.133815 0.735194 55 59 19 
0.138860 0.168753 0.725793 93 102 41 
0.172976 0.231393 0.726058 188 185 147 
-0.123877 -0.080912 0.802441 152 165 114 
-0.063572 -0.011279 0.788477 138 151 71 
-0.109772 -0.047378 0.802203 161 165 120 
0.100189 0.134398 0.732570 55 65 23 
0.129752 0.168489 0.725699 139 154 87 
0.190468 0.246890 0.714481 144 152 99 
-0.146775 -0.088001 0.808557 213 216 204 
0.074024 0.119397 0.740988 64 75 30 
0.141845 0.191962 0.723267 39 48 10 
-0.111953 -0.036931 0.801205 214 215 195 
0.064084 0.112444 0.741948 100 113 44 
0.146235 0.201315 0.720804 98 109 37 
0.166226 0.261138 0.728634 224 220 195 
0.013957 0.085024 0.761005 131 150 105 
0.145656 0.205720 0.719750 136 160 68 
-0.162672 -0.074544 0.814112 220 225 201 
-0.105148 -0.027506 0.794211 90 97 41 
-0.026874 0.076843 0.780617 156 144 97 
0.026899 0.098350 0.754505 111 108 71 
0.068148 0.124753 0.737785 86 92 49 
-0.112126 -0.028279 0.795304 127 138 73 
-0.073399 0.042105 0.791724 74 80 31 
0.078987 0.139319 0.730166 84 92 42 
-0.116584 -0.025180 0.793135 97 109 52 
-0.072575 0.076893 0.799539 136 128 82 
0.098861 0.153224 0.719689 94 111 59 
-0.083582 0.062004 0.798311 105 120 59 
0.126728 0.209417 0.718076 100 101 48 
-0.041237 0.085869 0.777243 126 126 76 
0.119859 0.201094 0.716663 91 92 46 
0.128421 0.219444 0.717365 76 86 27 
0.137911 0.275713 0.729673 176 176 138 
-0.104134 0.021429 0.791634 104 126 63 
-0.102428 0.068962 0.805730 204 205 173 
0.105934 0.182110 0.716129 108 120 78 
0.129075 0.226531 0.716314 98 103 66 
-0.057573 0.084024 0.780437 58 73 17 
0.146969 0.296868 0.724852 187 187 154 
-0.109702 0.049870 0.797858 151 165 100 
0.010986 0.111747 0.745120 93 90 41 
0.100019 0.184938 0.714833 73 79 45 
-0.113770 0.008941 0.784505 131 135 73 
-0.083822 0.077531 0.787977 156 120 55 
0.004687 0.111164 0.745775 106 100 57 
0.010487 0.115409 0.743642 73 85 39 
0.044209 0.136266 0.727185 130 156 63 
-0.133594 0.012293 0.791295 76 83 23 
-0.130128 0.086237 0.811813 231 225 197 
0.141736 0.302627 0.714576 203 201 177 
0.188608 0.256627 0.673159 100 82 59 
-0.096475 0.080856 0.784188 146 148 91 
-0.003252 0.121698 0.741987 104 116 68 
0.120165 0.252122 0.709018 152 158 122 
0.032408 0.144803 0.725208 136 160 73 
-0.160570 0.017216 0.796430 205 205 178 
0.024606 0.146622 0.727392 127 145 84 
0.123246 0.268496 0.706224 165 173 150 
-0.096286 0.086204 0.776514 69 84 39 
-0.012423 0.126790 0.740051 70 54 13 
0.024785 0.157875 0.727695 97 116 61 
0.012641 0.144774 0.727967 97 109 67 
0.083267 0.205380 0.705013 93 108 69 
-0.128093 0.095195 0.791209 118 132 82 
-0.030765 0.131489 0.743101 59 66 22 
-0.005545 0.134878 0.729729 105 101 50 
0.162951 0.274586 0.673717 100 79 50 
0.022782 0.180683 0.720825 98 104 42 
0.114088 0.258981 0.691287 55 74 39 
0.117673 0.284042 0.696278 227 227 227 
-0.050558 0.117838 0.741630 90 99 46 
-0.044385 0.133842 0.742605 104 105 42 
-0.092668 0.100178 0.757364 216 210 180 
-0.079286 0.107381 0.748915 86 97 42 
-0.109355 0.086957 0.757094 31 44 10 
-0.100222 0.092122 0.753435 34 44 8 
-0.168017 0.095800 0.785688 190 195 163 
-0.145357 0.103538 0.775316 83 94 52 
-0.098690 0.103998 0.749854 165 160 129 
-0.029431 0.146325 0.723099 101 114 62 
0.099831 0.260474 0.682478 106 120 59 
-0.000942 0.176885 0.712693 97 95 38 
-0.156548 0.109703 0.776879 188 193 161 
-0.123204 0.102390 0.756863 129 149 97 
0.086224 0.263005 0.684866 192 195 172 
-0.000835 0.181784 0.705299 82 103 35 
0.046100 0.219995 0.689788 192 192 157 
-0.088172 0.122901 0.734358 78 89 22 
-0.107486 0.116271 0.737153 133 134 68 
-0.015514 0.178011 0.703636 74 83 43 
-0.134207 0.116876 0.745527 149 158 107 
-0.019891 0.181901 0.701207 73 82 34 
0.001084 0.217139 0.690157 82 93 42 
-0.166032 0.143137 0.756325 185 189 156 
-0.007419 0.298928 0.707816 215 213 193 
-0.114252 0.169845 0.720968 83 93 52 
-0.047306 0.209813 0.696068 162 164 117 
-0.010936 0.269148 0.690917 143 147 87 
-0.058818 0.202976 0.697474 92 94 49 
-0.038334 0.231005 0.693356 114 127 69 
-0.072456 0.182298 0.696912 114 130 60 
-0.165009 0.143645 0.725890 118 128 73 
-0.155251 0.180012 0.728764 205 208 185 
-0.109840 0.184678 0.707348 165 176 117 
-0.058015 0.268037 0.699404 124 130 69 
-0.088318 0.222699 0.698896 195 196 163 
-0.088922 0.231055 0.697982 195 195 163 
-0.166829 0.169890 0.720392 95 99 70 
-0.105653 0.213063 0.699511 152 152 89 
-0.110624 0.214083 0.699197 104 111 39 
-0.102831 0.229735 0.698577 209 211 195 
-0.083117 0.288414 0.700832 220 222 206 
-0.169342 0.167316 0.715182 137 147 91 
-0.168921 0.210868 0.723613 212 213 200 
-0.084701 0.294111 0.699703 234 235 227 
-0.137015 0.219726 0.695279 227 228 217 
-0.131237 0.234290 0.683597 150 161 112 
-0.115022 0.248147 0.678616 180 181 153 
-0.113640 0.247656 0.669256 112 123 67 
-0.023993 0.283713 0.671454 103 105 73 
0.045196 0.294670 0.701292 111 108 78 
-0.094146 0.298386 0.708762 127 120 92 
0.049182 0.292317 0.703858 94 96 67 
-0.076133 0.279597 0.686612 36 38 13 
0.052973 0.290264 0.703813 111 111 81 
0.005666 0.298276 0.716534 125 121 92 
-0.128785 0.286430 0.700654 145 143 120 
0.073381 0.275342 0.684088 57 62 32 
-0.112235 0.258652 0.661555 75 85 32 
-0.047626 0.268182 0.678001 77 83 11 
0.065384 0.278904 0.695711 61 63 32 
-0.091113 0.282313 0.703192 129 121 93 
-0.136328 0.263488 0.675146 143 142 113 
0.157311 0.304911 0.737313 165 161 132 
0.119087 0.269213 0.683179 103 106 75 
0.105670 0.288840 0.713448 131 126 96 
-0.018634 0.269169 0.688200 91 91 49 
-0.070280 0.267638 0.686604 56 58 21 
0.129087 0.268179 0.687569 167 161 133 
0.053464 0.267696 0.687944 81 85 56 
0.007806 0.290083 0.723254 159 153 124 
-0.011201 0.266825 0.687557 64 66 33 
-0.042468 0.265080 0.685322 77 81 58 
0.057043 0.264973 0.686761 98 93 63 
0.055173 0.264767 0.686469 103 104 77 
0.023149 0.283617 0.716250 141 135 109 
-0.005652 0.266633 0.690279 116 113 83 
-0.108114 0.244859 0.660933 68 77 30 
0.111999 0.260621 0.685348 27 35 7 
0.011738 0.283347 0.722538 142 136 110 
-0.011112 0.260085 0.686368 105 104 68 
-0.075501 0.259005 0.685645 112 100 67 
-0.138780 0.254969 0.680265 112 106 65 
0.101819 0.269260 0.702258 142 137 110 
0.044013 0.257747 0.684976 66 67 39 
0.078792 0.253824 0.684499 109 104 71 
0.178960 0.286438 0.738327 76 80 44 
0.168205 0.289262 0.743016 51 60 26 
-0.005523 0.254955 0.690778 61 66 23 
-0.126395 0.249427 0.683798 141 131 99 
0.077083 0.250606 0.685702 34 42 10 
-0.100083 0.260514 0.704405 97 88 46 
0.160762 0.286585 0.745768 153 150 120 
-0.129761 0.244989 0.683055 66 77 38 
-0.138425 0.243516 0.680809 105 108 80 
-0.145765 0.243573 0.681017 74 73 43 
-0.012826 0.247974 0.689262 90 87 52 
0.183835 0.276028 0.735210 82 85 48 
0.143309 0.284067 0.748985 175 169 141 
0.085358 0.241063 0.679657 75 80 49 
0.119815 0.251295 0.699111 138 133 100 
0.083892 0.240725 0.682330 111 107 74 
-0.132803 0.237917 0.681177 64 70 40 
0.087070 0.236896 0.679192 94 94 58 
-0.009127 0.245454 0.694859 86 83 50 
-0.110070 0.246523 0.698244 124 111 75 
-0.138816 0.232574 0.675687 83 85 43 
0.047449 0.236329 0.682121 108 105 78 
0.171347 0.271067 0.741282 180 176 149 
0.149786 0.250963 0.708115 126 131 99 
0.140669 0.251818 0.709688 191 182 158 
0.013106 0.239487 0.691204 108 107 69 
-0.083462 0.241211 0.695649 128 117 87 
0.070193 0.237570 0.690378 80 82 51 
0.191420 0.259428 0.728532 107 107 55 
-0.018344 0.236949 0.697485 48 56 16 
-0.085127 0.235088 0.695441 66 72 36 
0.023953 0.225876 0.684657 87 81 43 
-0.034977 0.232157 0.696393 94 81 48 
-0.098356 0.232365 0.697812 66 72 29 
0.066557 0.228163 0.691230 29 29 7 
0.022213 0.225005 0.686548 91 105 51 
-0.009002 0.233129 0.701050 73 69 38 
-0.138197 0.217134 0.675717 83 98 37 
-0.142581 0.214479 0.671223 95 108 38 
0.062715 0.225267 0.689696 48 43 15 
0.018590 0.223365 0.687158 111 127 70 
0.176978 0.241558 0.719482 118 114 67 
0.148182 0.231605 0.702670 40 48 20 
-0.106717 0.223623 0.693152 87 93 40 
-0.144121 0.234426 0.712574 192 178 149 
-0.012579 0.223980 0.695608 79 80 36 
0.062992 0.211020 0.675005 98 108 53 
-0.149108 0.238853 0.727590 200 187 158 
-0.138140 0.233617 0.721819 174 163 129 
0.096104 0.210905 0.681019 64 68 36 
-0.165746 0.232940 0.724757 171 171 145 
0.073213 0.203163 0.671041 148 159 105 
0.020568 0.213016 0.689570 23 34 8 
-0.005038 0.209740 0.684170 83 72 42 
-0.006855 0.209856 0.684410 77 66 35 
-0.165931 0.231513 0.725901 180 177 153 
0.086398 0.204421 0.676475 87 95 35 
0.057540 0.202975 0.674391 143 150 93 
0.024298 0.211907 0.691022 73 71 44 
-0.052693 0.210750 0.690314 119 117 70 
-0.063207 0.207817 0.685233 77 84 35 
0.202323 0.225623 0.716140 127 138 72 
0.075135 0.200150 0.672417 138 148 93 
0.016907 0.208621 0.688755 53 55 18 
-0.068551 0.205483 0.684618 50 57 17 
-0.119232 0.215656 0.703895 77 81 39 
0.124704 0.218516 0.708319 44 35 13 
-0.015561 0.196262 0.670438 102 118 51 
-0.024437 0.196242 0.670562 100 112 49 
0.109070 0.208592 0.694146 54 61 14 
0.036746 0.202620 0.684553 87 95 49 
-0.098963 0.213543 0.706957 162 148 115 
0.090151 0.197738 0.678163 92 104 60 
0.088224 0.197208 0.677225 98 109 67 
0.020699 0.204453 0.691759 66 72 35 
-0.083811 0.203350 0.691642 95 76 38 
-0.165715 0.221732 0.726887 191 184 164 
-0.104102 0.214843 0.716842 178 163 132 
-0.035686 0.196105 0.684553 65 72 34 
0.176210 0.211091 0.712191 121 130 69 
0.139408 0.208316 0.707695 118 133 55 
0.188796 0.211685 0.716844 52 59 20 
0.094476 0.193016 0.683551 108 113 84 
-0.019178 0.189459 0.679002 101 84 49 
-0.152123 0.209746 0.719593 176 166 138 
-0.167099 0.213073 0.726120 193 188 164 
-0.030120 0.189961 0.683762 110 125 52 
0.156009 0.206374 0.715051 79 75 40 
-0.067458 0.184762 0.678244 108 126 41 
0.046092 0.189266 0.688313 76 81 42 
-0.043219 0.190284 0.691967 110 116 75 
-0.112343 0.193994 0.700376 83 92 36 
0.100502 0.187679 0.687927 101 115 73 
-0.021119 0.186366 0.687744 76 78 35 
-0.168562 0.204646 0.725713 214 209 189 
0.199669 0.204644 0.722519 141 145 73 
0.035214 0.185446 0.688601 152 160 110 
0.026429 0.188818 0.695290 60 45 18 
0.013607 0.189313 0.696496 97 107 43 
-0.010203 0.183714 0.689871 89 100 50 
-0.056339 0.176075 0.675919 109 129 52 
-0.122293 0.190498 0.705249 59 67 16 
0.205670 0.201318 0.723830 121 131 61 
-0.037752 0.184083 0.694911 138 142 76 
-0.127894 0.188667 0.705648 127 129 70 
0.068836 0.184437 0.697323 87 98 41 
-0.035954 0.182853 0.696282 144 150 70 
0.173674 0.194445 0.718897 110 107 55 
0.162726 0.193308 0.720857 133 140 88 
0.002686 0.181018 0.699605 63 73 36 
-0.136362 0.176620 0.693641 118 135 66 
0.211505 0.193859 0.725014 151 165 79 
-0.004669 0.178712 0.699049 115 107 68 
0.145143 0.186320 0.719303 127 119 84 
0.039100 0.171864 0.692173 34 43 6 
0.185532 0.023771 0.800290 51 57 26 
0.042403 -0.051727 0.777821 143 149 82 
-0.063421 -0.137665 0.800044 134 136 81 
-0.030297 -0.109951 0.787488 153 161 140 
0.193951 0.021506 0.800905 167 180 100 
-0.005030 -0.097006 0.787379 81 88 47 
-0.082196 -0.192578 0.845416 173 179 122 
0.001748 -0.098391 0.790216 79 89 48 
0.047804 -0.069275 0.786669 72 81 43 
-0.028334 -0.124007 0.793423 171 185 135 
0.165906 -0.000587 0.792093 110 110 72 
0.080509 -0.052956 0.783854 96 102 45 
0.064722 -0.066586 0.788095 111 117 63 
0.168989 -0.005039 0.791118 96 103 62 
0.007023 -0.111922 0.793508 59 68 24 
0.120421 -0.037579 0.783536 73 79 36 
0.152324 -0.023261 0.786889 126 134 83 
0.064354 -0.094491 0.799855 74 75 31 
0.052992 -0.101284 0.799172 174 176 119 
-0.030684 -0.163557 0.809032 210 208 181 
-0.002286 -0.148847 0.809003 143 153 103 
-0.011881 -0.169637 0.813117 129 143 116 
0.175355 -0.041020 0.790969 123 134 93 
0.049152 -0.150951 0.819811 108 121 54 
0.160367 -0.060822 0.794131 189 183 129 
0.145026 -0.075988 0.795911 108 112 63 
0.058360 -0.160644 0.824632 186 187 134 
0.098946 -0.137143 0.823300 126 143 67 
0.095855 -0.162867 0.832551 135 147 87 
0.201093 -0.082640 0.810016 137 145 73 
0.102897 -0.168564 0.835182 112 118 61 
0.098644 -0.188504 0.849812 153 160 112 
0.228135 -0.092976 0.827664 174 177 152 
0.129482 -0.173001 0.832693 239 236 228 
0.156040 -0.147608 0.819485 183 176 140 
0.146253 -0.167668 0.829973 153 159 114 
0.185482 -0.140604 0.823749 208 205 169 
0.168762 -0.146492 0.818592 106 117 64 
0.182389 -0.155822 0.825065 149 143 98 
0.138719 -0.197156 0.838995 95 94 70 
0.183338 -0.161938 0.827892 199 200 179 
0.117889 0.302459 0.732760 189 186 152 
-0.037896 0.299536 0.720061 203 198 160 
-0.056085 0.300137 0.716363 191 185 155 
-0.077780 0.301994 0.707212 188 182 148 
0.067167 0.301953 0.709917 142 130 78 
-0.058612 0.297657 0.719259 192 185 156 
0.147958 0.294164 0.739962 196 189 155 
-0.069819 0.296755 0.715090 195 189 158 
0.151620 0.292164 0.741104 202 192 158 
-0.097742 0.294526 0.715219 202 194 159 
-0.105864 0.294851 0.713378 182 173 128 
0.130982 0.289283 0.744115 198 170 115 
0.129319 0.287382 0.744417 175 132 76 
0.027835 0.297129 0.699451 161 164 93 
0.131172 0.285516 0.744789 166 115 50 
0.057635 0.295541 0.700990 178 176 138 
0.155958 0.283796 0.746075 214 209 183 
0.109999 0.284312 0.741093 194 186 146 
0.108228 0.284450 0.740447 183 175 130 
-0.032833 0.285675 0.726531 174 165 128 
-0.034508 0.285756 0.726112 152 139 98 
-0.071567 0.286853 0.719472 190 183 152 
-0.088894 0.286739 0.718779 195 188 159 
-0.133372 0.289415 0.705581 203 202 175 
0.120696 0.282028 0.743624 163 146 91 
0.110047 0.282579 0.740833 190 180 138 
-0.062835 0.283454 0.726246 209 195 158 
-0.034383 0.282588 0.724613 115 84 39 
-0.108532 0.282857 0.718782 178 163 116 
0.113647 0.279290 0.739858 192 184 151 
0.070705 0.286964 0.708447 158 149 111 
0.009346 0.281597 0.724488 148 130 87 
0.124425 0.276655 0.743604 183 174 129 
0.051068 0.287329 0.699446 77 87 40 
0.049482 0.287616 0.698285 155 149 107 
-0.016552 0.280004 0.722115 140 111 64 
0.196005 0.272335 0.750663 175 174 133 
0.188933 0.272204 0.750678 190 190 156 
0.188944 0.270602 0.749833 163 161 117 
0.012623 0.278203 0.711255 132 115 67 
0.024912 0.277498 0.708310 158 148 105 
-0.011170 0.276585 0.709230 192 180 147 
-0.054679 0.279387 0.696496 194 181 143 
0.191932 0.268536 0.744346 152 151 101 
0.174149 0.268652 0.742800 140 127 86 
0.096231 0.273413 0.714889 74 51 20 
0.006145 0.277353 0.695415 102 100 46 
-0.053010 0.276179 0.695710 162 144 98 
0.033697 0.278385 0.687681 133 139 75 
0.004778 0.276329 0.692912 104 95 46 
0.108320 0.269453 0.717106 29 41 3 
-0.002088 0.274280 0.693592 87 105 49 
0.129691 0.263937 0.731099 108 109 76 
-0.034913 0.273289 0.689009 123 106 58 
-0.114517 0.271666 0.689418 184 172 122 
0.143741 0.262338 0.731263 101 95 46 
0.070272 0.276281 0.679918 88 103 34 
-0.093183 0.269730 0.691444 150 125 64 
-0.136150 0.267384 0.696560 190 182 132 
0.086265 0.291415 0.683346 75 85 32 
0.032048 0.297386 0.701774 172 170 144 
-0.001429 0.270700 0.688279 153 141 97 
-0.087908 0.301534 0.711592 181 174 147 
-0.044033 0.268970 0.691310 149 134 87 
-0.100702 0.299795 0.707492 167 161 129 
-0.115398 0.269189 0.686047 176 162 112 
-0.047584 0.267078 0.691587 139 135 68 
0.050228 0.291625 0.692558 100 104 58 
-0.098797 0.297883 0.707460 177 168 138 
0.022854 0.296614 0.708928 183 178 146 
0.046480 0.266909 0.692425 112 102 56 
-0.123516 0.266189 0.684000 205 203 165 
0.191644 0.261930 0.712070 92 99 34 
0.144333 0.301905 0.726192 209 202 177 
0.084976 0.269417 0.681178 100 107 40 
-0.055915 0.263897 0.690069 27 37 3 
0.114469 0.303513 0.734808 188 182 150 
-0.072671 0.286581 0.693873 61 64 28 
0.094821 0.264322 0.692650 150 159 116 
-0.021522 0.263883 0.686703 74 86 33 
-0.134329 0.293195 0.714540 184 180 152 
0.152698 0.252707 0.727587 130 148 89 
0.129388 0.255712 0.716600 68 62 25 
0.046855 0.284438 0.697713 178 171 141 
0.063989 0.267151 0.676252 87 95 31 
0.165264 0.250332 0.730092 103 89 45 
0.111687 0.259399 0.698261 99 93 56 
0.086654 0.263136 0.684956 93 95 50 
0.070632 0.266634 0.672971 83 96 51 
0.039682 0.259655 0.692924 111 97 55 
-0.069831 0.258425 0.689887 148 147 93 
0.096751 0.286050 0.706298 37 43 21 
-0.099934 0.260176 0.682494 120 140 72 
0.026620 0.286638 0.707771 226 221 196 
0.009552 0.285928 0.710728 213 204 175 
-0.103951 0.273189 0.679104 79 97 11 
0.165134 0.249182 0.727943 70 49 15 
0.141928 0.250871 0.721232 94 83 44 
0.093270 0.260516 0.688169 148 146 97 
0.068953 0.264336 0.674759 53 60 25 
0.155125 0.295922 0.740461 228 220 199 
-0.105010 0.258497 0.681980 70 80 33 
0.066041 0.272925 0.682951 55 59 30 
0.192413 0.252852 0.712685 144 154 84 
0.098272 0.258885 0.688171 105 100 50 
-0.016568 0.257397 0.685546 76 83 27 
0.114482 0.286770 0.722424 101 111 76 
-0.138763 0.259249 0.672161 95 102 50 
0.078033 0.268180 0.675610 87 101 38 
0.030144 0.278370 0.701290 145 156 86 
0.130872 0.251426 0.707709 101 108 61 
0.038080 0.254837 0.691464 113 102 59 
0.093580 0.274727 0.696802 131 135 90 
0.017618 0.253804 0.693336 91 66 34 
-0.069856 0.253569 0.688567 128 125 58 
0.192515 0.249622 0.711613 136 146 86 
-0.088244 0.273755 0.699147 175 164 134 
0.010909 0.252181 0.692483 87 69 37 
0.132478 0.249176 0.703803 57 61 14 
0.104969 0.254875 0.684969 97 106 46 
0.065139 0.253169 0.687600 114 110 57 
-0.098232 0.250512 0.685356 146 145 62 
0.179795 0.286097 0.735619 167 165 130 
0.161684 0.289038 0.743185 208 202 178 
0.086236 0.265653 0.683087 114 125 47 
0.076203 0.262687 0.675464 121 142 69 
0.017300 0.278197 0.715358 174 168 136 
0.203660 0.244929 0.715579 147 152 84 
-0.044846 0.259804 0.668088 140 150 30 
0.145376 0.243694 0.715615 86 78 34 
-0.084083 0.270578 0.695799 165 154 122 
0.095125 0.250934 0.690920 56 64 24 
0.028120 0.250065 0.689322 80 90 30 
-0.136612 0.252005 0.673253 164 175 111 
0.184717 0.279611 0.723935 69 80 46 
0.161260 0.241284 0.718343 123 133 81 
0.111550 0.252856 0.681085 100 99 38 
-0.112941 0.247689 0.682329 139 149 105 
-0.095974 0.263577 0.687284 170 159 141 
0.020407 0.243781 0.696899 20 28 4 
-0.010107 0.243886 0.694692 112 105 44 
0.085075 0.262232 0.688536 62 67 31 
0.088506 0.244038 0.695189 106 107 50 
0.068116 0.242807 0.697492 98 92 39 
0.026487 0.245170 0.688042 83 93 43 
-0.073038 0.263719 0.697399 170 156 119 
0.016667 0.239445 0.698813 45 50 10 
-0.085954 0.241124 0.687602 106 123 72 
0.092158 0.262921 0.700204 140 135 97 
-0.005522 0.257893 0.686846 129 131 78 
-0.030972 0.254799 0.678615 58 65 32 
0.150381 0.237107 0.708632 160 157 112 
-0.066533 0.240612 0.685159 131 123 60 
-0.162743 0.238806 0.684340 233 232 225 
-0.020184 0.254839 0.683601 98 103 49 
-0.093875 0.260624 0.699140 120 98 59 
-0.144891 0.254580 0.682947 128 134 83 
-0.041829 0.240800 0.681113 172 158 130 
0.092673 0.255398 0.690030 113 117 83 
0.085118 0.254969 0.688874 113 117 75 
-0.041643 0.249580 0.674356 77 50 20 
0.172977 0.233506 0.709920 122 124 63 
0.151618 0.236010 0.701569 92 102 42 
-0.014062 0.234448 0.695689 127 126 66 
-0.064852 0.253530 0.690033 179 164 131 
0.063809 0.239263 0.682056 102 113 52 
-0.106225 0.246330 0.670454 159 144 101 
-0.046828 0.237590 0.679867 112 99 55 
-0.143061 0.250924 0.682967 113 121 72 
0.151155 0.234891 0.694654 136 149 77 
0.024769 0.234967 0.686633 60 72 24 
0.062617 0.250075 0.685595 108 103 56 
0.057308 0.251016 0.688177 117 119 84 
-0.064860 0.251711 0.690121 168 152 119 
0.182446 0.267350 0.738338 190 184 151 
0.187784 0.226546 0.714862 143 162 65 
0.057314 0.249196 0.688249 115 122 75 
0.010123 0.230074 0.694234 117 110 62 
-0.040030 0.245367 0.677705 126 122 69 
0.004546 0.228907 0.697085 95 102 27 
-0.122338 0.246167 0.679940 114 108 74 
-0.036995 0.234033 0.680481 143 132 81 
-0.114694 0.233206 0.677948 150 178 93 
0.199943 0.223556 0.713691 155 173 88 
0.009212 0.246196 0.685053 109 108 62 
0.176973 0.224521 0.709675 84 94 31 
-0.045542 0.243825 0.678475 93 106 62 
-0.053826 0.230658 0.678919 147 148 96 
-0.162698 0.253147 0.704448 185 186 168 
-0.055588 0.230528 0.679161 163 158 116 
-0.088166 0.249162 0.698550 59 70 40 
0.167182 0.226522 0.698796 138 158 93 
0.116884 0.240718 0.679927 58 59 31 
0.116915 0.234532 0.674285 84 95 35 
0.060812 0.232525 0.676199 48 62 12 
0.052173 0.230535 0.680988 147 160 116 
-0.015499 0.226909 0.681721 99 117 45 
-0.018505 0.242245 0.689507 57 63 27 
-0.072970 0.244792 0.696773 92 103 47 
0.045538 0.227277 0.679771 51 65 26 
0.170989 0.258110 0.740242 175 167 124 
-0.018297 0.226425 0.678093 69 82 31 
-0.056323 0.243770 0.699197 132 120 81 
-0.069355 0.225179 0.678238 144 149 89 
-0.131693 0.237451 0.681102 105 111 65 
0.202350 0.215972 0.714247 166 171 137 
0.198666 0.216395 0.712915 148 161 75 
-0.017156 0.223674 0.680669 33 47 8 
0.193703 0.249531 0.721180 159 154 112 
0.137186 0.238803 0.690197 85 93 57 
0.087224 0.239035 0.690885 76 66 27 
-0.098642 0.244379 0.706391 82 53 20 
0.172269 0.215569 0.708607 137 132 86 
-0.128504 0.223328 0.670074 131 146 79 
-0.067834 0.240884 0.701718 85 64 24 
-0.136003 0.231791 0.675260 203 192 161 
-0.133947 0.222990 0.666001 162 188 93 
0.073962 0.219462 0.683163 43 55 14 
0.013955 0.221043 0.675461 127 159 46 
-0.136720 0.228152 0.669896 152 161 103 
-0.104460 0.208484 0.700264 98 103 25 
0.194092 0.208675 0.713243 146 155 65 
-0.042823 0.216380 0.679260 84 103 41 
-0.076699 0.213822 0.683669 140 149 96 
-0.086481 0.232819 0.700116 103 104 45 
0.126621 0.213647 0.691903 116 134 68 
0.097574 0.218190 0.678715 51 61 18 
-0.121664 0.207522 0.692144 222 218 199 
0.184843 0.236497 0.716859 120 119 74 
0.087314 0.228148 0.691588 63 69 34 
-0.003691 0.227590 0.689927 70 63 28 
0.190915 0.204768 0.713399 77 85 40 
0.085884 0.215622 0.679927 72 84 26 
0.141141 0.206292 0.701918 129 115 77 
0.084104 0.227658 0.695760 55 58 31 
0.028218 0.204916 0.698446 35 48 2 
-0.040408 0.223844 0.684151 88 75 42 
-0.086476 0.229051 0.700077 70 70 27 
0.110834 0.216532 0.670327 147 164 114 
-0.129809 0.229200 0.700548 121 128 63 
0.099350 0.213757 0.676447 97 109 52 
0.005762 0.208485 0.683704 100 120 50 
-0.150633 0.199481 0.696308 179 184 133 
0.089773 0.221338 0.682036 87 87 45 
0.202189 0.198446 0.715645 166 181 92 
0.078717 0.226422 0.697704 56 60 27 
0.062781 0.213050 0.671558 124 115 57 
0.040440 0.222020 0.684154 91 105 29 
-0.076286 0.201110 0.692221 33 45 5 
-0.007423 0.224707 0.692451 65 62 32 
-0.140169 0.197709 0.696632 171 172 128 
-0.058706 0.221720 0.683267 76 86 43 
-0.130100 0.227830 0.702117 198 189 157 
-0.168237 0.234411 0.728426 183 183 158 
-0.038670 0.217064 0.685919 86 87 49 
0.212810 0.188265 0.722283 40 51 12 
-0.007323 0.212554 0.683240 126 116 85 
0.202789 0.190809 0.715650 166 184 57 
-0.143835 0.219228 0.704741 198 187 156 
-0.132720 0.191448 0.693817 147 155 89 
-0.154592 0.186797 0.703506 172 175 134 
0.164260 0.219333 0.711092 78 85 34 
0.102263 0.209678 0.679817 113 126 77 
0.089470 0.198654 0.685831 66 78 27 
0.064845 0.206797 0.670492 112 117 54 
0.009793 0.194928 0.689769 108 127 67 
0.037110 0.212982 0.690551 67 79 35 
-0.137569 0.188224 0.696611 167 175 101 
0.180243 0.186109 0.716275 103 120 42 
0.149097 0.190029 0.705243 83 83 33 
0.096534 0.207314 0.678052 84 92 52 
0.023805 0.187183 0.704310 121 113 60 
-0.020052 0.207693 0.679335 73 81 36 
-0.111490 0.218837 0.715813 154 141 104 
0.012848 0.206814 0.682434 85 67 39 
-0.074735 0.205720 0.678858 86 92 44 
-0.083051 0.208284 0.687320 113 120 74 
0.184896 0.179778 0.722206 88 98 40 
0.162078 0.184390 0.710217 114 136 82 
0.160259 0.184578 0.709676 134 150 92 
0.052740 0.187318 0.696879 104 98 43 
0.160192 0.213278 0.709986 78 95 32 
0.025596 0.181850 0.703385 94 100 23 
0.007054 0.184850 0.695411 71 78 27 
-0.047319 0.184720 0.692430 95 110 21 
-0.108376 0.172769 0.716049 97 99 41 
-0.023643 0.201742 0.677711 61 65 14 
0.170447 0.208447 0.712999 49 58 23 
-0.079739 0.201872 0.690611 108 101 48 
0.205562 0.174587 0.726320 213 216 198 
-0.026789 0.185822 0.686830 154 164 106 
0.180302 0.206856 0.714106 129 145 75 
0.007377 0.198382 0.684924 73 84 46 
0.048284 0.198345 0.691178 85 97 59 
0.029876 0.199386 0.694815 108 118 71 
-0.038867 0.197842 0.689461 165 167 118 
-0.136883 0.208939 0.728168 149 140 99 
0.049184 0.181357 0.697196 123 115 59 
-0.064325 0.182199 0.688465 61 68 21 
-0.125664 0.201543 0.709020 150 144 101 
0.043037 0.196106 0.696397 99 95 61 
0.130611 0.175741 0.710365 39 54 18 
0.039328 0.196262 0.696955 123 115 91 
-0.004997 0.180241 0.692141 128 142 98 
-0.005485 0.192375 0.683170 90 91 45 
-0.104444 0.167891 0.713784 169 143 78 
-0.107418 0.197607 0.701792 97 110 67 
-0.133455 0.202796 0.720226 146 137 95 
-0.165652 0.206762 0.734319 176 173 145 
0.193827 0.165483 0.728182 48 58 20 
0.173393 0.166549 0.724603 83 90 29 
0.154555 0.169364 0.717261 120 113 55 
0.046841 0.194499 0.697333 94 102 55 
0.093225 0.177372 0.695911 75 75 27 
-0.049724 0.174908 0.692761 81 85 30 
0.061806 0.192575 0.697130 57 68 26 
-0.079640 0.172073 0.697216 71 73 16 
0.024290 0.192017 0.695127 80 85 48 
-0.137954 0.191746 0.694215 131 144 81 
-0.126106 0.158012 0.720958 226 222 194 
0.177672 0.196696 0.718978 108 117 61 
0.149735 0.198053 0.723952 94 70 42 
0.147736 0.197979 0.723683 131 116 82 
0.026218 0.190599 0.696760 54 54 27 
0.113116 0.165225 0.710888 97 109 28 
-0.126561 0.192406 0.703431 181 168 134 
-0.055536 0.178602 0.671872 160 180 94 
-0.166037 0.201320 0.736031 161 156 125 
-0.124366 0.154285 0.720300 93 99 51 
0.127840 0.161023 0.716549 86 92 53 
0.106571 0.188537 0.696012 77 65 36 
0.189343 0.154461 0.729969 89 103 21 
0.133329 0.159286 0.716329 96 103 53 
-0.140713 0.184886 0.689469 131 146 83 
0.059644 0.164940 0.699866 119 122 60 
-0.051040 0.167205 0.688416 132 151 70 
0.055546 0.189282 0.712903 159 145 122 
0.153654 0.156021 0.720231 90 97 20 
-0.127017 0.184664 0.695592 137 134 83 
0.070355 0.163377 0.699673 144 143 101 
-0.138648 0.182757 0.688415 128 143 80 
-0.162295 0.152381 0.709050 241 240 241 
0.111491 0.158323 0.708640 75 92 24 
0.194198 0.190037 0.722988 117 125 61 
-0.135086 0.181093 0.689109 139 156 87 
0.205908 0.188153 0.723196 135 149 84 
0.203458 0.146331 0.735044 204 210 170 
0.184344 0.187948 0.722418 92 103 43 
-0.047890 0.153752 0.704531 166 162 125 
0.009475 0.183147 0.704042 166 156 135 
0.197923 0.144547 0.734146 122 136 46 
0.025487 0.155853 0.700391 109 105 41 
0.128291 0.149074 0.716413 65 80 15 
0.190252 0.184097 0.730199 51 63 11 
0.023661 0.153863 0.700300 91 100 36 
-0.124294 0.182298 0.723210 112 115 49 
0.006940 0.151788 0.703582 65 74 14 
-0.160891 0.184163 0.730624 168 165 134 
0.060312 0.174965 0.701501 42 52 16 
0.060874 0.147589 0.711302 33 43 8 
-0.107872 0.182149 0.730380 146 128 80 
-0.158614 0.181843 0.729181 156 151 115 
0.136356 0.176413 0.714957 128 137 77 
0.078834 0.172388 0.698675 80 84 40 
0.019032 0.174641 0.707836 118 125 71 
0.000022 0.173577 0.703530 108 109 74 
-0.030023 0.172498 0.699172 118 107 71 
-0.062289 0.168350 0.682380 114 134 61 
0.219336 0.127672 0.757163 212 217 183 
0.137710 0.144194 0.718679 114 128 86 
0.044857 0.147999 0.705408 148 175 77 
-0.104439 0.137316 0.718261 63 67 23 
0.140525 0.174904 0.716631 98 97 50 
0.037788 0.171583 0.703077 87 95 49 
-0.077636 0.172095 0.705229 144 133 99 
0.062560 0.142005 0.714524 58 69 21 
0.136648 0.172945 0.716482 106 100 59 
-0.054083 0.167655 0.694661 80 82 36 
-0.119778 0.179411 0.743394 122 98 56 
0.101131 0.140426 0.715896 75 91 21 
-0.017656 0.141384 0.706911 148 165 121 
-0.086355 0.134182 0.713152 80 86 36 
0.166366 0.176001 0.737321 131 126 87 
0.089332 0.168876 0.707512 128 137 76 
0.116238 0.132182 0.725046 176 191 148 
-0.152750 0.174034 0.729239 148 143 93 
0.058568 0.132746 0.720505 75 85 31 
-0.083104 0.131540 0.714486 85 91 41 
0.159073 0.130847 0.726130 118 126 54 
0.044251 0.134318 0.712478 130 124 61 
0.105205 0.168052 0.712053 103 110 60 
0.015719 0.137897 0.703733 69 87 40 
0.056888 0.166562 0.705762 84 77 39 
-0.129864 0.123812 0.722852 108 125 56 
-0.147970 0.173361 0.734675 184 176 142 
0.073256 0.125007 0.728413 154 153 92 
-0.101169 0.123873 0.716197 111 121 60 
0.204550 0.177696 0.761517 105 102 81 
-0.152220 0.115425 0.729608 219 218 194 
0.129218 0.167524 0.717965 95 104 57 
0.000022 0.165176 0.716201 102 107 61 
-0.048885 0.161524 0.700391 138 126 90 
0.147963 0.126016 0.722751 96 121 51 
-0.137821 0.114986 0.727153 215 210 180 
0.066628 0.161519 0.708550 108 99 65 
0.023263 0.164376 0.721103 80 67 33 
0.071317 0.116965 0.731609 114 122 72 
0.058121 0.117848 0.729131 67 80 23 
-0.006911 0.121802 0.717688 90 100 18 
-0.080369 0.116945 0.722672 119 136 79 
0.127839 0.162443 0.721055 68 82 37 
0.044057 0.158668 0.712833 130 109 80 
-0.050770 0.155900 0.700449 65 67 29 
0.039347 0.116797 0.725980 196 190 151 
-0.090096 0.114619 0.722483 126 135 90 
-0.093803 0.118185 0.715456 66 75 31 
0.076597 0.156745 0.712766 83 69 37 
-0.012261 0.112829 0.726441 218 212 180 
0.099589 0.154866 0.712905 32 35 11 
0.011683 0.157162 0.723521 106 82 55 
0.170245 0.111742 0.735246 187 205 90 
-0.048327 0.106297 0.732604 124 123 63 
-0.089319 0.108808 0.725450 150 162 122 
-0.108536 0.111827 0.718622 238 223 195 
0.055712 0.153393 0.714975 150 154 93 
0.059990 0.108819 0.730216 64 77 26 
0.008276 0.107490 0.729655 75 85 26 
-0.012812 0.107215 0.728927 124 136 62 
0.025236 0.152982 0.722103 94 94 45 
-0.157925 0.151917 0.717179 112 114 80 
-0.161345 0.151510 0.715260 48 57 28 
0.022243 0.108423 0.724740 153 155 91 
0.158428 0.152321 0.728129 103 114 63 
0.148580 0.152248 0.727787 85 80 42 
-0.098496 0.100393 0.728534 220 211 176 
-0.138833 0.078698 0.766310 232 216 182 
-0.078528 0.150967 0.731169 55 59 20 
0.095731 0.145260 0.712685 118 127 56 
0.202143 0.080613 0.778633 123 135 69 
-0.148024 0.087602 0.745147 207 203 169 
0.168996 0.147150 0.731543 109 121 68 
0.154624 0.146562 0.728631 124 132 58 
0.069258 0.144020 0.716044 76 86 42 
0.206576 0.070745 0.792748 142 148 99 
-0.074551 0.146949 0.730692 78 79 30 
0.028937 0.097502 0.733368 79 86 31 
-0.050440 0.094438 0.730309 119 124 77 
-0.105065 0.093335 0.729099 192 191 157 
0.133034 0.144535 0.728280 96 103 62 
0.071472 0.094923 0.732657 82 102 34 
-0.020200 0.096548 0.724331 150 165 110 
0.221446 0.044385 0.828304 221 223 201 
0.050692 0.142042 0.725571 103 89 52 
0.177560 0.065375 0.788037 213 211 180 
-0.017033 0.138152 0.705747 110 105 68 
0.005414 0.089871 0.733938 84 86 36 
0.065821 0.091753 0.730209 100 115 33 
0.027790 0.071337 0.764412 131 128 79 
-0.036299 0.137433 0.711836 74 77 36 
0.052144 0.087436 0.733200 181 197 154 
-0.017906 0.085725 0.732125 168 181 143 
-0.078008 0.085697 0.728645 131 149 95 
-0.147551 0.139467 0.732615 141 145 106 
0.142621 0.136537 0.727291 88 94 45 
-0.003804 0.133848 0.713061 65 75 31 
-0.026596 0.132897 0.708014 91 93 50 
0.094823 0.059892 0.780408 174 170 101 
-0.107225 0.079889 0.733289 94 103 52 
0.140640 0.134559 0.727147 86 95 40 
-0.151182 0.135264 0.731145 212 204 176 
-0.065985 0.131804 0.722870 116 124 70 
0.055033 0.073244 0.750546 133 149 72 
-0.020837 0.071994 0.748288 121 109 62 
0.179295 0.131800 0.733477 146 164 85 
0.174323 0.132512 0.737445 43 47 20 
0.113780 0.131209 0.730230 116 127 76 
0.066636 0.131058 0.729425 117 104 68 
0.199693 0.034770 0.822132 170 171 102 
-0.153241 0.131423 0.731604 191 184 149 
0.076275 0.055537 0.778707 129 122 66 
-0.114932 0.057642 0.763833 159 162 123 
0.148981 0.129166 0.729734 100 109 61 
0.072503 0.129084 0.729323 127 126 86 
0.101339 0.045405 0.793641 107 133 58 
-0.017554 0.128715 0.727296 159 169 95 
0.076241 0.051719 0.781234 122 117 66 
-0.062430 0.128603 0.726696 67 61 33 
0.049086 0.050706 0.781398 107 110 49 
0.019372 0.123608 0.720250 112 117 65 
0.009751 0.124267 0.724098 147 133 94 
0.136529 0.030630 0.816998 169 156 121 
-0.101484 0.127167 0.741072 73 82 42 
0.084566 0.047695 0.784564 109 130 55 
-0.160247 0.124870 0.727730 195 191 166 
-0.078709 0.056610 0.759649 163 145 85 
-0.151255 0.037218 0.788803 183 181 140 
-0.175319 0.042929 0.777557 238 240 238 
0.172698 0.044862 0.790483 164 182 103 
0.051059 0.123460 0.730788 81 83 33 
0.116480 0.037046 0.800577 120 108 68 
-0.051275 0.124100 0.734652 113 112 64 
0.095087 0.042350 0.790243 113 119 57 
-0.075491 0.121785 0.720965 130 113 68 
-0.013488 0.046282 0.777158 80 64 34 
-0.133869 0.125681 0.744065 104 111 47 
-0.064164 0.055252 0.758833 121 127 48 
-0.136093 0.027532 0.802089 222 217 186 
0.132243 0.026796 0.814792 113 100 56 
0.169214 0.119829 0.732470 127 143 50 
0.086736 0.042915 0.784689 78 94 38 
0.038672 0.027569 0.808004 111 120 66 
0.005970 0.056753 0.756409 127 142 77 
0.210653 0.121340 0.754047 80 92 44 
-0.168204 0.040109 0.774557 207 195 161 
-0.127669 0.121399 0.754666 178 166 125 
0.175742 0.036643 0.796449 152 168 93 
-0.066775 0.115723 0.731539 83 94 56 
0.112427 0.030264 0.803545 123 115 69 
-0.046795 0.054231 0.753673 88 102 41 
-0.158500 0.033196 0.782746 210 194 148 
0.114741 0.025977 0.806749 136 124 82 
0.141416 0.113724 0.731142 131 152 89 
0.079739 0.115399 0.741956 58 68 25 
-0.122335 0.118072 0.759301 179 167 130 
-0.163672 0.117002 0.752452 202 200 173 
0.185233 0.028471 0.802545 133 134 79 
-0.055513 0.042895 0.764354 173 192 124 
0.160188 0.112537 0.736192 109 110 55 
0.061141 0.112189 0.733993 95 102 36 
-0.009692 0.110631 0.723853 125 142 79 
-0.044321 0.114707 0.750547 114 127 79 
-0.102000 0.113828 0.744845 169 160 117 
0.167211 0.109980 0.732307 152 167 61 
0.139023 0.111027 0.739301 89 99 48 
0.097515 0.026769 0.792104 56 66 22 
0.065158 0.110345 0.734819 135 127 88 
0.095379 0.028204 0.789607 60 67 23 
0.059189 0.110254 0.734221 138 132 92 
-0.063534 0.033888 0.770935 108 123 61 
-0.143617 0.111519 0.742809 151 163 106 
-0.164980 0.113868 0.758464 206 205 179 
0.194491 0.111247 0.754197 217 212 188 
0.073473 0.108999 0.739050 68 81 38 
-0.020118 0.110617 0.750098 201 185 148 
-0.172031 0.109832 0.744901 146 150 123 
0.140964 0.017282 0.806214 91 94 44 
0.078690 0.032975 0.776775 88 78 37 
0.031501 0.038404 0.765094 94 112 32 
-0.063761 0.031207 0.771377 109 120 57 
0.174873 0.107131 0.739759 171 185 88 
0.153321 0.107341 0.741225 134 154 82 
0.149099 0.107167 0.740030 110 131 48 
0.090725 0.109073 0.767456 182 166 127 
0.039995 0.105735 0.744016 64 76 41 
-0.116216 0.106029 0.746216 121 114 68 
0.126298 0.009159 0.814564 107 93 48 
0.026825 0.045458 0.749408 155 178 97 
-0.077453 0.026277 0.774698 121 136 39 
-0.089664 0.022301 0.780489 134 132 68 
0.012280 0.105993 0.760199 139 131 89 
-0.058463 0.104696 0.750959 101 102 54 
0.197440 0.013194 0.808031 193 190 151 
0.172979 0.016525 0.801190 143 146 88 
-0.007849 0.024411 0.777834 107 118 52 
-0.092203 0.019241 0.781328 193 170 116 
0.041990 0.101734 0.743945 65 71 34 
0.224898 0.006492 0.816421 168 175 130 
-0.133175 0.016190 0.779895 108 126 69 
0.189162 0.101531 0.757185 228 220 194 
0.165587 0.100795 0.751715 52 61 32 
0.130628 0.101869 0.759760 193 182 152 
0.195673 0.007828 0.808503 194 190 147 
0.014361 0.102196 0.762299 156 151 118 
0.008005 0.025550 0.769089 107 117 39 
-0.009888 0.020384 0.776355 101 110 47 
0.182790 0.099352 0.756064 54 59 32 
0.139267 0.004969 0.805774 77 65 24 
0.163866 0.098959 0.753086 48 57 26 
0.005802 0.022792 0.769516 81 87 24 
0.126688 0.099942 0.760607 210 200 163 
-0.033777 0.015834 0.778338 97 82 42 
0.088447 0.100590 0.765571 128 92 52 
-0.038828 0.100031 0.761433 137 145 88 
0.182229 0.006251 0.802225 87 94 45 
0.093296 0.099321 0.771661 207 190 158 
0.139247 0.003612 0.803924 92 80 32 
0.082885 0.096841 0.752406 170 144 94 
-0.163186 -0.001657 0.794720 208 209 182 
-0.036752 0.095867 0.760809 68 76 35 
-0.046912 0.095749 0.759884 179 164 124 
-0.074859 0.094953 0.753589 108 113 68 
-0.039583 0.013418 0.774044 78 87 42 
0.120858 0.094052 0.762485 162 157 113 
0.044318 0.092441 0.749498 127 106 56 
-0.058711 0.093003 0.754158 194 176 136 
-0.072959 0.093089 0.754868 148 140 93 
0.191936 -0.002203 0.808194 154 157 104 
-0.085191 0.093357 0.773885 185 180 147 
0.044941 0.008364 0.779173 186 206 115 
0.020179 0.012471 0.771313 42 56 17 
0.162761 -0.000520 0.795988 82 97 51 
0.026722 0.011819 0.768906 115 131 58 
0.193558 0.091420 0.774776 217 212 184 
0.219581 0.093328 0.809331 81 94 40 
-0.094806 -0.000780 0.777573 172 167 108 
0.189402 0.089344 0.774799 183 181 134 
-0.091740 0.089510 0.776539 194 186 153 
-0.148805 0.087493 0.759098 128 126 95 
-0.006970 -0.002941 0.782145 68 77 25 
-0.080282 -0.004123 0.779713 148 138 78 
0.127478 0.086193 0.765337 206 198 162 
0.068328 0.084220 0.747882 87 93 42 
-0.173661 -0.023539 0.800167 238 235 231 
-0.014366 0.086223 0.765759 165 154 110 
-0.069347 0.085538 0.759734 120 113 60 
-0.088482 0.088339 0.784631 216 210 178 
-0.147714 0.086009 0.764000 130 128 104 
-0.092674 -0.007135 0.775936 129 137 66 
0.168961 0.085370 0.776490 196 194 168 
-0.125752 -0.018432 0.791208 112 131 74 
-0.012349 0.084444 0.768261 185 168 125 
-0.055489 0.084146 0.765603 136 130 72 
-0.074599 0.084829 0.771835 132 119 67 
-0.121348 -0.022700 0.790144 181 184 144 
-0.055563 0.082202 0.766625 159 157 106 
0.062156 -0.009295 0.776835 71 71 12 
0.072660 0.078542 0.751134 195 183 141 
0.006039 0.075941 0.745465 84 98 42 
0.186832 -0.027480 0.807398 117 135 71 
0.223762 0.080242 0.808723 149 143 91 
0.180084 -0.026774 0.805957 131 119 68 
0.158859 0.079280 0.799106 193 185 152 
-0.123950 -0.027906 0.790066 214 208 171 
-0.148534 0.077255 0.779061 219 212 184 
-0.167483 0.076352 0.769983 172 174 138 
0.115823 -0.019881 0.788204 116 120 67 
0.190081 0.078511 0.813312 212 194 149 
0.147896 0.077015 0.797857 188 176 130 
0.115165 0.073885 0.765464 65 76 25 
-0.143192 -0.035611 0.792671 175 185 146 
0.040920 0.073460 0.761154 103 112 70 
0.012099 0.072260 0.748750 84 92 48 
0.127498 0.071832 0.765449 120 130 77 
0.112219 0.073954 0.788093 166 163 116 
0.000033 0.071784 0.765106 158 146 99 
0.198065 -0.033860 0.805980 102 113 54 
0.142525 0.073277 0.803824 105 112 70 
-0.058025 0.070352 0.771997 198 186 148 
0.214214 -0.038516 0.809909 62 76 36 
-0.075650 0.069401 0.761575 162 150 102 
0.047281 -0.021318 0.775207 128 117 72 
-0.155456 0.071280 0.782304 143 136 89 
0.030180 -0.021265 0.774143 75 81 20 
0.034129 0.070187 0.793415 204 194 160 
0.131042 -0.026602 0.784040 90 110 39 
0.118198 -0.028332 0.785808 52 63 17 
-0.042442 -0.023299 0.769244 77 91 33 
0.066390 0.068367 0.796964 212 199 163 
-0.162312 -0.053681 0.806378 225 227 206 
0.041802 0.066700 0.777562 172 167 130 
-0.164886 -0.054283 0.807102 234 236 228 
-0.095571 0.064949 0.757345 137 153 95 
-0.169300 0.065927 0.768845 86 94 58 
-0.062193 0.064161 0.772263 194 182 143 
-0.157883 -0.056117 0.806276 182 192 136 
0.166528 -0.036576 0.793083 72 70 24 
0.092415 0.065861 0.818932 195 180 140 
-0.067956 0.061673 0.767089 116 127 54 
0.133580 -0.035523 0.785995 104 128 51 
-0.122520 0.064352 0.800488 200 186 141 
0.028363 -0.028240 0.769538 102 112 29 
-0.130694 0.064142 0.797892 148 151 89 
-0.041167 -0.035075 0.771646 133 138 78 
0.177853 0.064345 0.827560 222 210 170 
-0.170177 0.060049 0.772829 90 97 61 
0.210367 -0.052192 0.806693 154 171 111 
0.180732 0.062351 0.830574 223 209 170 
0.142832 -0.045938 0.790306 130 101 62 
-0.017152 0.060020 0.799821 225 212 178 
0.120693 -0.041212 0.782391 77 86 25 
0.075257 0.059615 0.823722 174 161 116 
-0.083201 0.057489 0.794605 71 78 48 
-0.151172 0.057357 0.792899 214 199 158 
0.198973 -0.054584 0.801986 147 161 110 
-0.164705 -0.078838 0.814966 236 236 233 
0.191016 0.058311 0.836530 213 198 159 
-0.023551 0.055619 0.798264 208 196 163 
-0.145792 0.055615 0.798423 204 186 139 
-0.154854 0.055024 0.789956 210 196 158 
0.196920 -0.057217 0.801858 135 153 96 
-0.051126 -0.048449 0.775402 179 193 127 
0.182000 0.056057 0.836395 191 183 142 
0.098710 0.054708 0.816407 140 144 97 
-0.154998 0.050833 0.790692 199 184 144 
0.220362 0.051094 0.828593 176 176 150 
0.214150 0.051204 0.830394 219 215 197 
0.209188 -0.066133 0.807545 171 176 136 
0.095424 0.049757 0.807148 86 101 56 
0.114429 -0.050334 0.780355 159 177 79 
0.088969 0.049784 0.807595 172 161 119 
0.062412 -0.049103 0.775672 113 125 77 
-0.158581 0.048509 0.787399 190 175 137 
0.112331 -0.053007 0.780345 125 142 56 
0.056100 -0.049311 0.772055 123 135 72 
0.155295 0.048012 0.814161 144 142 97 
-0.075646 0.046130 0.782704 166 163 114 
0.134566 -0.060572 0.788387 121 136 67 
0.037215 0.045819 0.814254 211 204 178 
0.163219 -0.062786 0.789466 121 138 55 
0.156584 -0.062485 0.788677 159 169 83 
-0.083292 -0.070846 0.786242 85 99 37 
0.120338 0.042872 0.799824 118 126 50 
0.027258 0.041778 0.779620 85 98 28 
-0.100181 0.042526 0.793874 217 210 178 
-0.043287 -0.064992 0.777039 105 119 58 
0.004175 0.039209 0.770287 130 129 73 
-0.095430 0.041105 0.807796 200 195 165 
0.029825 -0.062139 0.773868 135 140 79 
0.206751 0.039504 0.818749 188 188 163 
0.076535 0.038157 0.791150 105 114 45 
-0.035380 0.037397 0.775663 52 62 19 
-0.137854 0.038067 0.789818 205 195 164 
-0.032483 -0.070196 0.777560 53 67 34 
-0.062303 0.035222 0.773672 106 128 53 
0.070870 -0.075907 0.787552 229 228 192 
-0.102478 0.035457 0.778936 112 122 87 
0.016236 -0.070479 0.777211 112 114 71 
-0.125526 -0.084930 0.788281 90 113 40 
-0.129889 -0.084595 0.787587 99 120 51 
-0.004107 0.033062 0.771516 94 117 36 
-0.052250 -0.082664 0.785899 84 89 27 
0.002119 0.031124 0.774794 81 100 31 
-0.168080 -0.121425 0.830492 244 244 244 
-0.054890 0.031589 0.786547 136 149 80 
-0.131382 0.031183 0.776658 207 207 183 
0.201353 -0.088313 0.804306 131 146 69 
0.064622 0.030055 0.801521 125 131 81 
0.038466 0.029802 0.794857 144 140 99 
-0.029876 0.029818 0.795520 105 113 57 
0.137892 -0.085866 0.793911 95 110 36 
0.097661 -0.085041 0.790528 158 182 110 
0.226175 -0.111321 0.828591 116 125 89 
0.113192 -0.083482 0.785879 119 131 42 
0.149465 0.025548 0.794765 85 96 53 
0.040298 -0.081348 0.778929 100 113 61 
0.147576 0.025591 0.796093 86 97 54 
-0.139174 0.025209 0.785306 78 88 50 
0.135993 -0.093058 0.796117 97 114 58 
0.100020 -0.091562 0.792121 105 125 46 
0.206264 0.023819 0.808215 69 81 40 
0.051842 0.023665 0.803638 128 130 83 
0.055815 0.021378 0.798705 98 101 56 
0.059511 -0.097520 0.793987 154 163 99 
-0.025529 0.021223 0.793268 96 96 46 
0.038028 -0.087041 0.779250 100 113 57 
0.024653 -0.087862 0.779543 121 137 73 
-0.018672 -0.093991 0.784967 50 62 14 
0.053668 0.019234 0.798674 116 122 66 
0.156076 0.017043 0.795817 150 149 100 
-0.105452 0.016791 0.785509 127 104 63 
0.200929 -0.107042 0.810778 87 93 26 
0.106830 -0.095278 0.790308 89 103 27 
-0.021193 -0.097673 0.786061 128 137 84 
0.066002 0.014830 0.792215 79 88 37 
0.021028 0.014623 0.781420 99 89 47 
0.221337 -0.118305 0.822777 190 199 151 
-0.012670 0.014753 0.788630 98 89 46 
-0.118210 -0.119578 0.804998 232 222 162 
-0.139453 -0.138191 0.827543 230 228 207 
0.158203 0.012773 0.795761 128 118 77 
0.042550 0.012688 0.791351 164 182 101 
-0.006298 0.012605 0.786504 140 149 90 
-0.012645 0.012614 0.787118 142 148 94 
0.138919 -0.107315 0.800520 116 125 65 
-0.155642 0.012882 0.805021 189 183 151 
0.095818 -0.108899 0.796568 146 152 110 
0.018903 0.010415 0.780324 103 93 52 
0.061695 -0.110774 0.796990 215 218 190 
-0.064602 0.010352 0.776354 105 87 45 
-0.017056 -0.106502 0.787092 142 160 112 
-0.100369 0.010601 0.795386 131 115 63 
-0.132833 0.010462 0.785239 116 126 67 
0.070766 -0.114896 0.799207 180 187 149 
0.144962 0.008478 0.793472 94 93 54 
-0.007759 -0.107358 0.785242 98 116 45 
-0.002069 0.008374 0.785466 146 154 87 
-0.031378 -0.112412 0.790251 171 179 132 
-0.029482 0.006261 0.785109 74 84 25 
-0.061568 0.006094 0.764601 136 148 115 
0.222937 -0.144136 0.841005 220 223 194 
-0.097850 -0.140145 0.814093 230 231 196 
-0.118819 -0.139324 0.811875 174 173 100 
0.163832 0.004215 0.791966 112 106 50 
0.042364 0.004178 0.787876 93 89 45 
0.156287 -0.129118 0.811334 148 165 81 
0.012575 0.004121 0.777740 64 58 24 
-0.124848 -0.151874 0.823510 230 223 175 
-0.012643 0.004167 0.787066 56 61 25 
-0.134583 -0.165308 0.839608 231 226 189 
-0.142269 -0.175172 0.847632 238 234 213 
0.085800 0.002097 0.798230 132 144 90 
0.020927 0.002035 0.777611 138 154 96 
-0.126573 0.002108 0.812744 161 150 110 
0.105364 -0.129792 0.802294 151 158 88 
0.133340 -0.000040 0.813586 82 68 44 
0.185969 -0.146774 0.824187 180 193 118 
0.105011 -0.000042 0.797579 70 54 25 
-0.006903 -0.129807 0.792467 172 195 121 
0.062976 -0.000048 0.807980 90 78 54 
-0.082547 -0.000064 0.788422 103 88 52 
0.055309 -0.002171 0.791407 101 109 59 
-0.157332 -0.002140 0.770951 107 128 62 
0.178861 -0.148424 0.822265 217 219 206 
0.209811 -0.006578 0.813534 141 145 100 
0.139715 -0.006189 0.764736 117 141 61 
0.057142 -0.006384 0.787363 138 142 89 
0.194414 -0.008660 0.804074 175 177 151 
-0.171204 -0.008628 0.796955 185 184 155 
-0.080797 -0.157404 0.807806 158 174 128 
0.140379 -0.010341 0.768368 111 133 60 
0.163152 -0.162423 0.824191 199 195 159 
0.111763 -0.010567 0.784808 97 108 52 
0.094191 -0.159858 0.817209 238 226 207 
0.044079 -0.010520 0.780725 130 134 104 
0.031521 -0.010529 0.781305 53 58 21 
-0.012491 -0.010487 0.777775 131 128 83 
-0.086588 -0.010617 0.786673 27 31 4 
-0.146872 -0.010706 0.792721 128 132 82 
-0.022951 -0.012583 0.778255 108 123 55 
0.161351 -0.171190 0.827500 209 200 166 
-0.139761 -0.012962 0.800768 85 94 37 
0.062199 -0.195399 0.846851 144 150 86 
0.167265 -0.014832 0.788084 66 73 40 
0.095468 -0.014868 0.789505 159 176 119 
0.037805 -0.014716 0.781056 90 86 57 
0.087264 -0.017041 0.792030 145 163 97 
-0.070149 -0.016557 0.768638 102 106 41 
-0.081489 -0.016767 0.778342 98 103 47 
0.223803 -0.019556 0.808817 100 112 54 
-0.079128 -0.018791 0.775697 59 64 27 
0.119193 -0.198582 0.843073 189 190 131 
0.187696 -0.021329 0.793921 46 54 26 
-0.094630 -0.023180 0.783296 128 109 74 
-0.152069 -0.023284 0.786573 105 128 37 
-0.062086 -0.024882 0.771062 81 89 36 
-0.045772 -0.027099 0.775365 104 109 62 
-0.161755 -0.027717 0.792622 138 140 99 
-0.174619 -0.028075 0.802822 221 222 209 
0.129706 -0.029279 0.778616 79 84 40 
0.018647 -0.028951 0.769531 72 77 31 
0.016583 -0.028956 0.769664 93 93 50 
-0.107434 -0.029535 0.784621 144 135 90 
0.078790 -0.031929 0.792369 67 47 17 
0.033126 -0.031023 0.769755 93 102 56 
0.173138 -0.034183 0.795610 86 93 47 
0.083054 -0.034057 0.792436 81 65 28 
0.024714 -0.032899 0.765359 138 158 87 
-0.133082 -0.034385 0.799421 201 196 164 
-0.165589 -0.034451 0.800867 178 182 150 
0.120065 -0.035790 0.783937 70 76 19 
-0.052271 -0.035591 0.779124 122 130 79 
-0.077152 -0.035489 0.776805 177 185 132 
0.107015 -0.039842 0.780897 76 75 38 
-0.127593 -0.040440 0.792020 140 138 104 
0.022736 -0.041252 0.767963 92 91 50 
-0.004084 -0.041307 0.768914 103 116 49 
0.170721 -0.044781 0.794298 100 108 49 
0.004191 -0.043509 0.771408 83 66 42 
-0.150798 -0.045272 0.802293 196 187 155 
0.189846 -0.049578 0.802998 173 173 141 
0.175281 -0.049124 0.795625 64 76 39 
-0.006228 -0.050197 0.778817 113 134 57 
-0.045924 -0.050149 0.777993 95 94 48 
0.149955 -0.053509 0.797314 112 110 55 
-0.004150 -0.052462 0.781441 105 130 46 
-0.012530 -0.052399 0.780491 75 80 29 
0.158359 -0.055590 0.796495 64 74 32 
-0.029200 -0.054308 0.777808 99 110 49 
0.221020 -0.059619 0.822693 114 126 67 
-0.144567 -0.058280 0.803596 215 206 173 
0.048705 -0.059209 0.787619 117 131 50 
0.014691 -0.058546 0.778752 138 153 95 
0.111389 -0.060887 0.782135 36 38 21 
-0.008572 -0.062478 0.802366 74 61 29 
-0.078818 -0.061803 0.793590 105 110 60 
-0.152170 -0.066177 0.821326 195 188 153 
0.053008 -0.065636 0.788681 109 111 68 
0.207466 -0.069812 0.812872 138 145 103 
0.134358 -0.068174 0.793717 93 94 43 
0.086600 -0.067512 0.785938 143 153 94 
0.132119 -0.070247 0.793072 103 98 50 
-0.079843 -0.071234 0.803906 102 90 51 
-0.171662 -0.072636 0.819599 185 185 155 
0.127915 -0.074535 0.793421 66 77 31 
-0.052892 -0.078321 0.788448 66 77 35 
-0.057350 -0.078625 0.791505 100 106 52 
-0.081946 -0.079806 0.803363 156 147 109 
0.117812 -0.083441 0.797147 87 98 56 
-0.017101 -0.083571 0.798229 45 49 18 
0.150181 -0.086962 0.810058 132 125 75 
0.014878 -0.084668 0.788550 95 89 42 
0.038166 -0.086758 0.788340 71 67 34 
-0.023462 -0.087595 0.795872 127 119 89 
-0.070930 -0.088146 0.800817 128 114 70 
-0.025601 -0.089736 0.795922 133 126 103 
0.112323 -0.092767 0.803828 53 63 11 
-0.002072 -0.091281 0.790838 104 111 61 
-0.099463 -0.091001 0.788305 90 109 54 
-0.119011 -0.093043 0.805964 149 169 97 
0.083810 -0.094424 0.799571 100 96 63 
0.224046 -0.099706 0.825682 72 86 48 
0.205724 -0.099428 0.823358 194 190 157 
-0.091914 -0.096193 0.796278 139 160 89 
0.108424 -0.099621 0.806943 122 128 95 
0.025305 -0.098830 0.783438 83 97 39 
0.142980 -0.105456 0.818651 130 117 75 
0.143136 -0.107769 0.819541 52 60 24 
0.054037 -0.105725 0.803921 94 102 53 
-0.025552 -0.104488 0.794441 129 143 86 
-0.079910 -0.105834 0.804623 121 109 65 
-0.163257 -0.111085 0.844451 192 191 162 
0.121106 -0.114350 0.819418 84 90 51 
-0.014758 -0.109962 0.787870 70 84 40 
-0.158052 -0.117385 0.840898 215 205 174 
0.087707 -0.116042 0.815827 57 61 33 
0.072539 -0.116319 0.817760 57 64 41 
-0.126050 -0.117185 0.823667 199 184 148 
0.166272 -0.119566 0.825107 195 187 149 
-0.010484 -0.113745 0.784805 78 95 39 
-0.034255 -0.115715 0.798374 49 56 18 
0.200071 -0.122115 0.827406 129 140 90 
0.094159 -0.120262 0.814771 119 108 66 
-0.151810 -0.122758 0.831463 188 188 169 
0.195578 -0.124304 0.827200 110 113 54 
0.130934 -0.124112 0.825868 98 106 65 
0.037184 -0.122205 0.813110 104 107 46 
0.021706 -0.127627 0.806011 109 125 64 
0.175914 -0.133434 0.828759 68 73 30 
0.046773 -0.133363 0.828214 110 117 65 
0.028457 -0.130971 0.813350 37 43 18 
0.030738 -0.133570 0.815902 36 43 12 
0.119906 -0.137477 0.826293 119 116 78 
-0.004217 -0.132416 0.795791 126 139 95 
-0.047979 -0.135272 0.812913 92 97 60 
-0.104406 -0.137705 0.827489 162 152 104 
-0.154204 -0.142654 0.857182 183 172 126 
0.015264 -0.136743 0.808766 53 64 24 
0.013065 -0.136461 0.807099 55 65 28 
-0.077000 -0.138601 0.819681 74 75 34 
-0.072791 -0.141176 0.821870 179 171 136 
-0.109659 -0.143199 0.833621 169 160 115 
0.147797 -0.145362 0.833386 98 100 35 
0.147705 -0.147505 0.832862 113 117 48 
-0.039252 -0.146207 0.813092 77 84 36 
0.026499 -0.149698 0.820311 51 65 29 
0.050034 -0.156598 0.845700 218 213 180 
0.028744 -0.152113 0.821470 101 111 51 
-0.145326 -0.161681 0.873001 212 200 157 
-0.068667 -0.155065 0.825385 214 207 177 
-0.111124 -0.158712 0.844764 213 205 168 
0.089750 -0.159052 0.834794 92 102 55 
0.052341 -0.161243 0.846261 233 229 201 
-0.017476 -0.155498 0.816076 95 100 35 
-0.064195 -0.157186 0.824898 171 165 120 
-0.070870 -0.157250 0.825231 124 138 84 
-0.004303 -0.156949 0.812265 81 89 46 
-0.081310 -0.158214 0.818760 76 88 51 
0.201607 -0.167022 0.852676 205 205 177 
0.002248 -0.159547 0.814407 57 67 23 
0.152053 -0.165240 0.832161 65 74 25 
-0.129356 -0.176340 0.876025 198 195 146 
0.086921 -0.173556 0.850994 94 103 62 
0.031006 -0.167831 0.822903 84 95 41 
-0.028878 -0.169039 0.828784 108 121 80 
-0.075487 -0.168733 0.827257 103 119 59 
-0.031155 -0.171545 0.830151 94 107 69 
-0.057659 -0.170798 0.826519 138 138 104 
-0.080242 -0.171618 0.830471 159 159 114 
0.133705 -0.176507 0.843310 149 149 123 
0.094062 -0.178658 0.853562 121 132 68 
0.008987 -0.173875 0.830665 112 119 70 
-0.044499 -0.175863 0.829499 116 126 63 
0.158717 -0.183762 0.856037 118 133 76 
0.090750 -0.185847 0.865706 137 144 80 
-0.020096 -0.179024 0.833871 95 104 48 
0.004558 -0.184126 0.836735 191 192 156 
-0.113126 -0.189261 0.859996 166 167 121 
-0.116523 -0.191042 0.868085 178 177 132 
-0.152039 -0.191728 0.871178 186 178 120 
-0.015696 -0.188939 0.838159 181 179 141 
-0.061882 -0.192551 0.854151 166 174 128 
-0.149737 -0.196453 0.871405 193 188 143 
0.133061 -0.194713 0.853696 171 170 123 
-0.022635 -0.192768 0.845080 180 181 141 
-0.015725 -0.193807 0.839767 172 173 130 
-0.047306 -0.193821 0.839809 106 119 67 
-0.073996 -0.198862 0.861631 143 152 85 
-0.098398 -0.196756 0.852493 139 148 82 
0.157145 0.293290 0.751710 200 194 164 
0.152110 0.293235 0.752304 176 168 132 
0.137113 0.296046 0.751376 177 167 134 
0.123458 0.304938 0.743356 205 200 169 
0.129138 0.295162 0.751585 185 179 146 
0.176058 0.273280 0.737579 138 131 87 
0.145787 0.278132 0.752057 147 135 90 
0.196964 0.262120 0.722018 126 128 68 
0.096767 0.300343 0.746575 155 149 106 
0.177359 0.263852 0.730871 136 140 68 
0.098295 0.293527 0.750953 139 132 89 
0.109325 0.283389 0.752112 152 145 103 
0.098509 0.283190 0.753460 128 119 78 
0.135880 0.266235 0.746445 130 129 70 
0.097722 0.281443 0.752742 129 119 83 
0.120220 0.274750 0.729646 134 128 76 
0.121042 0.272141 0.717069 89 94 47 
0.184304 0.239292 0.722574 130 116 79 
0.154096 0.249174 0.726624 88 80 47 
0.105039 0.271570 0.719718 128 134 88 
0.065851 0.290440 0.716398 169 162 127 
0.190414 0.229253 0.712642 148 160 90 
0.171898 0.233537 0.723018 117 129 73 
0.117766 0.258009 0.722312 123 113 82 
0.090054 0.275586 0.702963 130 130 67 
0.082653 0.279094 0.702433 147 139 94 
0.184580 0.227123 0.713462 146 161 86 
0.119304 0.254197 0.718559 92 80 46 
0.113002 0.265517 0.696787 94 102 53 
0.092022 0.274692 0.697214 131 136 74 
0.207176 0.211162 0.722858 138 152 102 
-0.023291 0.308072 0.724461 192 184 145 
0.127400 0.242541 0.710183 92 82 47 
0.136186 0.237123 0.702913 107 114 61 
0.083224 0.266311 0.688525 168 168 121 
-0.042469 0.299831 0.741068 155 147 101 
0.189849 0.203363 0.722149 56 66 39 
0.146076 0.228631 0.707497 92 92 42 
0.021179 0.280613 0.714104 120 111 60 
-0.025086 0.289026 0.742647 150 139 90 
0.172214 0.210664 0.717706 142 152 77 
0.081048 0.258503 0.693204 123 114 78 
-0.066296 0.305520 0.734192 139 118 79 
0.070057 0.262317 0.690113 96 115 51 
0.155688 0.212420 0.714404 114 124 58 
0.142760 0.221800 0.705612 62 73 30 
0.147804 0.216009 0.708693 144 164 72 
0.149107 0.211783 0.711865 124 141 52 
0.138494 0.220573 0.702194 108 120 45 
0.118788 0.233281 0.692565 100 109 42 
0.080697 0.249760 0.692577 108 114 67 
-0.054355 0.288648 0.737644 151 130 98 
0.038026 0.264348 0.696101 103 108 49 
-0.090098 0.309033 0.720462 200 191 161 
0.216082 0.163107 0.746415 175 187 142 
0.175240 0.190096 0.725094 64 71 39 
0.214223 0.153035 0.754859 123 124 85 
0.022881 0.259918 0.699387 129 123 82 
-0.062039 0.290885 0.711393 195 182 147 
-0.021046 0.275640 0.700832 140 124 67 
0.165087 0.181301 0.728310 98 111 67 
0.056584 0.243640 0.693059 90 97 44 
0.054822 0.244560 0.692687 119 118 66 
-0.054470 0.284926 0.706368 137 138 84 
-0.064353 0.291081 0.702110 151 155 126 
0.185446 0.168776 0.731576 154 163 108 
0.119675 0.213026 0.696147 85 89 35 
0.147692 0.188053 0.719446 40 49 17 
-0.064617 0.287743 0.698787 44 50 12 
0.218427 0.133002 0.768274 103 101 68 
0.116111 0.210394 0.695121 120 126 72 
0.053341 0.235235 0.693795 39 50 13 
0.022682 0.246454 0.697510 91 100 42 
0.203667 0.143530 0.748746 138 140 89 
0.193028 0.156555 0.730648 115 127 61 
0.111752 0.209125 0.691884 74 73 31 
0.015601 0.245803 0.700107 126 139 77 
-0.056389 0.277738 0.696779 43 45 11 
-0.060336 0.279657 0.696241 166 173 145 
0.192020 0.154598 0.730683 141 152 86 
0.113930 0.203597 0.696713 60 67 25 
0.069480 0.225838 0.689276 69 79 41 
-0.067477 0.280691 0.695149 86 93 37 
0.142392 0.178466 0.719394 99 114 63 
0.114984 0.197370 0.703929 99 112 58 
0.158151 0.162352 0.734200 35 40 22 
0.126368 0.180083 0.720033 40 45 21 
-0.033622 0.261183 0.690706 95 108 52 
0.127220 0.177318 0.720031 111 120 63 
0.110336 0.187104 0.714407 88 82 45 
0.204934 0.125102 0.755589 130 140 53 
0.152429 0.159042 0.730970 128 115 68 
0.093087 0.204309 0.689074 95 106 68 
0.048222 0.221760 0.691565 89 94 52 
0.179510 0.144474 0.732775 74 86 37 
0.131996 0.169608 0.721844 114 83 50 
0.086398 0.204988 0.688566 100 110 43 
-0.073413 0.267046 0.697290 93 105 48 
0.137875 0.163834 0.723683 83 90 39 
0.058792 0.216671 0.683330 53 61 24 
0.175069 0.140866 0.733997 88 98 40 
0.122178 0.169071 0.721334 98 102 71 
0.105472 0.175118 0.723052 86 89 44 
0.028529 0.221293 0.694354 116 113 51 
0.190618 0.123073 0.751761 119 134 68 
-0.144688 0.283251 0.708350 183 180 150 
-0.024471 0.236694 0.697363 102 96 41 
0.016353 0.213993 0.704087 121 116 53 
-0.051866 0.242518 0.703078 168 143 99 
-0.147384 0.281638 0.698116 171 167 136 
-0.098518 0.262880 0.690665 80 86 36 
0.178741 0.122454 0.738357 140 158 77 
0.163713 0.129272 0.737029 50 58 33 
0.061992 0.191317 0.697479 94 103 63 
0.047907 0.197171 0.697265 93 92 37 
0.124599 0.149110 0.724793 51 60 19 
0.089006 0.172270 0.708205 138 149 87 
0.049046 0.192765 0.700105 49 55 13 
-0.014541 0.224463 0.688963 71 82 36 
0.211020 0.049310 0.843013 161 160 121 
0.103823 0.159699 0.715991 72 84 31 
0.057582 0.181373 0.705752 128 115 77 
-0.054216 0.233883 0.692082 135 128 60 
0.192473 0.048881 0.847402 143 144 106 
0.090818 0.158067 0.714943 91 94 46 
-0.098314 0.244523 0.695858 86 82 42 
-0.131120 0.271189 0.670792 112 109 77 
0.173711 0.072762 0.806633 147 146 89 
0.127957 0.127027 0.740165 116 122 65 
-0.018332 0.215695 0.684847 38 46 1 
-0.129218 0.258997 0.687216 186 191 164 
0.172001 0.059781 0.826787 106 109 52 
0.069769 0.163227 0.711785 125 95 47 
0.061858 0.166706 0.711222 91 109 51 
-0.032107 0.215887 0.690054 177 163 135 
0.152513 0.107705 0.748213 160 176 108 
-0.002492 0.207185 0.679640 75 87 31 
0.190093 0.037491 0.844019 177 174 141 
0.166638 0.058280 0.823228 160 155 113 
0.075712 0.151859 0.718993 53 60 11 
0.054931 0.164124 0.711769 108 122 67 
-0.142971 0.255424 0.689379 121 127 68 
0.195998 0.037095 0.835335 166 160 111 
0.140678 0.105287 0.751840 92 102 63 
0.131874 0.108005 0.753264 140 139 81 
0.117235 0.113627 0.753641 202 190 151 
0.059203 0.159194 0.713019 94 111 59 
0.219063 0.022263 0.840466 184 184 154 
0.043937 0.163290 0.711987 115 125 71 
0.212180 0.027483 0.830977 171 168 135 
0.069654 0.144165 0.723380 121 109 51 
-0.012849 0.202353 0.677816 85 91 45 
0.225279 0.018271 0.833177 172 171 145 
0.155179 0.054434 0.818158 157 150 106 
-0.076681 0.216175 0.693639 132 140 75 
-0.126321 0.236447 0.692484 196 195 159 
0.216889 0.025217 0.821813 169 165 128 
0.203987 0.033691 0.815833 143 148 96 
0.190329 0.037306 0.818959 150 142 100 
0.168019 0.048143 0.815358 134 129 79 
-0.108100 0.216433 0.710429 200 196 160 
-0.126355 0.231629 0.691589 202 203 174 
0.139648 0.060106 0.804133 135 138 84 
0.135811 0.077331 0.776694 59 57 36 
0.132911 0.083120 0.768577 121 136 75 
-0.107290 0.211766 0.708534 63 85 11 
0.138276 0.054399 0.810115 139 160 83 
0.082262 0.114698 0.743521 117 114 52 
-0.084191 0.204249 0.701175 175 170 116 
0.186459 0.032389 0.810760 49 56 34 
0.135933 0.042124 0.818127 65 74 33 
0.064724 0.119417 0.733485 148 141 88 
-0.132481 0.221803 0.689517 191 190 166 
0.195585 0.019989 0.811605 122 134 85 
-0.049963 0.170678 0.717419 126 119 63 
-0.096002 0.192260 0.711070 205 200 170 
-0.134598 0.222669 0.684866 228 224 218 
0.209632 0.008382 0.817314 111 129 61 
-0.003424 0.148666 0.719627 89 95 23 
-0.139016 0.212014 0.701176 127 137 73 
-0.140555 0.203416 0.711968 178 183 140 
0.163126 0.029140 0.803165 81 72 47 
-0.003058 0.143967 0.718275 55 68 16 
-0.018012 0.148320 0.720604 69 81 27 
-0.153165 0.206241 0.706023 190 196 126 
0.197708 -0.000636 0.821164 113 125 79 
0.194554 0.002747 0.817576 125 135 89 
0.074494 0.046160 0.821716 140 132 86 
0.072080 0.046983 0.821882 154 143 103 
0.029786 0.108770 0.746714 109 114 50 
-0.120343 0.186214 0.713724 158 159 92 
0.132954 0.024652 0.815540 118 117 61 
-0.146096 0.189963 0.719099 85 95 47 
0.050747 0.043554 0.830993 186 180 145 
-0.148792 0.187425 0.720267 86 99 45 
0.186511 0.000556 0.812244 107 94 59 
0.157728 0.017697 0.802169 130 140 101 
0.043244 0.097378 0.743450 122 111 83 
0.158930 0.014731 0.801640 87 99 53 
0.189117 -0.009884 0.813695 116 122 83 
0.047407 0.027978 0.833495 119 110 69 
0.009102 0.104096 0.735632 162 155 113 
-0.048644 0.131731 0.726198 66 76 10 
0.011948 0.097665 0.739710 129 127 81 
-0.010601 0.108558 0.735849 130 135 83 
0.222298 -0.049947 0.843593 125 140 80 
0.124982 0.010583 0.805674 132 141 75 
0.025744 0.033642 0.827637 94 95 46 
0.023379 0.087460 0.744633 85 97 36 
-0.148855 0.150050 0.747363 191 194 161 
0.204098 -0.031173 0.820289 108 113 62 
0.198913 -0.026607 0.816179 116 125 78 
0.001147 0.097159 0.738046 143 154 93 
-0.091429 0.140905 0.723602 115 123 58 
0.191358 -0.027265 0.812611 114 105 65 
0.154889 -0.005027 0.799147 114 119 81 
0.151626 -0.001958 0.796278 94 104 48 
0.074006 0.021652 0.804216 137 147 86 
-0.063316 0.090261 0.776854 221 208 166 
0.188523 -0.028212 0.811241 117 104 69 
-0.083113 0.130104 0.722300 131 142 94 
0.176308 -0.022920 0.805619 81 92 49 
0.105259 0.003296 0.805560 117 108 63 
0.104349 0.001202 0.804751 105 101 52 
0.100034 0.003152 0.804196 70 73 25 
0.012230 0.058847 0.768618 151 156 92 
-0.029588 0.070294 0.774566 138 135 91 
-0.035996 0.071088 0.776934 152 150 83 
-0.080417 0.122232 0.724066 48 59 6 
-0.110427 0.134425 0.722294 203 203 171 
0.164172 -0.022317 0.802689 70 71 37 
0.151008 -0.013719 0.796990 136 140 98 
0.113516 0.000354 0.796481 114 116 64 
0.106745 -0.000565 0.801615 106 106 48 
0.188852 -0.038885 0.809673 91 102 50 
0.172039 -0.032334 0.804694 90 100 39 
0.129441 -0.004396 0.781844 130 155 67 
0.118590 -0.003624 0.786556 122 133 88 
-0.080446 0.107756 0.728486 112 121 52 
-0.050761 0.048925 0.795275 161 153 105 
-0.160246 0.130844 0.732795 185 189 187 
0.159871 -0.036513 0.804436 112 107 55 
0.171896 -0.043740 0.804371 126 117 66 
0.038801 0.018812 0.782995 150 160 88 
-0.098874 0.102217 0.733518 102 117 78 
0.124568 -0.014218 0.781873 81 85 40 
-0.077661 0.049965 0.794180 166 151 94 
-0.085182 0.094851 0.732773 52 53 15 
0.080933 -0.007602 0.790716 119 124 68 
0.078725 -0.006677 0.790521 79 82 31 
-0.062198 0.040424 0.795402 99 105 48 
-0.080743 0.086927 0.737675 126 132 108 
0.221745 -0.093101 0.837144 136 143 88 
0.137364 -0.040108 0.804209 56 64 23 
-0.039679 0.027933 0.797267 87 89 41 
0.180519 -0.058307 0.803992 122 118 62 
-0.011128 0.020446 0.788923 99 104 31 
-0.077504 0.040275 0.794376 151 132 68 
-0.167037 0.111912 0.737390 112 113 80 
0.130683 -0.043223 0.803516 97 101 44 
0.032927 0.001208 0.789647 80 79 30 
0.019456 0.010032 0.783883 131 140 76 
-0.119682 0.067664 0.772141 178 176 128 
-0.127510 0.070431 0.772158 76 80 38 
0.052996 -0.008755 0.789374 88 86 26 
-0.051536 0.023121 0.796646 186 172 156 
-0.168230 0.112123 0.728979 134 134 95 
0.171987 -0.061129 0.799739 47 55 23 
0.159353 -0.059814 0.804177 80 92 36 
0.028513 -0.002338 0.788228 122 132 85 
-0.009673 0.011812 0.787278 47 55 13 
-0.039994 0.019120 0.792069 208 214 150 
0.092059 -0.032187 0.794444 58 64 27 
-0.067854 0.024825 0.793403 116 117 49 
0.207350 -0.103322 0.833098 69 88 49 
-0.172835 0.072703 0.773511 160 161 130 
0.001139 0.002318 0.782270 127 116 61 
-0.157370 0.049100 0.789750 205 187 139 
0.222307 -0.152774 0.881399 198 198 167 
0.213704 -0.135772 0.857780 187 186 132 
0.146884 -0.074974 0.806234 133 149 86 
0.097658 -0.044776 0.788243 160 178 72 
0.079107 -0.041984 0.793226 57 58 17 
0.050726 -0.030144 0.786284 102 97 44 
-0.040289 0.003279 0.783595 177 174 128 
0.207147 -0.133333 0.844738 179 184 133 
-0.098043 0.013376 0.788201 149 156 91 
0.189983 -0.119991 0.830510 136 143 85 
0.172354 -0.098222 0.809384 164 163 108 
-0.013473 -0.010667 0.777246 85 94 32 
0.203829 -0.158961 0.872118 175 174 129 
0.199537 -0.133473 0.835855 97 98 58 
0.114024 -0.070447 0.790739 103 113 15 
0.046276 -0.043909 0.786101 117 135 61 
0.143950 -0.097629 0.809240 84 95 42 
-0.004792 -0.021914 0.775806 69 81 34 
-0.158229 0.010798 0.801375 138 144 92 
0.129178 -0.099572 0.814304 126 132 77 
0.081208 -0.065686 0.791040 125 135 72 
-0.041798 -0.013443 0.777007 81 87 31 
-0.139577 0.007561 0.792876 157 165 107 
0.195645 -0.142533 0.837142 130 140 80 
-0.151351 0.002172 0.796337 178 179 150 
0.092828 -0.080143 0.792671 141 153 91 
-0.055371 -0.017015 0.775146 123 129 55 
0.073174 -0.079643 0.796483 152 170 93 
-0.009555 -0.043224 0.781000 108 119 49 
0.175046 -0.148155 0.832845 139 148 88 
-0.117047 -0.013938 0.785053 200 197 167 
-0.065801 -0.025195 0.773589 85 94 34 
0.091659 -0.106127 0.806315 165 166 118 
0.051943 -0.087299 0.799036 115 125 73 
-0.031221 -0.042062 0.776431 114 121 61 
-0.153673 -0.022731 0.803042 170 181 148 
0.093828 -0.121489 0.816689 103 111 53 
0.191229 -0.183425 0.850330 103 110 62 
-0.057641 -0.041727 0.774714 91 110 55 
-0.110524 -0.028062 0.779188 111 129 81 
0.137124 -0.150659 0.823383 133 140 79 
0.127984 -0.147037 0.822564 170 175 121 
0.049867 -0.110216 0.808312 90 105 34 
0.012333 -0.087474 0.795217 91 105 31 
0.115558 -0.149376 0.826392 165 169 108 
0.112776 -0.149205 0.827288 141 147 79 
0.071760 -0.126654 0.815821 45 51 15 
0.039067 -0.101635 0.798006 105 117 66 
0.020583 -0.099611 0.794819 114 133 68 
-0.029097 -0.085799 0.797401 59 75 32 
-0.099722 -0.047439 0.778223 118 133 76 
0.119136 -0.175050 0.840163 73 89 35 
0.013185 -0.102998 0.793838 115 131 67 
0.046528 -0.136451 0.817404 81 92 36 
-0.150291 -0.057985 0.798123 239 238 233 
0.063223 -0.148191 0.821130 129 143 59 
-0.026862 -0.098851 0.796144 151 162 127 
0.067971 -0.164994 0.831339 151 162 112 
-0.102283 -0.076324 0.789529 138 148 80 
0.002579 -0.121838 0.796547 166 180 137 
0.048629 -0.164556 0.825894 90 105 53 
0.029599 -0.156359 0.823216 156 169 107 
0.015022 -0.146465 0.816932 153 166 116 
-0.076274 -0.100686 0.792510 98 110 64 
-0.034617 -0.127425 0.800665 115 129 73 
-0.154943 -0.095283 0.802095 154 145 127 
-0.014174 -0.172697 0.833413 125 135 91 
-0.023796 -0.156346 0.818110 183 189 125 
-0.048869 -0.139010 0.807032 96 102 52 
-0.006216 -0.193076 0.849760 99 109 61 
-0.101508 -0.125600 0.805921 132 139 80 
-0.148921 -0.123917 0.820288 236 236 228 
-0.046182 -0.182939 0.839605 71 88 19 
-0.061620 -0.179150 0.832376 155 163 113 
-0.010565 -0.193487 0.831330 231 232 227 
0.025218 -0.194654 0.843100 201 200 172 
-0.013193 -0.188086 0.831149 175 180 138 
-0.040939 -0.183444 0.824439 71 84 31 
-0.108239 -0.191896 0.846216 115 129 64 
-0.091415 -0.182668 0.838369 134 146 80 
0.126912 -0.173661 0.832784 106 115 42 
-0.053675 -0.172746 0.823493 62 72 35 
0.119024 -0.170461 0.830904 124 141 84 
-0.038137 -0.168145 0.819880 160 167 122 
-0.017664 -0.165869 0.815787 108 120 61 
0.063734 -0.176250 0.847689 115 135 41 
-0.071458 -0.167681 0.822815 63 76 17 
-0.137061 -0.188056 0.875779 209 205 151 
0.027418 -0.162250 0.823396 138 149 81 
-0.094160 -0.159730 0.821153 105 130 45 
0.103037 -0.155879 0.826474 172 177 99 
0.065448 -0.155305 0.835800 119 130 70 
0.100053 -0.146980 0.823719 137 161 76 
0.148258 -0.147586 0.829053 121 134 53 
0.178379 -0.146776 0.829278 148 163 93 
-0.002406 -0.139805 0.803751 115 116 65 
0.193374 -0.143915 0.829864 95 106 54 
-0.109496 -0.153396 0.838297 195 191 144 
-0.021747 -0.129478 0.795243 166 187 119 
0.184932 -0.135041 0.826582 213 212 174 
-0.057542 -0.133329 0.809813 163 166 98 
0.036904 -0.132336 0.814608 147 141 115 
0.059799 -0.137737 0.831108 239 235 205 
0.096290 -0.125407 0.814574 137 152 82 
0.153825 -0.125853 0.820410 116 115 53 
-0.084804 -0.125759 0.808216 65 75 29 
-0.039366 -0.121559 0.800166 150 149 88 
0.012187 -0.120007 0.799986 107 118 75 
0.100931 -0.121694 0.811815 168 183 115 
0.153512 -0.122730 0.818927 99 102 44 
-0.094967 -0.123939 0.809552 95 81 36 
0.071542 -0.122081 0.817770 81 88 35 
0.095874 -0.119022 0.811143 136 127 85 
0.007365 -0.113027 0.794279 103 109 48 
0.193571 -0.118023 0.823521 174 177 110 
-0.059206 -0.114823 0.801219 125 145 91 
0.058601 -0.109320 0.809761 123 123 66 
0.004838 -0.102298 0.792269 41 49 17 
0.114828 -0.104702 0.808384 48 60 23 
0.187246 -0.106119 0.818510 92 98 50 
0.151698 -0.102069 0.811202 121 137 87 
-0.031275 -0.096818 0.787924 97 108 57 
-0.009568 -0.096274 0.788111 82 91 30 
-0.093486 -0.099917 0.799566 133 147 79 
-0.137815 -0.102816 0.812344 123 128 71 
-0.109705 -0.095804 0.793436 121 143 72 
-0.028925 -0.091835 0.788190 66 70 25 
0.089326 -0.091639 0.797536 120 147 72 
-0.063577 -0.092699 0.795556 156 140 101 
0.081962 -0.089076 0.796761 115 127 64 
-0.090697 -0.091496 0.797330 93 101 45 
0.083803 -0.081807 0.789903 143 161 101 
0.035896 -0.083890 0.800162 142 133 98 
0.124902 -0.077821 0.796562 47 55 20 
0.076061 -0.072460 0.783156 128 153 51 
0.220278 -0.079709 0.818861 159 175 106 
-0.073182 -0.077396 0.794069 127 111 65 
-0.050557 -0.074319 0.786094 96 102 56 
0.050240 -0.075433 0.798467 83 95 42 
0.160820 -0.072328 0.798059 103 106 60 
0.223038 -0.077746 0.820989 146 159 92 
-0.016850 -0.067628 0.783351 105 107 50 
0.025981 -0.069245 0.792446 81 92 35 
0.144969 -0.070362 0.806594 105 117 56 
-0.123293 -0.069539 0.788485 126 125 79 
-0.117668 -0.072263 0.798043 67 77 31 
-0.173277 -0.079776 0.826770 186 186 154 
-0.110934 -0.070707 0.801863 114 102 68 
-0.000450 -0.064097 0.789489 98 96 45 
0.151825 -0.064763 0.805270 93 94 37 
-0.071940 -0.059319 0.783645 134 131 89 
-0.069259 -0.058542 0.781226 145 139 91 
-0.051691 -0.055524 0.772470 121 148 71 
0.147344 -0.061081 0.809401 106 120 58 
-0.014544 -0.054920 0.782135 79 84 37 
0.037566 -0.050109 0.778627 135 148 110 
-0.058310 -0.047126 0.767904 116 137 61 
-0.051302 -0.047020 0.768172 90 108 32 
0.094235 -0.047557 0.783384 120 118 82 
0.100941 -0.046148 0.779025 152 171 66 
0.175227 -0.045199 0.791118 74 86 46 
0.188182 -0.044389 0.798212 179 181 142 
-0.134688 -0.046810 0.785912 134 137 71 
0.006668 -0.041905 0.781231 96 97 63 
0.137352 -0.039330 0.792957 137 124 81 
-0.117861 -0.041549 0.786236 120 119 71 
-0.065754 -0.036174 0.771176 111 113 65 
-0.053790 -0.035299 0.769051 96 105 55 
0.082247 -0.036430 0.786087 76 80 44 
0.114877 -0.034595 0.782344 112 111 78 
-0.018701 -0.031852 0.768451 86 94 45 
-0.137999 -0.038405 0.791023 95 106 61 
0.008982 -0.031046 0.777118 51 59 17 
0.084440 -0.031427 0.785773 79 90 30 
0.121884 -0.029978 0.783848 98 106 48 
0.133476 -0.029422 0.782846 120 137 69 
-0.080716 -0.031008 0.777608 75 85 38 
0.225832 -0.032109 0.811308 167 177 126 
-0.039996 -0.025925 0.771218 42 52 13 
0.068171 -0.029230 0.794516 103 104 59 
0.077492 -0.028015 0.790702 95 90 42 
0.205286 -0.028553 0.805160 148 155 108 
-0.078114 -0.025644 0.775805 95 104 37 
0.167911 -0.024666 0.795939 167 157 117 
-0.149862 -0.031631 0.802098 126 151 65 
-0.125488 -0.027772 0.789174 121 115 71 
0.153081 -0.021648 0.792199 142 154 85 
0.213154 -0.024625 0.809908 64 75 31 
-0.086081 -0.022625 0.782251 130 145 76 
0.088568 -0.018440 0.782705 156 175 119 
0.079620 -0.018416 0.791497 76 78 37 
0.184945 -0.018114 0.800747 63 65 27 
0.029755 -0.014996 0.782441 44 47 13 
0.169471 -0.012076 0.794421 133 112 69 
-0.144040 -0.018133 0.798225 155 147 113 
-0.133463 -0.016809 0.793731 83 99 49 
-0.116931 -0.016919 0.795877 149 123 88 
0.099479 -0.007165 0.776855 115 102 61 
0.118268 -0.007283 0.779261 88 98 45 
-0.146368 -0.015636 0.797869 235 226 192 
-0.138341 -0.014556 0.794095 94 104 61 
-0.130706 -0.013890 0.792040 105 123 65 
-0.097276 -0.013488 0.793752 109 88 53 
-0.007842 -0.007677 0.778179 87 96 33 
0.113633 -0.005239 0.780247 65 74 32 
0.211194 -0.014072 0.827830 210 205 175 
-0.146032 -0.012815 0.796373 231 221 196 
-0.140491 -0.011874 0.792892 89 94 41 
0.010957 -0.003917 0.774242 117 138 69 
-0.038753 -0.004593 0.782398 79 86 37 
-0.022391 -0.004765 0.784850 132 144 61 
-0.127389 -0.005446 0.787498 172 158 115 
0.038841 -0.000342 0.782387 83 76 42 
0.064999 -0.002074 0.792773 84 71 38 
-0.086062 -0.000883 0.782319 77 77 45 
0.173994 0.001883 0.797425 66 82 39 
-0.129563 -0.000439 0.786573 172 166 100 
-0.111727 -0.001696 0.794168 167 149 108 
-0.038910 0.002342 0.783636 87 100 38 
-0.013106 0.002343 0.786378 110 111 87 
0.148267 0.003185 0.799755 125 125 63 
0.186506 0.003535 0.802240 190 185 149 
-0.150294 -0.000286 0.806107 203 197 161 
0.152740 0.010485 0.800142 94 104 48 
-0.159462 0.007529 0.815219 222 225 205 
0.014952 0.017247 0.787136 74 79 40 
0.176834 0.017280 0.805121 121 120 63 
0.194455 0.016527 0.810787 207 204 174 
-0.077601 0.015516 0.809415 76 79 35 
0.083059 0.022872 0.790684 48 60 16 
0.147655 0.022235 0.801269 91 101 47 
0.152143 0.024936 0.800329 95 104 54 
-0.170342 0.022351 0.788702 187 189 157 
0.038219 0.028060 0.783367 106 91 53 
-0.092721 0.021839 0.813197 154 163 92 
0.104950 0.028207 0.802917 101 108 68 
-0.148264 0.023750 0.809581 209 203 168 
-0.127697 0.027726 0.790786 198 191 156 
-0.071992 0.026683 0.802970 162 151 105 
0.021992 0.036056 0.764068 130 132 95 
0.132316 0.028953 0.815095 106 106 69 
0.156747 0.034265 0.802491 76 82 52 
-0.103168 0.028167 0.817813 137 127 76 
0.064956 0.031699 0.818740 73 55 13 
0.116386 0.040488 0.803126 133 154 53 
0.024094 0.048550 0.758950 131 153 70 
0.123969 0.042107 0.808613 153 146 95 
-0.176233 0.043748 0.775188 213 205 181 
0.019560 0.053954 0.753469 129 155 58 
-0.152723 0.043422 0.808747 211 204 171 
-0.150382 0.045818 0.809337 219 212 177 
0.105504 0.049630 0.819375 201 198 168 
0.151609 0.050044 0.822864 168 165 130 
0.154635 0.049379 0.827355 195 191 159 
0.076868 0.052614 0.827628 206 201 168 
0.005825 0.064684 0.755589 67 80 13 
0.044361 0.065673 0.784872 139 158 105 
-0.144752 0.062707 0.794525 224 206 162 
-0.096284 0.069014 0.758116 104 123 63 
0.032691 0.068906 0.777108 118 116 72 
0.091553 0.066975 0.798684 206 194 156 
0.141348 0.069936 0.785415 89 92 56 
0.188069 0.066843 0.830050 224 211 168 
0.010365 0.077370 0.746590 77 87 45 
-0.156107 0.071415 0.781553 208 193 150 
-0.131669 0.072605 0.776510 155 152 108 
0.025727 0.083711 0.751630 117 130 67 
0.100567 0.082682 0.770815 161 156 116 
0.166099 0.082056 0.785530 123 132 95 
0.179411 0.083148 0.797074 183 177 126 
-0.069352 0.087462 0.742455 163 152 97 
-0.058998 0.086816 0.749187 113 113 57 
-0.052948 0.086121 0.755630 203 189 147 
-0.048693 0.085879 0.758206 198 186 152 
0.077108 0.088286 0.758955 159 174 117 
-0.064706 0.089995 0.740687 167 154 94 
0.140207 0.091022 0.765122 92 103 61 
-0.106851 0.091370 0.740776 104 120 68 
0.012526 0.094114 0.737511 57 61 18 
-0.025480 0.094333 0.747927 129 142 92 
-0.034598 0.096088 0.750466 96 104 53 
-0.016531 0.096902 0.746473 80 92 42 
0.021153 0.098315 0.740602 196 186 156 
0.157023 0.098700 0.760136 180 180 142 
0.128198 0.100258 0.761220 122 119 66 
0.212950 0.099281 0.784398 215 216 194 
-0.164312 0.097185 0.758339 220 220 192 
0.032018 0.102841 0.741331 143 135 90 
0.043008 0.102715 0.744393 208 201 170 
0.174533 0.104895 0.747595 186 201 99 
0.025428 0.105313 0.737596 90 98 44 
0.211217 0.107891 0.767615 213 214 187 
0.001339 0.109204 0.737809 126 112 59 
0.012316 0.109675 0.735228 136 131 76 
0.135432 0.110388 0.751091 96 105 40 
0.081099 0.110437 0.762492 107 105 58 
0.146203 0.114376 0.735203 65 80 15 
-0.039508 0.111203 0.754385 132 110 55 
0.090157 0.112573 0.765332 135 94 60 
-0.121893 0.112217 0.750987 215 209 182 
-0.026097 0.113718 0.754008 112 78 38 
0.007893 0.116228 0.734032 184 173 128 
0.062151 0.116868 0.737978 107 122 38 
0.133900 0.117903 0.741199 123 144 65 
-0.098004 0.116975 0.728113 169 159 114 
0.057660 0.119217 0.735138 122 136 73 
0.064255 0.119089 0.737882 140 145 81 
0.138812 0.121170 0.730223 155 174 110 
0.031637 0.121828 0.724679 150 171 77 
-0.140177 0.120192 0.731961 113 129 49 
0.159998 0.125789 0.730816 93 100 56 
-0.067190 0.124291 0.724776 35 43 9 
-0.119137 0.124526 0.736787 125 134 60 
-0.044752 0.125774 0.738018 128 124 71 
0.138052 0.129948 0.727302 114 136 81 
0.207660 0.129687 0.746200 103 109 57 
-0.077150 0.128861 0.718799 89 98 33 
0.016605 0.130506 0.719351 142 113 54 
0.152901 0.132282 0.728074 134 139 86 
0.165767 0.132438 0.729050 91 94 49 
-0.099367 0.130223 0.723643 66 79 42 
0.076407 0.134952 0.731069 103 109 66 
0.161230 0.136651 0.728457 88 90 44 
-0.124088 0.134467 0.717797 131 130 68 
0.037684 0.137090 0.721243 111 135 47 
-0.141546 0.137661 0.729300 165 160 110 
-0.085644 0.139332 0.718528 84 88 33 
-0.017698 0.140296 0.722019 123 105 58 
0.092525 0.142280 0.721145 111 119 53 
0.195022 0.144933 0.741129 140 145 85 
-0.058895 0.143509 0.727234 160 135 107 
-0.056689 0.143576 0.726750 151 125 85 
0.104259 0.147161 0.713153 115 138 51 
0.112569 0.147311 0.713037 120 137 65 
0.215092 0.146026 0.764807 121 125 89 
-0.036603 0.146547 0.717965 106 98 46 
0.150791 0.148902 0.733298 103 109 71 
0.050054 0.150020 0.720008 98 85 47 
0.146420 0.153050 0.733790 80 79 35 
-0.118128 0.153428 0.721285 34 40 17 
0.056050 0.156643 0.714871 123 129 74 
-0.054253 0.156502 0.723690 67 73 28 
0.005817 0.158043 0.711177 79 93 43 
0.205167 0.160015 0.742528 109 117 49 
0.125287 0.161734 0.720066 37 41 10 
0.212548 0.162071 0.747488 153 160 105 
-0.102969 0.159554 0.733376 82 97 48 
0.120695 0.165895 0.717906 116 126 78 
-0.123448 0.163332 0.738401 105 107 57 
0.137866 0.168099 0.722442 61 68 23 
-0.168087 0.165681 0.707532 144 151 103 
0.082498 0.169649 0.710225 100 112 43 
0.192762 0.170639 0.736795 87 93 59 
-0.076244 0.171529 0.697611 137 123 84 
-0.027368 0.172123 0.705157 107 98 53 
-0.008945 0.172303 0.709792 132 120 86 
0.011947 0.172710 0.706802 94 104 42 
0.038826 0.173184 0.704971 98 94 45 
0.097097 0.173904 0.713503 150 161 93 
-0.166574 0.171848 0.710390 161 170 105 
-0.093031 0.172679 0.725702 73 51 27 
-0.023088 0.176328 0.702745 61 73 29 
0.024295 0.177009 0.706132 93 96 39 
0.180227 0.179030 0.728742 93 105 47 
0.109229 0.180266 0.712893 81 58 27 
0.132148 0.180596 0.714646 86 79 58 
-0.163387 0.177799 0.732585 169 168 134 
-0.141273 0.178169 0.730704 129 146 78 
-0.045113 0.180161 0.695240 139 129 91 
-0.033253 0.180274 0.700333 133 120 86 
0.077899 0.181882 0.708928 57 62 32 
0.198686 0.183492 0.728094 177 176 83 
-0.098114 0.180952 0.730899 63 47 21 
-0.069417 0.182000 0.677687 125 147 85 
0.032415 0.183298 0.701863 80 80 28 
0.123420 0.184587 0.712143 82 93 50 
-0.061343 0.184097 0.677256 148 161 87 
0.180362 0.191532 0.721843 89 101 38 
-0.036632 0.190349 0.691262 99 83 52 
0.052657 0.191684 0.700946 53 60 21 
-0.157036 0.190620 0.734236 122 125 83 
-0.093360 0.191537 0.714880 153 128 87 
0.058235 0.195735 0.688956 165 178 135 
0.202921 0.198029 0.722606 162 176 95 
-0.081408 0.195765 0.705147 93 105 60 
0.023991 0.197251 0.695506 130 118 81 
0.173686 0.199640 0.721605 116 118 64 
-0.098943 0.197592 0.710700 134 118 66 
0.019905 0.199180 0.694888 34 45 7 
-0.166596 0.198885 0.729671 185 185 158 
-0.093021 0.199751 0.712999 123 92 52 
-0.151714 0.201215 0.730709 182 175 144 
-0.056931 0.201990 0.690653 129 113 74 
0.057604 0.203445 0.677248 117 122 58 
0.065171 0.207341 0.672908 116 118 63 
0.091048 0.207831 0.678953 141 152 104 
-0.109914 0.207458 0.702486 73 79 38 
-0.060694 0.207830 0.688140 65 73 27 
0.088770 0.209664 0.675797 121 138 88 
0.138130 0.215134 0.709243 85 103 37 
0.144167 0.215205 0.708799 155 169 88 
-0.120641 0.213421 0.704738 175 165 121 
0.029715 0.214923 0.685716 84 79 37 
0.181598 0.217889 0.714125 136 142 97 
-0.092502 0.215581 0.697348 169 159 124 
0.198593 0.220261 0.717972 160 170 100 
0.051516 0.219122 0.685632 45 57 28 
-0.137933 0.217976 0.671781 132 151 63 
-0.090262 0.219556 0.696267 140 116 75 
-0.032843 0.220166 0.691879 68 69 27 
0.045479 0.220937 0.684305 157 170 132 
0.011587 0.222538 0.687082 118 129 48 
0.071505 0.223480 0.690447 39 45 17 
-0.019109 0.224522 0.697270 101 94 46 
-0.135790 0.223773 0.671507 170 187 118 
0.175275 0.229954 0.716411 69 74 41 
-0.107897 0.227078 0.692433 165 156 117 
0.025488 0.228260 0.680677 81 92 54 
0.041303 0.228565 0.682672 59 68 30 
0.135849 0.230539 0.697748 79 89 46 
-0.120361 0.227940 0.673871 146 150 91 
-0.011437 0.230898 0.703971 72 72 33 
0.157989 0.233505 0.711749 91 98 53 
0.186165 0.234348 0.721059 153 151 82 
0.121212 0.234053 0.693683 97 87 52 
0.058994 0.234695 0.684644 84 95 37 
0.096601 0.235264 0.686169 96 108 60 
0.114054 0.237307 0.684291 91 80 49 
0.167210 0.240079 0.719899 98 85 55 
0.171876 0.240328 0.723126 121 113 79 
0.184799 0.240677 0.726263 121 111 64 
-0.077490 0.237337 0.692905 97 107 52 
-0.011860 0.239206 0.709833 132 119 94 
0.155462 0.241395 0.711035 50 55 31 
0.201703 0.242490 0.719350 109 122 71 
-0.112309 0.237642 0.673828 103 122 58 
-0.142285 0.240418 0.692381 196 184 150 
-0.092767 0.240702 0.687385 91 103 49 
0.133553 0.244359 0.700019 64 67 26 
0.008799 0.244910 0.701967 103 90 63 
0.199273 0.248446 0.719122 90 94 48 
-0.128568 0.245273 0.676225 116 117 79 
-0.032512 0.247129 0.685516 86 105 41 
-0.063457 0.249324 0.693826 122 107 63 
0.036833 0.251734 0.684460 88 76 41 
0.170767 0.257202 0.733237 106 83 49 
-0.118382 0.251060 0.675278 86 101 38 
0.028891 0.253780 0.687185 51 56 23 
0.133543 0.256382 0.703812 118 108 67 
0.108758 0.257849 0.679036 126 142 64 
-0.104659 0.258004 0.687203 152 135 95 
0.082198 0.260389 0.689711 102 105 60 
-0.013363 0.263649 0.695082 113 95 61 
0.185253 0.268818 0.725871 147 145 100 
0.022500 0.267136 0.706854 153 140 105 
-0.124343 0.264409 0.676231 151 162 85 
0.078942 0.268397 0.674638 119 136 66 
-0.130134 0.268101 0.675836 54 63 29 
0.008524 0.271703 0.695702 37 47 13 
0.119830 0.272905 0.695518 143 139 92 
0.131729 0.276342 0.727098 122 118 65 
0.166132 0.279001 0.748891 195 180 137 
-0.019136 0.272706 0.689843 129 108 74 
0.026497 0.274400 0.683307 112 129 58 
0.148955 0.282825 0.748047 205 199 172 
0.179695 0.284774 0.744249 209 202 173 
-0.099861 0.279572 0.706999 163 154 114 
0.112123 0.285599 0.739949 172 165 135 
0.172501 0.286194 0.739562 146 144 85 
-0.039901 0.281180 0.698589 98 103 62 
0.040149 0.280873 0.688813 173 160 135 
0.144520 0.288963 0.748444 196 187 160 
0.152875 0.291120 0.748669 214 206 180 
0.161162 0.291114 0.747899 221 215 192 
-0.017644 0.294772 0.727111 185 176 145 
-0.061384 0.296349 0.727212 178 165 131 
-0.030604 0.295883 0.706693 98 96 68 
0.025915 0.297125 0.711789 199 190 165 
0.107616 0.302134 0.742977 191 183 154 
0.122138 0.304260 0.742711 204 195 167 
0.107340 0.305989 0.741667 192 184 152 
-0.015499 0.306233 0.723537 192 184 155 
0.117385 0.309809 0.739572 192 185 156 
0.222673 -0.175660 0.865577 233 229 221 
0.220925 -0.172644 0.865000 216 214 195 
0.190876 -0.188549 0.850100 50 56 30 
0.211920 -0.162039 0.857067 191 193 160 
0.224384 -0.105402 0.821642 215 202 188 
0.196294 -0.169164 0.852191 188 194 157 
0.192290 -0.160679 0.843609 135 146 101 
0.188235 -0.150406 0.833277 55 72 36 
0.197673 -0.128004 0.825130 143 144 93 
0.186092 -0.145672 0.830444 138 151 100 
0.210363 -0.095551 0.816420 154 155 135 
0.180472 -0.149029 0.830423 99 107 54 
0.229333 -0.054823 0.808519 118 133 78 
0.175912 -0.152217 0.831608 65 71 29 
0.170575 -0.166823 0.842216 141 149 113 
0.205712 -0.080889 0.810077 117 131 63 
0.212449 -0.070079 0.813597 237 237 234 
0.154426 -0.188797 0.849394 205 201 167 
0.190748 -0.098516 0.815099 128 143 86 
0.164439 -0.150829 0.832196 107 115 78 
0.178979 -0.113291 0.821624 78 87 36 
0.167252 -0.129745 0.829633 116 120 65 
0.174068 -0.111577 0.822159 99 103 63 
0.179844 -0.079021 0.804339 133 144 90 
0.227366 -0.008020 0.808909 73 82 46 
0.166055 -0.099887 0.813482 143 161 84 
0.171611 -0.074932 0.802451 141 155 86 
0.127489 -0.170950 0.838706 114 128 74 
0.134854 -0.155297 0.834520 154 154 124 
0.187044 -0.023235 0.794281 153 164 121 
0.145831 -0.118757 0.833892 111 120 89 
0.116444 -0.158086 0.837028 216 203 176 
0.144930 -0.075918 0.801080 47 56 27 
0.162204 -0.039841 0.792347 144 150 87 
0.139054 -0.067755 0.798288 76 81 36 
0.094239 -0.196179 0.858059 79 86 36 
0.102234 -0.147046 0.827586 107 109 54 
0.124878 -0.079931 0.802266 68 78 34 
0.157174 -0.004720 0.789057 78 85 57 
0.115293 -0.074781 0.796348 118 130 49 
0.189050 0.034565 0.805685 100 109 83 
0.142165 -0.023290 0.793276 78 82 58 
0.207602 0.129058 0.748285 214 213 202 
0.217384 0.076725 0.819816 160 147 103 
0.192411 0.117395 0.745855 103 118 63 
0.098998 -0.091202 0.805178 123 115 82 
0.143025 -0.001688 0.788234 82 90 38 
0.144402 0.000672 0.788132 62 72 21 
0.204824 0.105143 0.788154 183 189 163 
0.104432 -0.055230 0.788129 121 126 61 
0.188884 0.134383 0.739000 126 139 77 
0.203485 0.154201 0.743225 127 139 73 
0.064469 -0.184227 0.854544 135 148 71 
0.089187 -0.087956 0.800199 113 132 75 
0.199544 0.154035 0.742258 143 153 90 
0.088503 -0.100652 0.816305 115 109 59 
0.091223 -0.073805 0.794310 127 118 95 
0.109222 -0.027937 0.788355 79 89 43 
0.112975 -0.022964 0.789668 73 81 43 
0.182143 0.105259 0.777689 107 115 90 
0.199820 0.180970 0.732113 88 95 52 
0.196629 0.095133 0.817345 219 216 195 
0.036931 -0.186968 0.834728 38 48 23 
0.060637 -0.136732 0.824663 93 103 54 
0.072726 -0.111422 0.819839 64 65 37 
0.067267 -0.071217 0.784770 93 104 61 
0.058541 -0.111330 0.814769 62 69 28 
0.107240 -0.002747 0.789831 34 39 13 
0.157301 0.091526 0.781611 225 221 197 
0.171790 0.167493 0.730355 114 125 80 
0.049240 -0.127671 0.819886 80 82 34 
0.055194 -0.114262 0.816738 93 99 55 
0.118999 0.020233 0.792248 172 170 135 
0.154625 0.132447 0.741219 63 79 26 
0.176641 0.188903 0.722657 128 143 74 
0.145730 0.113532 0.750106 84 95 35 
0.189834 0.223733 0.716062 55 57 18 
0.039170 -0.154732 0.839203 135 123 80 
0.051415 -0.085788 0.795861 97 101 46 
0.083645 -0.023190 0.789495 96 94 48 
0.159352 0.081440 0.817538 216 210 185 
0.139555 0.103781 0.759821 81 89 37 
0.101704 0.014220 0.788764 113 119 85 
0.137270 0.108023 0.756850 61 70 30 
0.148244 0.146025 0.737797 45 55 23 
0.177390 0.220244 0.714338 114 124 50 
0.100649 0.017310 0.788972 163 160 121 
0.019247 -0.191165 0.860134 211 207 174 
0.077448 -0.015620 0.785978 79 88 31 
0.085231 -0.003610 0.787769 41 49 23 
0.028146 -0.107090 0.795134 55 58 28 
0.016851 -0.156689 0.830214 88 92 47 
0.070238 -0.017046 0.784577 82 90 37 
0.012192 -0.141402 0.810779 44 51 24 
0.051005 -0.051821 0.790092 94 87 56 
0.052232 -0.049677 0.790146 71 69 34 
0.134256 0.146446 0.739418 116 108 73 
0.005470 -0.169735 0.832377 136 146 78 
0.118343 0.097455 0.766013 52 56 26 
0.124380 0.118952 0.760592 68 71 29 
0.125026 0.124486 0.756071 47 50 15 
0.112857 0.077848 0.787184 138 136 81 
-0.001667 -0.130313 0.797455 127 140 97 
0.013699 -0.082524 0.776892 149 160 103 
0.118526 0.078583 0.808547 217 210 175 
-0.009556 -0.164896 0.823347 73 79 43 
-0.006204 -0.157730 0.822281 43 51 25 
0.000293 -0.118890 0.794135 70 78 28 
0.052930 -0.014402 0.785819 70 78 37 
-0.005674 -0.143347 0.813160 72 78 38 
0.099071 0.083759 0.782952 194 188 158 
-0.010390 -0.148478 0.819289 83 97 59 
-0.011067 -0.138891 0.807862 139 125 90 
0.092100 0.091627 0.766751 104 115 60 
-0.018954 -0.131639 0.789628 140 159 99 
-0.017477 -0.124974 0.785494 128 145 81 
0.119143 0.200961 0.710150 53 56 16 
0.011707 -0.059936 0.779336 147 164 119 
0.100047 0.159216 0.722292 84 93 48 
-0.000018 -0.089942 0.792952 55 64 28 
0.014091 -0.049402 0.778045 112 126 71 
0.028377 -0.023720 0.779280 63 75 35 
-0.019829 -0.147331 0.819404 118 129 71 
0.015904 -0.037443 0.774145 90 103 56 
0.046397 0.011838 0.788449 109 110 52 
0.147655 0.284284 0.702287 197 191 160 
-0.035685 -0.182028 0.834471 85 93 56 
0.093275 0.150870 0.740581 62 66 29 
0.097929 0.189813 0.708336 71 79 39 
-0.039717 -0.191308 0.841235 216 209 180 
0.047865 0.023105 0.790559 133 140 69 
0.088735 0.143352 0.745211 80 80 33 
0.088814 0.167452 0.719474 83 82 35 
0.140990 0.290380 0.694450 91 102 66 
-0.041171 -0.198705 0.851291 84 91 49 
0.092216 0.194827 0.702816 101 107 67 
-0.029407 -0.118051 0.793736 67 50 19 
-0.000750 -0.066781 0.797958 115 108 88 
-0.045543 -0.193858 0.847220 58 66 29 
0.004435 -0.032731 0.777283 91 103 61 
0.073613 0.069893 0.811015 168 155 108 
0.079165 0.083703 0.807679 209 199 163 
0.059387 0.106184 0.741853 60 72 33 
0.067920 0.128313 0.735747 126 130 95 
0.093475 0.221351 0.688441 87 92 33 
0.097026 0.229216 0.687356 93 102 72 
0.000363 -0.040835 0.782897 75 74 28 
0.032694 0.015862 0.789489 122 119 69 
0.057092 0.111500 0.736993 143 129 101 
0.073417 0.166369 0.711790 90 112 47 
0.096690 0.236252 0.684924 195 191 164 
-0.050067 -0.198916 0.853527 109 121 75 
-0.048305 -0.182348 0.839204 169 162 127 
0.022378 0.007164 0.782769 118 126 69 
0.032059 0.025543 0.783303 199 194 162 
0.069144 0.079978 0.802765 214 203 171 
0.053973 0.111479 0.736162 98 103 51 
0.074395 0.166585 0.719473 113 110 78 
0.070576 0.174168 0.703086 116 122 68 
-0.006612 -0.042339 0.780515 79 76 36 
-0.007602 -0.035071 0.770445 161 178 102 
0.009068 -0.009354 0.778000 58 72 27 
0.054222 0.064134 0.794276 194 183 143 
0.047966 0.093707 0.748534 62 68 37 
0.077673 0.202788 0.692810 102 119 65 
-0.013851 -0.050290 0.779070 80 86 35 
0.074186 0.194672 0.700110 58 69 29 
0.071149 0.194576 0.699572 73 84 41 
-0.015317 -0.035351 0.770257 146 163 91 
-0.009367 -0.023097 0.769743 83 81 41 
0.039700 0.086668 0.755884 125 122 72 
-0.022455 -0.075831 0.804817 82 83 42 
-0.046895 -0.123934 0.809571 62 62 25 
0.014550 0.027000 0.778247 112 124 46 
0.092297 0.262510 0.689145 70 74 39 
-0.027309 -0.071572 0.800379 69 79 42 
0.038126 0.117197 0.736275 79 77 31 
0.030002 0.091745 0.752414 109 119 91 
-0.066296 -0.175479 0.839709 76 82 48 
-0.057351 -0.138694 0.818742 131 123 94 
0.024835 0.076249 0.764076 149 136 88 
0.028259 0.088079 0.758575 96 104 53 
0.061203 0.210446 0.696058 100 110 50 
-0.054315 -0.120892 0.811097 51 52 26 
-0.046181 -0.087139 0.791704 85 97 60 
0.029932 0.111703 0.741874 148 132 107 
0.028820 0.119913 0.730096 145 167 83 
0.042379 0.170369 0.704306 83 96 40 
-0.057322 -0.125162 0.814490 102 93 65 
-0.056140 -0.098687 0.787328 110 119 60 
0.045584 0.166815 0.721753 74 68 33 
0.040183 0.169475 0.706323 46 54 14 
0.061112 0.224798 0.692042 41 49 22 
-0.070957 -0.157179 0.824658 107 126 68 
0.007602 0.048980 0.773332 99 109 41 
0.024827 0.112377 0.741475 143 132 102 
-0.042779 -0.068810 0.795545 65 69 36 
-0.040474 -0.058566 0.789289 103 116 60 
-0.015888 0.005105 0.774374 42 52 17 
0.023614 0.140178 0.719233 39 48 16 
0.034173 0.166939 0.719790 84 91 46 
0.050881 0.233051 0.690115 113 117 73 
-0.001459 0.048836 0.782691 156 154 107 
0.072510 0.289917 0.689747 55 67 21 
-0.088161 -0.179446 0.848118 91 102 56 
-0.091226 -0.169027 0.828546 79 87 44 
-0.053867 -0.049189 0.780877 110 130 57 
-0.021844 0.017788 0.781466 121 122 68 
0.021195 0.174134 0.705341 76 87 47 
0.023487 0.191983 0.696538 85 88 35 
-0.077582 -0.113671 0.809049 110 115 60 
-0.071377 -0.087129 0.793450 48 52 26 
-0.039565 0.000292 0.776339 71 79 29 
0.016220 0.175863 0.710076 130 148 97 
-0.087245 -0.144766 0.832901 93 96 52 
-0.004534 0.117310 0.733097 85 94 36 
-0.085156 -0.135125 0.832693 72 76 34 
-0.083523 -0.123803 0.823475 93 97 46 
-0.064655 -0.053770 0.788727 90 78 49 
-0.013524 0.098401 0.745318 76 81 44 
0.012687 0.190508 0.703285 70 75 32 
-0.102634 -0.196636 0.872699 123 121 77 
-0.100963 -0.169363 0.844578 118 124 74 
-0.074577 -0.070319 0.794875 83 94 54 
-0.009836 0.093513 0.767084 103 96 76 
0.009948 0.173275 0.723275 84 74 35 
-0.105970 -0.197632 0.871219 165 164 126 
-0.088822 -0.135394 0.841523 101 75 44 
-0.078598 -0.076586 0.797916 132 124 95 
-0.039153 0.025556 0.778574 86 92 54 
0.006937 0.162859 0.734547 130 118 88 
0.013315 0.206644 0.698867 74 81 46 
-0.010963 0.060411 0.817107 163 156 117 
-0.018658 0.065471 0.790874 138 137 86 
-0.107082 -0.193125 0.881100 151 149 108 
-0.094678 -0.124113 0.836971 82 84 55 
-0.006932 0.164383 0.722924 131 123 93 
-0.077812 -0.032501 0.777392 94 103 56 
-0.028373 0.098167 0.752234 125 120 85 
-0.029411 0.111504 0.733196 117 109 62 
-0.017586 0.133869 0.737994 95 86 46 
-0.007843 0.173251 0.716451 43 43 29 
-0.095773 -0.079712 0.792294 98 109 68 
-0.035438 0.081471 0.760061 46 52 20 
-0.092954 -0.066280 0.795973 56 60 29 
0.008937 0.246286 0.693765 164 158 123 
-0.105147 -0.119309 0.833745 61 70 34 
-0.080166 -0.015038 0.774710 98 101 47 
-0.055095 0.033200 0.785202 167 155 111 
-0.039386 0.113590 0.729757 64 77 31 
-0.016878 0.191396 0.696523 98 104 46 
-0.113610 -0.181721 0.893740 184 178 148 
-0.078238 -0.004646 0.773694 116 124 78 
-0.040043 0.091468 0.762107 76 88 45 
-0.042104 0.121747 0.718709 103 107 55 
-0.111520 -0.143329 0.858427 150 139 103 
-0.109700 -0.131897 0.849352 77 78 50 
-0.115697 -0.098703 0.790925 83 94 43 
-0.095485 -0.053839 0.792483 134 127 98 
-0.046561 0.117212 0.718416 83 82 43 
-0.035331 0.146091 0.714358 75 79 32 
-0.113090 -0.139376 0.855514 124 114 82 
-0.111297 -0.131061 0.850247 75 77 54 
-0.023245 0.196895 0.692287 127 143 78 
-0.100774 -0.063472 0.802298 130 121 90 
-0.046594 0.100089 0.753412 153 164 109 
-0.101807 -0.055098 0.795272 102 97 57 
-0.052934 0.104968 0.735778 55 67 32 
-0.052356 0.108265 0.733305 75 89 41 
-0.051042 0.124463 0.716692 76 75 34 
-0.127189 -0.152022 0.850049 53 64 32 
-0.071505 0.030826 0.782067 111 128 65 
-0.112994 -0.119807 0.857710 150 135 106 
-0.113832 -0.078465 0.802590 114 104 73 
-0.108270 -0.065372 0.802423 131 128 89 
-0.092176 -0.026693 0.800928 102 93 66 
-0.125396 -0.171070 0.892982 179 173 138 
-0.123871 -0.164303 0.888893 159 156 101 
-0.092645 -0.019278 0.796898 99 88 59 
-0.074634 0.037058 0.778759 103 120 50 
-0.055188 0.069227 0.795821 189 179 137 
-0.127975 -0.093872 0.792950 107 96 66 
-0.125232 -0.083841 0.794849 81 88 54 
-0.116273 -0.063327 0.795666 63 73 36 
-0.096539 -0.016553 0.795417 110 101 65 
-0.034069 0.211402 0.691561 25 33 9 
-0.077074 0.040458 0.788307 173 163 114 
-0.014063 0.273487 0.679885 93 104 65 
-0.122221 -0.068969 0.798114 163 155 137 
-0.073310 0.075615 0.761475 81 79 46 
-0.054328 0.100485 0.787925 146 131 92 
-0.138843 -0.176048 0.892967 200 191 161 
-0.138115 -0.174301 0.892959 201 191 160 
-0.128833 -0.137098 0.873327 148 135 103 
-0.131147 -0.103389 0.828857 126 108 73 
-0.081855 0.033373 0.804666 165 160 128 
-0.060145 0.148229 0.722248 37 45 15 
-0.142841 -0.133272 0.838028 111 111 62 
-0.136326 -0.090052 0.801715 69 81 44 
-0.073219 0.056103 0.809657 152 138 89 
-0.121986 -0.049002 0.800148 156 144 117 
-0.032274 0.256913 0.682562 112 117 74 
-0.130611 -0.070837 0.808374 97 90 53 
-0.129645 -0.057649 0.793930 80 89 43 
-0.082137 0.050300 0.804053 163 149 101 
-0.060342 0.192587 0.685080 90 102 47 
-0.140969 -0.146690 0.883144 190 176 139 
-0.138123 -0.136410 0.878686 186 176 146 
-0.072351 0.073121 0.813236 174 160 124 
-0.069194 0.145350 0.726843 68 64 28 
-0.118210 -0.022383 0.798369 91 90 67 
-0.094379 0.025945 0.812002 143 139 102 
-0.030979 0.265915 0.698377 142 140 89 
-0.088541 0.108712 0.727290 103 96 64 
-0.130982 -0.038655 0.792354 40 48 30 
-0.079697 0.081166 0.801970 191 184 153 
-0.074739 0.177828 0.687280 126 120 87 
-0.089470 0.102609 0.747602 145 125 89 
-0.090692 0.102619 0.743439 87 87 44 
-0.073460 0.164768 0.717043 116 114 87 
-0.137503 -0.048961 0.798858 138 125 93 
-0.115607 -0.006421 0.815479 50 50 28 
-0.114529 0.028841 0.770766 95 100 67 
-0.085099 0.103230 0.769479 167 146 104 
-0.034379 0.274888 0.707609 188 183 157 
-0.157744 -0.157875 0.886518 171 162 129 
-0.071610 0.201243 0.696800 65 65 32 
-0.155444 -0.119472 0.856438 150 144 110 
-0.140767 -0.035937 0.791704 140 124 91 
-0.140249 -0.030172 0.785492 109 114 72 
-0.169027 -0.160442 0.873176 174 166 133 
-0.142602 -0.035316 0.791845 162 145 112 
-0.165403 -0.148899 0.877559 176 167 135 
-0.145327 -0.043463 0.801130 97 91 60 
-0.128554 0.020701 0.778786 131 134 95 
-0.097076 0.079587 0.809610 184 180 150 
-0.096415 0.081653 0.809084 192 187 157 
-0.171487 -0.145332 0.865882 164 153 118 
-0.160731 -0.121609 0.871514 190 182 153 
-0.160652 -0.111242 0.857029 144 136 100 
-0.156376 -0.104696 0.863378 153 145 109 
-0.148652 -0.048766 0.812006 144 131 99 
-0.114416 0.084015 0.748329 103 107 74 
-0.078832 0.209830 0.699515 99 111 66 
-0.113352 0.052051 0.806134 192 182 145 
-0.115132 0.090941 0.743824 138 153 109 
-0.090144 0.170965 0.721689 117 106 76 
-0.088339 0.183175 0.710880 135 146 108 
-0.148319 -0.047337 0.827074 166 156 128 
-0.115990 0.079907 0.764642 36 38 24 
-0.118690 0.085870 0.745952 113 83 58 
-0.102196 0.141426 0.727589 129 112 89 
-0.089475 0.194022 0.707770 139 128 97 
-0.087702 0.198854 0.707468 97 87 51 
-0.154955 -0.074920 0.858379 146 140 106 
-0.172035 -0.111790 0.854983 167 159 128 
-0.120953 0.049379 0.815661 171 154 114 
-0.153594 -0.024014 0.805580 141 126 95 
-0.060683 0.290738 0.703362 194 190 161 
-0.111122 0.148642 0.724944 50 54 29 
-0.090184 0.194886 0.738752 93 82 51 
-0.068267 0.280418 0.698136 192 188 157 
-0.075102 0.270019 0.695732 210 207 181 
-0.173673 -0.079986 0.842747 173 168 148 
-0.159041 0.008447 0.768590 85 97 44 
-0.123494 0.092224 0.786407 87 101 58 
-0.126835 0.109643 0.746522 82 71 42 
-0.109350 0.166292 0.731962 49 45 24 
-0.101708 0.184821 0.744233 136 123 89 
-0.169062 -0.054841 0.840756 150 144 113 
-0.098471 0.198828 0.745632 91 79 52 
-0.170310 -0.048258 0.834261 171 162 135 
-0.128087 0.120529 0.751526 132 119 91 
-0.124382 0.142235 0.733648 65 69 44 
-0.110991 0.205241 0.701942 57 64 35 
-0.094917 0.267439 0.673729 153 154 117 
-0.136593 0.082541 0.802358 204 198 174 
-0.137767 0.108593 0.756369 113 106 64 
-0.112558 0.188615 0.740021 130 118 75 
-0.105103 0.233660 0.701619 84 92 47 
-0.106382 0.253813 0.664430 111 131 58 
-0.150283 0.040011 0.819275 184 177 145 
-0.127375 0.155423 0.737284 171 162 137 
-0.142830 0.115114 0.742477 130 137 88 
-0.112685 0.219811 0.709521 74 81 41 
-0.137151 0.108566 0.787863 168 157 123 
-0.142535 0.126701 0.734658 88 99 57 
-0.123570 0.198589 0.704514 91 104 47 
-0.134990 0.151975 0.737599 159 146 114 
-0.124192 0.190870 0.723819 79 89 47 
-0.142090 0.104631 0.791756 164 156 118 
-0.139755 0.115102 0.785453 149 140 101 
-0.133944 0.161370 0.736929 154 139 99 
-0.116441 0.248724 0.675292 53 61 27 
-0.118825 0.228824 0.706668 143 134 93 
-0.117789 0.254342 0.669708 77 85 45 
-0.117385 0.261873 0.669122 107 124 55 
-0.165655 0.054846 0.803657 173 158 127 
-0.166645 0.061436 0.798032 165 154 123 
-0.139090 0.184082 0.725438 80 86 56 
-0.152946 0.122234 0.772656 141 130 91 
-0.172769 0.069083 0.775374 120 120 94 
-0.149838 0.135833 0.775529 164 158 126 
-0.152462 0.161227 0.718948 152 140 107 
-0.153780 0.125214 0.784825 161 152 113 
-0.131833 0.249789 0.680735 171 163 127 
-0.123636 0.272666 0.682677 116 125 66 
-0.174129 0.075558 0.778105 85 87 63 
-0.175273 0.078200 0.778193 204 200 184 
-0.149358 0.157297 0.773785 166 160 128 
-0.130940 0.239978 0.724225 144 129 89 
-0.145443 0.226067 0.673450 142 162 67 
-0.162990 0.160398 0.718748 116 115 66 
-0.167346 0.124264 0.782578 177 168 138 
-0.158868 0.152109 0.778360 177 170 140 
-0.143482 0.224608 0.742685 170 161 132 
-0.144777 0.265806 0.660128 99 113 65 
-0.141710 0.248547 0.732710 140 120 79 
-0.136265 0.278378 0.708095 163 157 121 
-0.172563 0.143393 0.765020 185 180 160 
-0.138084 0.287321 0.705559 90 94 69 
-0.144847 0.263340 0.724112 170 160 124 
-0.156103 0.229853 0.746978 189 179 145 
-0.148832 0.262075 0.728411 152 143 104 
-0.161270 0.253036 0.735207 163 154 114 
-0.161027 0.267919 0.706210 80 83 52 
-0.150940 -0.166742 0.852368 187 190 154 
-0.103124 -0.187495 0.845343 192 199 150 
-0.097264 -0.186883 0.844833 241 242 231 
-0.131432 -0.141703 0.835786 208 215 184 
-0.094541 -0.095484 0.793760 165 182 105 
-0.057302 -0.193741 0.849961 126 141 75 
-0.165786 -0.024820 0.793456 153 172 83 
-0.087987 -0.086466 0.789435 104 121 52 
-0.065586 -0.110574 0.796922 102 123 43 
-0.051235 -0.162036 0.828084 92 103 52 
-0.134734 -0.060058 0.807836 215 218 187 
-0.060412 -0.110343 0.796787 125 145 67 
-0.040312 -0.191660 0.847921 187 194 124 
-0.077829 -0.080375 0.788454 180 182 128 
-0.035436 -0.183054 0.841381 158 174 108 
-0.107469 -0.055825 0.793027 123 135 67 
-0.029711 -0.182306 0.840505 194 207 136 
-0.025892 -0.190706 0.848320 191 201 165 
-0.059905 -0.084117 0.789777 120 132 69 
-0.076663 -0.061398 0.786864 92 99 30 
-0.117686 -0.015253 0.782267 204 206 169 
-0.102197 -0.026145 0.780061 100 114 60 
-0.078362 -0.044343 0.785152 144 147 68 
-0.006604 -0.101747 0.787330 102 120 35 
-0.166047 0.120554 0.724298 161 163 85 
-0.004089 -0.097550 0.785558 129 146 85 
0.011782 -0.119019 0.798768 148 149 68 
-0.084799 -0.008716 0.782627 215 213 186 
-0.156391 0.079823 0.766157 195 191 167 
-0.155361 0.077698 0.767163 118 119 92 
-0.022239 -0.066619 0.787690 86 94 40 
-0.099409 0.016186 0.780285 188 191 148 
-0.054826 -0.023070 0.779431 146 155 65 
0.021162 -0.145450 0.824776 177 199 128 
-0.140186 0.085798 0.756419 221 222 198 
-0.013184 -0.071378 0.792097 139 128 80 
0.032573 -0.189549 0.857057 147 160 107 
0.034204 -0.194153 0.859704 168 186 128 
-0.101191 0.025157 0.781662 176 179 119 
-0.080234 0.001398 0.785675 192 201 142 
-0.139698 0.113855 0.739772 246 246 238 
-0.142886 0.064235 0.784551 204 187 138 
-0.004413 -0.072902 0.797615 120 123 49 
0.046192 -0.177625 0.847667 182 189 142 
-0.128367 0.118952 0.734062 74 84 26 
0.002717 -0.076779 0.799034 52 64 19 
-0.125388 0.130445 0.725556 119 128 82 
-0.102142 0.098800 0.734427 203 207 174 
0.020092 -0.084158 0.795341 92 100 24 
0.022153 -0.085795 0.795120 144 145 91 
-0.160985 0.170318 0.723151 122 119 84 
-0.119061 0.127895 0.726450 87 95 36 
0.003645 -0.065164 0.795670 119 112 44 
0.039630 -0.114434 0.809618 72 86 19 
0.046837 -0.136197 0.822696 72 84 21 
0.055229 -0.165643 0.841473 174 183 112 
-0.104308 0.032261 0.801334 210 206 164 
-0.084730 0.023749 0.793033 184 189 139 
0.016765 -0.074090 0.796607 64 73 11 
0.013072 -0.060328 0.791290 175 187 120 
0.059125 -0.157108 0.838431 155 169 102 
-0.156394 0.172674 0.728858 211 212 196 
-0.075374 0.023132 0.793804 186 184 135 
-0.054579 0.008640 0.789597 93 105 42 
0.048729 -0.120619 0.818735 58 67 15 
0.050553 -0.127301 0.823094 44 56 10 
-0.105979 0.137431 0.722457 197 197 157 
-0.075059 0.095933 0.737303 86 101 50 
-0.064917 0.068046 0.753515 101 108 62 
0.015305 -0.036253 0.779404 69 82 30 
0.077584 -0.163814 0.840507 100 112 65 
-0.089226 0.042905 0.799573 224 217 177 
-0.135078 0.220037 0.684689 173 184 96 
-0.144814 0.204687 0.706394 178 184 114 
-0.068025 0.090869 0.743408 118 131 82 
0.014034 -0.027922 0.780445 90 102 28 
0.069476 -0.127573 0.826389 83 98 39 
0.073604 -0.138203 0.832390 70 80 16 
-0.113296 0.158305 0.728855 179 181 123 
-0.073179 0.113248 0.735292 205 205 194 
-0.065607 0.056101 0.779937 162 174 110 
-0.067977 0.104842 0.742168 51 61 9 
0.014411 -0.020377 0.784539 101 112 51 
0.095426 -0.153806 0.835431 178 185 143 
0.104892 -0.179827 0.850725 194 195 144 
0.113493 -0.185242 0.848287 118 131 78 
-0.095540 0.171751 0.709281 175 175 118 
-0.029090 0.017989 0.790887 146 154 89 
0.053182 -0.064567 0.794958 90 102 57 
0.071822 -0.102230 0.812931 114 122 58 
0.102890 -0.164645 0.842563 93 109 34 
-0.125973 0.260864 0.658697 171 184 92 
-0.045727 0.036296 0.792521 142 153 84 
0.084363 -0.127781 0.828962 152 152 98 
0.105366 -0.157506 0.837765 156 163 101 
0.063794 -0.063776 0.792517 166 184 128 
0.071060 -0.072650 0.794281 92 107 50 
-0.124752 0.255419 0.669861 159 184 105 
-0.070114 0.137549 0.729547 79 83 18 
0.105700 -0.138349 0.827598 175 199 115 
-0.059569 0.115731 0.744015 139 140 65 
0.118508 -0.161339 0.841119 190 193 141 
-0.056206 0.165836 0.698980 168 162 90 
0.014936 0.007884 0.781047 134 153 74 
-0.034623 0.073488 0.768425 185 183 137 
-0.000004 0.016893 0.789796 99 105 36 
0.028005 -0.016606 0.795787 121 115 56 
-0.121409 0.242343 0.693836 161 165 116 
0.029000 -0.007689 0.794333 75 88 40 
0.090233 -0.067577 0.794884 71 83 20 
0.106768 -0.099679 0.813518 86 93 36 
-0.026714 0.114800 0.738359 166 163 115 
-0.008153 0.088601 0.745950 82 89 54 
-0.015810 0.061712 0.777997 59 75 11 
0.111067 -0.085339 0.799987 169 181 108 
-0.062432 0.202910 0.692268 210 205 177 
0.067713 -0.038769 0.799695 63 75 18 
-0.038220 0.181472 0.693868 143 161 96 
-0.022391 0.128825 0.728810 131 141 69 
0.037285 0.007020 0.788447 116 114 55 
-0.109337 0.266839 0.682799 59 73 22 
-0.090779 0.240242 0.690724 68 74 31 
-0.025955 0.141277 0.724127 84 89 31 
0.053308 -0.018709 0.801756 99 107 43 
0.039024 0.011631 0.790199 104 93 40 
0.067506 -0.027149 0.800410 64 76 18 
0.123790 -0.102807 0.819661 99 117 65 
-0.043671 0.198199 0.694172 142 149 105 
0.002823 0.089670 0.753801 145 146 89 
0.039939 0.012876 0.792042 106 93 40 
0.127438 -0.102821 0.820052 203 192 157 
0.003622 0.092911 0.753795 133 141 75 
0.001528 0.070850 0.776830 213 202 161 
0.044637 -0.004613 0.808205 78 81 23 
-0.101063 0.266699 0.690482 159 168 98 
-0.076096 0.244106 0.688432 72 81 24 
-0.025382 0.189106 0.692998 147 164 90 
0.044885 -0.003527 0.810893 75 71 16 
0.135297 -0.078525 0.800656 50 60 8 
-0.051841 0.226877 0.689383 94 106 58 
0.139164 -0.089988 0.811752 129 128 89 
0.010879 0.126519 0.729765 64 70 14 
0.011274 0.124692 0.731154 147 119 68 
0.004162 0.103779 0.758307 162 149 92 
0.009693 0.096321 0.760186 226 215 180 
0.170615 -0.135485 0.829220 136 141 92 
-0.023111 0.202911 0.692304 168 177 109 
-0.009770 0.189892 0.691985 118 133 50 
-0.008190 0.186402 0.693844 150 163 89 
-0.010477 0.178097 0.704153 114 116 40 
0.051114 0.017229 0.800740 97 87 46 
-0.040105 0.224707 0.691399 191 182 125 
-0.022021 0.205873 0.692081 141 149 82 
0.011712 0.102809 0.759718 175 169 122 
0.106583 -0.015174 0.782033 105 127 49 
0.161511 -0.096101 0.807278 150 170 88 
-0.085969 0.268467 0.697489 158 153 82 
0.193372 -0.173190 0.855224 229 232 193 
0.033243 0.063549 0.784896 154 158 108 
0.169078 -0.095793 0.807001 182 199 110 
-0.097219 0.282189 0.703054 163 175 93 
-0.029729 0.226007 0.691194 146 133 69 
0.068125 0.003520 0.813403 81 94 30 
0.069929 0.001766 0.813335 98 114 54 
-0.064661 0.256090 0.700244 166 161 123 
0.056052 0.029923 0.803374 112 112 54 
0.127422 -0.020317 0.781507 131 124 85 
0.042773 0.131944 0.719205 103 121 32 
0.062549 0.027985 0.802780 112 114 47 
0.077238 0.005499 0.810325 147 159 97 
0.045556 0.127908 0.724166 155 180 88 
0.027621 0.038081 0.832271 145 140 97 
0.066770 0.027746 0.802762 145 159 87 
0.020867 0.051261 0.830208 174 166 117 
0.021168 0.046986 0.834194 167 159 107 
0.176793 -0.079828 0.802133 122 144 45 
0.177170 -0.081919 0.803847 95 117 28 
0.178761 -0.102017 0.822400 77 87 22 
-0.039550 0.252870 0.693497 144 156 91 
0.062359 0.035419 0.807686 99 79 40 
0.186650 -0.113928 0.830135 146 136 67 
0.010983 0.198375 0.700129 128 120 47 
0.011215 0.196708 0.701576 121 115 39 
0.013717 0.193158 0.702574 108 104 38 
0.064450 0.105168 0.739009 71 83 18 
0.076906 0.072607 0.759049 141 148 99 
0.112907 0.001098 0.794086 98 106 43 
0.136783 -0.006983 0.777495 114 136 50 
0.201855 -0.131317 0.835845 184 196 137 
-0.073389 0.286889 0.702072 92 97 52 
-0.010283 0.231730 0.692241 153 159 85 
0.058643 0.118799 0.735051 185 171 129 
0.063302 0.113552 0.735520 149 162 118 
-0.097182 0.302072 0.715618 201 196 157 
0.043999 0.176797 0.695098 175 184 128 
0.053365 0.132409 0.730552 74 87 31 
0.184905 -0.096545 0.825962 157 164 108 
0.205586 -0.128134 0.836467 203 213 151 
0.208568 -0.138676 0.844090 127 137 78 
0.201883 -0.155976 0.868769 198 196 143 
0.071281 0.109055 0.739383 110 122 57 
0.160013 -0.047904 0.806360 112 114 74 
0.207420 -0.146674 0.857422 143 145 97 
0.072697 0.113894 0.736753 77 91 25 
0.045423 0.046867 0.834737 173 166 116 
0.170818 -0.053889 0.804921 153 146 81 
0.181073 -0.065040 0.805477 106 105 42 
0.204377 -0.115755 0.832847 72 84 36 
0.087951 0.090550 0.748378 137 162 73 
0.052305 0.063664 0.814335 202 190 147 
0.081463 0.100421 0.749010 125 118 47 
0.059462 0.065701 0.808741 206 194 153 
0.099012 0.026779 0.806469 125 141 73 
0.151887 -0.013990 0.791747 121 126 74 
-0.066404 0.295135 0.710587 148 152 83 
0.149622 -0.011744 0.795771 96 82 28 
0.176306 -0.047332 0.803878 80 90 39 
0.109415 0.022672 0.807633 72 81 34 
0.196984 -0.073112 0.812161 135 146 72 
0.206723 -0.095746 0.825193 141 163 75 
-0.040330 0.282903 0.703080 176 171 113 
0.006292 0.242286 0.694484 141 123 80 
0.043990 0.199026 0.698471 59 73 9 
0.054814 0.180283 0.706255 97 109 58 
0.143268 -0.003476 0.801984 121 108 59 
0.211790 -0.136351 0.866190 223 216 178 
0.206628 -0.147551 0.883625 205 202 153 
0.079303 0.142157 0.723202 74 93 31 
0.147327 -0.005630 0.803775 138 141 76 
0.202904 -0.075830 0.816309 151 124 91 
-0.034449 0.283203 0.704382 164 161 98 
0.056780 0.192385 0.698960 180 166 139 
0.106879 0.084221 0.757698 92 104 49 
0.176048 -0.031495 0.803201 74 88 21 
0.191764 -0.049107 0.804349 82 94 44 
0.082479 0.146266 0.723024 95 109 33 
0.092563 0.129175 0.729894 120 130 63 
0.219216 -0.093313 0.828456 140 146 80 
-0.024065 0.280955 0.707359 152 149 89 
0.080324 0.175096 0.702345 88 113 34 
0.184445 -0.030417 0.804478 161 151 103 
0.205644 -0.063076 0.815426 142 156 87 
0.099676 0.137885 0.724119 147 164 85 
0.183863 -0.027740 0.806243 92 102 33 
0.213517 -0.074455 0.822656 123 140 56 
-0.037410 0.290425 0.720731 77 95 44 
0.102430 0.128917 0.734527 41 52 15 
0.103888 0.050639 0.817484 177 168 129 
0.162962 -0.010549 0.815701 149 137 103 
0.094276 0.171526 0.701629 139 157 86 
0.110576 0.107639 0.752130 144 112 54 
0.002895 0.267353 0.707434 163 135 88 
0.101852 0.153094 0.716725 106 125 47 
0.158708 0.008828 0.807791 88 102 45 
0.200455 -0.040674 0.813128 147 133 93 
0.219093 -0.074484 0.828279 147 136 78 
0.047993 0.245998 0.682034 85 102 48 
0.110869 0.149115 0.714389 80 101 24 
0.130614 0.078823 0.768209 146 145 98 
0.113049 0.053332 0.816725 191 187 148 
0.135751 0.031049 0.814502 165 156 111 
0.200153 -0.035047 0.815397 115 98 59 
0.214927 -0.063988 0.829786 161 147 106 
0.057696 0.239635 0.685343 104 115 53 
0.137058 0.079852 0.767530 114 128 64 
0.099472 0.175919 0.709966 88 91 35 
0.120496 0.149207 0.714454 150 164 104 
0.121264 0.147570 0.715351 148 161 106 
0.100117 0.183401 0.704769 28 37 8 
0.100540 0.180249 0.707771 36 47 14 
0.150900 0.034126 0.809944 180 174 136 
0.207291 -0.040928 0.825676 120 115 78 
0.104837 0.180873 0.709695 40 50 9 
0.108449 0.166373 0.721586 44 54 10 
0.145836 0.043167 0.814448 102 110 51 
0.149052 0.041774 0.812092 101 107 42 
0.087061 0.222284 0.688720 36 44 8 
0.127855 0.134186 0.738076 119 105 53 
0.173797 0.024042 0.805997 127 113 78 
0.069868 0.239966 0.693837 126 123 51 
0.092196 0.219867 0.689028 119 131 71 
0.186937 0.008106 0.812020 135 144 82 
0.192804 -0.021701 0.838563 157 147 89 
0.063039 0.254421 0.689871 42 57 23 
0.065816 0.250942 0.690377 149 151 95 
0.071941 0.240985 0.694095 143 138 68 
0.218286 -0.037272 0.828894 99 116 43 
0.158057 0.081613 0.772546 219 205 170 
0.135684 0.062771 0.826538 213 204 165 
0.136223 0.054833 0.834977 68 76 16 
0.195944 0.005078 0.816850 88 105 51 
0.125515 0.158454 0.733473 81 81 47 
0.153909 0.123557 0.737711 156 175 106 
0.169529 0.109101 0.734570 156 179 80 
0.162393 0.080591 0.776530 225 211 170 
0.137602 0.056140 0.836210 135 137 83 
0.194245 0.017671 0.808719 73 88 40 
0.068867 0.263214 0.688484 108 121 47 
0.104249 0.224600 0.688044 87 89 51 
0.121049 0.177495 0.721188 72 57 27 
0.155638 0.126388 0.736243 97 101 39 
0.191555 -0.013742 0.852800 128 106 55 
0.101902 0.233482 0.688631 167 185 143 
0.161605 0.125463 0.737686 175 162 118 
0.172941 0.117507 0.732316 155 179 69 
0.170474 0.039006 0.827334 134 131 77 
0.114354 0.215395 0.697646 98 94 40 
0.128705 0.195722 0.702057 187 196 153 
0.163098 0.128268 0.736490 169 159 112 
0.159794 0.046000 0.837465 172 171 131 
0.127342 0.200155 0.702605 122 110 68 
0.158491 0.149945 0.725012 133 137 71 
0.162869 0.092623 0.787201 201 193 148 
0.144229 0.173801 0.719605 72 81 28 
0.167506 0.088700 0.790025 172 170 104 
0.158457 0.160149 0.720970 97 108 39 
0.206561 0.026872 0.820426 150 164 98 
0.116230 0.227574 0.704984 106 111 44 
0.210919 0.012686 0.836046 161 182 99 
0.186110 0.118564 0.745933 53 60 23 
0.068437 0.293773 0.698325 228 219 188 
0.110132 0.237295 0.709830 58 70 28 
0.170305 0.077743 0.821585 216 205 161 
0.166387 0.161105 0.729462 53 63 24 
0.188283 0.132179 0.734570 131 150 58 
0.191129 0.088508 0.784122 127 139 79 
0.202213 0.029451 0.841111 192 190 149 
0.072425 0.295697 0.698988 171 170 114 
0.131545 0.218783 0.711215 87 66 33 
0.133474 0.217008 0.710711 103 94 52 
0.177232 0.065425 0.836249 215 202 159 
0.080609 0.288228 0.705345 205 196 154 
0.102601 0.244629 0.728428 95 80 39 
0.152611 0.190453 0.725050 127 116 73 
0.179939 0.092510 0.808109 212 208 177 
0.104611 0.270857 0.697217 171 168 122 
0.112560 0.241058 0.723103 106 119 65 
0.153196 0.193167 0.725057 114 100 59 
0.136999 0.227514 0.709427 88 104 43 
0.157674 0.190928 0.725691 86 88 46 
0.202016 0.126705 0.742708 87 104 33 
0.099456 0.254124 0.734287 122 105 60 
0.164677 0.183936 0.728649 59 69 18 
0.181392 0.161284 0.733083 63 66 21 
0.103006 0.274391 0.707944 179 172 134 
0.167479 0.181909 0.731407 106 118 65 
0.160764 0.200289 0.722122 100 111 50 
0.218696 0.048691 0.830305 75 92 32 
0.168018 0.190354 0.728419 104 100 49 
0.176061 0.177545 0.732952 110 103 56 
0.205446 0.124771 0.757158 97 109 30 
0.178813 0.178521 0.731917 116 109 66 
0.093332 0.300808 0.705967 124 131 73 
0.133229 0.243736 0.720084 74 64 30 
0.190810 0.163656 0.737502 119 126 59 
0.140455 0.240746 0.717501 81 72 35 
0.183599 0.181999 0.728857 164 181 90 
0.189248 0.170771 0.739258 69 59 34 
0.194712 0.159712 0.745405 122 124 44 
0.200360 0.154432 0.748093 91 85 20 
0.124750 0.262734 0.725944 101 93 52 
0.208803 0.118361 0.787038 135 150 71 
0.201147 0.098642 0.824769 223 215 180 
0.185089 0.205391 0.717379 166 181 111 
0.199172 0.177729 0.732251 127 131 102 
0.219405 0.137065 0.754845 174 178 129 
0.119483 0.272808 0.734470 116 107 59 
0.141263 0.253311 0.726382 123 108 60 
0.196511 0.192115 0.725910 89 101 33 
0.159408 0.243685 0.728687 85 86 32 
0.214188 0.155566 0.760570 91 85 39 
0.204799 0.195998 0.724928 166 182 90 
0.211868 0.173557 0.744228 65 78 26 
0.155161 0.251714 0.733774 111 113 51 
0.130920 0.273459 0.748257 150 139 84 
0.201015 0.206151 0.726008 133 124 87 
0.215548 0.149350 0.785531 125 125 72 
0.149983 0.263101 0.745391 109 107 50 
0.201420 0.218219 0.721948 96 85 27 
0.152767 0.262478 0.746379 116 128 62 
0.202245 0.220725 0.721535 134 130 75 
0.179049 0.244950 0.735952 134 124 85 
0.194255 0.237329 0.729956 104 102 54 
0.180914 0.264800 0.727665 100 108 54 
0.139834 0.301638 0.751932 221 213 178 
0.147574 0.288506 0.757420 196 187 148 
0.204646 0.242990 0.726743 144 154 97 
0.152609 0.306404 0.746915 220 214 185 
0.168814 0.299662 0.752409 219 210 179 
0.142404 -0.177536 0.837901 110 132 46 
0.150802 -0.160777 0.830170 102 112 36 
0.135699 -0.168285 0.836713 178 177 143 
0.158456 -0.150179 0.825138 218 213 176 
0.094745 -0.189929 0.857778 96 99 46 
0.086337 -0.183446 0.849937 159 161 120 
0.165798 -0.117462 0.818620 110 121 53 
0.044178 -0.163714 0.821411 217 216 188 
0.026089 -0.172487 0.828292 156 164 99 
0.028320 -0.169909 0.826036 106 116 49 
0.074008 -0.157124 0.832784 152 165 112 
0.031621 -0.161590 0.821374 56 66 21 
0.069207 -0.151824 0.827949 196 199 142 
0.119939 -0.128698 0.823598 90 101 52 
-0.040906 -0.188566 0.838437 116 125 79 
0.113394 -0.105439 0.807441 41 54 5 
0.199675 -0.073303 0.809607 128 136 67 
0.218625 -0.067419 0.816332 116 127 71 
0.166291 -0.077891 0.807318 115 131 75 
-0.093918 -0.200912 0.841521 191 181 140 
-0.066809 -0.198650 0.853027 236 237 230 
0.073353 -0.114626 0.812581 177 180 127 
0.127246 -0.082943 0.797892 98 103 47 
-0.004610 -0.137716 0.807087 166 177 132 
-0.093421 -0.188653 0.834529 158 163 102 
0.132231 -0.074004 0.797437 128 140 92 
0.032107 -0.110556 0.798551 128 134 75 
0.131100 -0.064189 0.796985 92 90 37 
-0.059725 -0.145891 0.812094 98 110 57 
0.157089 -0.056241 0.804819 145 139 72 
0.023485 -0.092737 0.787182 159 176 99 
0.015127 -0.092756 0.787204 90 102 41 
-0.037616 -0.111230 0.793656 231 229 198 
0.129188 -0.046015 0.793320 152 145 94 
-0.104860 -0.151149 0.818627 130 140 58 
-0.087303 -0.139294 0.811255 185 191 132 
0.055685 -0.074525 0.797916 119 125 82 
0.162641 -0.030747 0.794802 135 131 66 
-0.053993 -0.114046 0.798032 109 118 54 
0.003966 -0.085102 0.788609 123 127 71 
-0.141111 -0.195560 0.873646 206 201 154 
-0.064268 -0.108163 0.797890 154 158 107 
-0.004957 -0.075422 0.788178 88 101 51 
0.141382 -0.015939 0.784306 131 154 78 
0.014982 -0.060786 0.782572 108 114 48 
0.019696 -0.058554 0.781967 92 102 41 
0.072584 -0.045053 0.792716 122 122 71 
0.090967 -0.035191 0.788588 129 132 75 
0.100680 -0.025133 0.783846 77 85 39 
0.158321 -0.007917 0.791793 56 63 27 
-0.102256 -0.117890 0.810070 137 136 73 
0.040786 -0.041063 0.777394 135 152 78 
-0.073694 -0.097698 0.801054 47 58 16 
-0.037981 -0.075447 0.788088 42 54 11 
-0.023383 -0.070100 0.788593 127 119 77 
0.027751 -0.042631 0.776828 110 126 58 
-0.048598 -0.076590 0.788388 148 159 124 
0.055008 -0.035429 0.786967 44 55 18 
0.068523 -0.034489 0.793679 81 94 59 
-0.155364 -0.158809 0.862612 213 204 136 
0.033822 -0.029526 0.774626 101 102 57 
0.164051 0.006543 0.797473 43 55 28 
0.178281 0.008129 0.803682 148 148 113 
-0.119229 -0.101552 0.799534 85 87 38 
-0.035451 -0.056097 0.779027 77 85 39 
0.032941 -0.027205 0.775310 114 107 64 
-0.018077 -0.042411 0.772914 96 94 37 
0.164718 0.012042 0.799210 145 137 80 
0.178501 0.014299 0.804143 145 144 97 
-0.126705 -0.091338 0.793814 155 171 104 
-0.109675 -0.083975 0.792591 89 104 48 
-0.079007 -0.069152 0.792947 140 128 70 
0.086843 -0.003528 0.790819 63 75 38 
-0.165679 -0.137968 0.855626 206 207 168 
-0.088240 -0.063766 0.788525 158 144 100 
0.127040 0.004310 0.813788 111 95 52 
-0.096366 -0.063385 0.787834 76 80 34 
-0.045001 -0.033900 0.771983 157 162 102 
-0.004703 -0.019983 0.774793 113 109 48 
0.120310 0.006416 0.811259 111 98 53 
0.185920 0.032014 0.810970 156 162 112 
-0.041268 -0.029129 0.771509 131 122 78 
0.004378 -0.016008 0.779103 55 71 19 
-0.110128 -0.062362 0.787579 131 128 76 
0.073732 0.008540 0.788093 69 84 28 
0.145274 0.026213 0.804901 82 92 44 
0.142783 0.026327 0.808358 89 95 47 
-0.133408 -0.064510 0.786412 139 148 84 
0.017626 -0.000637 0.777241 119 128 70 
0.027640 0.001133 0.780814 50 57 16 
0.106272 0.018669 0.802694 77 87 35 
0.124213 0.013119 0.823887 104 93 57 
0.175272 0.042336 0.807856 186 188 134 
-0.143819 -0.065439 0.786370 196 191 153 
-0.022911 -0.015009 0.780160 105 100 50 
0.107589 0.022971 0.806862 106 112 62 
-0.135901 -0.055804 0.785611 93 105 39 
-0.091028 -0.031873 0.774250 85 97 37 
0.123603 0.032606 0.811696 113 93 58 
-0.074263 -0.017019 0.770111 132 143 81 
0.185247 0.078142 0.779164 89 99 48 
-0.156152 -0.069019 0.811203 220 216 185 
-0.172925 -0.083644 0.831190 205 201 169 
0.009996 0.011906 0.787106 80 79 34 
0.063826 0.027401 0.796514 97 96 32 
0.087851 0.036051 0.797638 136 136 72 
0.069528 0.033602 0.794820 110 105 46 
-0.122747 -0.028922 0.784590 87 94 54 
-0.073698 -0.004989 0.775563 129 128 63 
-0.031197 0.008223 0.781347 73 81 24 
0.166109 0.102809 0.748088 157 166 90 
0.020523 0.041890 0.761845 119 140 55 
0.022990 0.042239 0.762943 107 129 51 
0.025614 0.042184 0.764886 87 102 36 
0.161965 0.105358 0.745714 85 95 55 
0.189701 0.117393 0.743298 149 154 84 
-0.145964 -0.037082 0.794115 123 147 72 
0.106407 0.072012 0.772702 152 149 83 
0.152920 0.103320 0.748237 223 214 169 
-0.102527 -0.010322 0.786774 133 132 70 
0.079124 0.072413 0.763273 188 182 133 
0.093333 0.076582 0.765711 120 119 61 
0.125108 0.092761 0.758432 204 193 156 
-0.134260 -0.026949 0.800549 149 143 81 
-0.007683 0.021828 0.800624 139 154 94 
0.004550 0.033893 0.786897 113 123 44 
-0.073836 0.008055 0.784229 124 121 88 
0.056946 0.069162 0.764139 72 80 39 
-0.143080 -0.023634 0.799296 186 180 136 
-0.136017 -0.023751 0.804675 75 84 30 
-0.048871 0.019679 0.786046 155 174 102 
-0.024015 0.022286 0.799254 111 120 58 
0.004537 0.049428 0.768699 164 176 108 
0.093951 0.087121 0.762589 45 51 17 
0.161630 0.133585 0.729187 87 93 45 
-0.102114 0.004889 0.786402 70 77 34 
-0.050576 0.024257 0.787342 146 141 96 
0.033181 0.050331 0.799238 137 129 81 
0.060608 0.089863 0.743639 102 115 58 
0.119557 0.113092 0.742648 107 109 35 
0.033395 0.063229 0.780238 158 151 116 
0.192471 0.147011 0.736742 176 187 109 
0.209449 0.148503 0.746500 110 115 70 
-0.105497 0.014856 0.787389 77 88 18 
0.000026 0.061046 0.776398 94 94 49 
0.201063 0.157155 0.739456 147 160 80 
-0.141889 -0.005569 0.805968 169 158 111 
0.120156 0.141115 0.725562 49 59 23 
0.155311 0.152929 0.729004 137 143 103 
-0.072703 0.048009 0.769423 175 186 125 
-0.155813 -0.011794 0.832141 220 211 172 
0.169419 0.161963 0.732591 80 85 30 
-0.011455 0.094546 0.733781 106 110 65 
0.168182 0.164413 0.732096 78 83 29 
-0.110387 0.022420 0.822550 134 115 54 
-0.063735 0.067832 0.764731 143 156 92 
-0.018830 0.101396 0.730418 97 111 59 
0.099416 0.156044 0.711010 103 120 37 
-0.099365 0.032906 0.815655 130 150 93 
-0.085990 0.049476 0.791433 168 163 113 
-0.017454 0.104232 0.731191 139 148 99 
-0.153490 0.007337 0.832206 201 193 156 
-0.041171 0.083825 0.761005 64 71 20 
0.028139 0.125842 0.728128 164 187 94 
0.191409 0.188019 0.729208 103 113 56 
-0.002110 0.115544 0.731002 92 96 41 
0.032479 0.132814 0.722418 128 135 82 
0.163270 0.186100 0.721397 62 75 36 
0.197784 0.197987 0.724337 147 158 86 
-0.105713 0.056228 0.785276 162 154 107 
0.060656 0.151858 0.715892 122 133 85 
0.078411 0.160375 0.712171 76 79 32 
0.162067 0.188459 0.720922 132 138 100 
-0.144550 0.024616 0.828261 172 164 123 
0.153575 0.189365 0.717480 70 76 29 
0.105549 0.178840 0.705715 116 127 69 
0.186850 0.203309 0.720573 126 124 88 
0.068275 0.166249 0.707590 118 134 84 
0.168017 0.197639 0.722877 133 136 113 
0.177499 0.202330 0.720520 167 175 107 
0.028428 0.153376 0.707913 112 125 78 
0.075556 0.171571 0.707620 150 172 121 
0.130980 0.189737 0.714541 101 109 61 
0.018043 0.150057 0.712179 59 73 20 
0.036301 0.157767 0.710564 57 68 24 
0.038599 0.158141 0.711711 48 61 15 
0.174971 0.207034 0.719338 164 177 114 
-0.075241 0.110606 0.726484 98 100 39 
0.049890 0.165357 0.710936 88 93 43 
-0.058621 0.116741 0.733009 207 194 151 
0.158504 0.205820 0.719405 135 146 101 
-0.106349 0.101184 0.732778 63 76 34 
-0.043157 0.128507 0.725534 146 141 86 
0.094526 0.194696 0.694312 113 124 79 
-0.001736 0.152128 0.713439 137 156 84 
0.075739 0.186443 0.702567 128 112 66 
-0.094808 0.119374 0.724797 112 116 67 
0.028386 0.171732 0.712296 120 127 72 
0.182499 0.229528 0.715088 159 154 77 
0.092848 0.210690 0.683869 119 112 76 
0.000642 0.170073 0.708832 90 75 32 
0.152668 0.231952 0.705681 115 126 74 
0.194069 0.242512 0.718694 56 64 19 
-0.059236 0.156106 0.705193 127 109 55 
-0.057425 0.157864 0.702516 146 124 72 
0.118252 0.231569 0.685973 106 118 58 
-0.063573 0.154184 0.712125 108 99 43 
0.060728 0.211737 0.686608 120 135 58 
0.151910 0.238825 0.706224 115 109 62 
0.029275 0.192591 0.710951 60 66 18 
-0.131051 0.125468 0.732543 199 196 171 
-0.044896 0.167039 0.710190 117 114 46 
-0.158182 0.109136 0.754696 187 184 126 
-0.112892 0.137760 0.725243 135 135 92 
0.044088 0.209657 0.694135 118 131 86 
-0.160743 0.113281 0.748140 171 172 122 
-0.134587 0.130123 0.730165 104 108 52 
0.037584 0.205409 0.705069 118 106 58 
0.135468 0.245166 0.698780 128 112 65 
0.138309 0.245290 0.701294 136 116 71 
-0.146189 0.124060 0.741188 107 114 62 
-0.073460 0.161876 0.714586 104 90 42 
0.077410 0.227830 0.692415 57 64 24 
-0.013455 0.198944 0.683381 92 99 48 
0.087560 0.235072 0.689796 75 85 39 
-0.170291 0.124234 0.729784 204 201 169 
-0.138946 0.135000 0.732981 187 183 128 
-0.036374 0.188196 0.695129 122 112 78 
0.067022 0.226829 0.697282 44 49 18 
0.083761 0.235786 0.696796 96 81 44 
-0.045566 0.188317 0.698314 114 127 76 
0.170595 0.256348 0.737649 133 124 78 
0.192616 0.270940 0.720689 131 140 109 
-0.165613 0.136507 0.721658 206 203 174 
-0.083005 0.167247 0.723714 111 78 35 
0.037632 0.228874 0.686998 87 98 39 
-0.020269 0.205483 0.697337 138 127 78 
-0.035538 0.203976 0.691864 128 121 81 
0.001409 0.218761 0.689842 120 140 69 
0.080541 0.239426 0.716717 97 82 46 
0.095416 0.249110 0.705320 40 46 12 
0.098359 0.251471 0.701801 73 57 32 
-0.152177 0.149162 0.728375 146 155 99 
0.107616 0.257000 0.702874 131 140 81 
0.187326 0.270303 0.751677 160 160 112 
-0.115619 0.167683 0.722242 156 148 103 
0.095899 0.253658 0.706507 48 52 15 
0.158072 0.264767 0.742791 133 121 77 
0.043745 0.241856 0.689989 112 105 55 
0.139313 0.267676 0.720765 101 103 59 
-0.100693 0.178104 0.722707 136 124 64 
-0.090598 0.183237 0.718906 81 77 36 
-0.162596 0.159103 0.716447 217 215 188 
0.046837 0.246311 0.694089 112 98 62 
0.179395 0.275091 0.758411 155 150 104 
-0.137128 0.166977 0.729150 135 150 87 
0.059919 0.247671 0.711932 71 68 26 
0.115400 0.269007 0.711238 73 64 34 
0.125074 0.274338 0.713437 87 90 37 
0.173088 0.277770 0.758327 192 187 149 
0.031945 0.248687 0.690888 112 130 81 
0.014147 0.247687 0.687323 48 50 21 
0.138398 0.280444 0.732398 148 139 87 
-0.160565 0.174531 0.715850 192 190 154 
0.008691 0.250155 0.687454 37 41 17 
0.027110 0.255372 0.693112 44 52 10 
-0.008743 0.244391 0.692040 107 88 46 
0.024367 0.256593 0.693236 79 86 38 
0.089857 0.275069 0.713774 62 65 23 
0.096240 0.277004 0.715346 103 86 53 
0.152969 0.286467 0.754134 214 206 179 
-0.082873 0.216175 0.699705 99 96 38 
0.142613 0.287531 0.753984 199 191 155 
0.023929 0.263125 0.693836 123 128 61 
-0.120374 0.211528 0.690905 136 144 82 
0.036292 0.267765 0.701651 56 57 20 
-0.038450 0.246322 0.686080 95 96 48 
-0.139176 0.209237 0.689960 185 180 143 
-0.041392 0.248199 0.683570 95 90 38 
0.051951 0.275974 0.709626 112 128 66 
0.152063 0.305360 0.738949 195 189 155 
-0.081786 0.232638 0.692159 94 91 37 
-0.042429 0.250827 0.680896 115 108 50 
-0.004843 0.265694 0.678783 108 122 65 
0.051580 0.277515 0.711827 109 115 63 
-0.166381 0.190941 0.733638 175 172 139 
-0.033461 0.255880 0.682924 43 51 23 
0.061290 0.280186 0.723445 95 85 49 
0.077965 0.281086 0.742356 79 73 47 
-0.032335 0.258571 0.682821 48 58 24 
0.057069 0.282593 0.717610 100 94 56 
0.067084 0.281521 0.734773 67 54 28 
-0.103669 0.236585 0.672775 148 142 88 
0.021261 0.274388 0.715057 124 117 70 
-0.083608 0.244024 0.689382 35 40 19 
-0.141883 0.224371 0.688730 141 164 65 
0.075824 0.294051 0.735797 109 89 45 
-0.161385 0.207443 0.741558 172 168 135 
-0.087612 0.248866 0.690714 84 72 34 
0.019692 0.280410 0.724929 166 156 115 
0.041061 0.294074 0.703924 69 73 47 
-0.070422 0.254824 0.701314 124 111 62 
0.072606 0.304654 0.717733 152 145 100 
-0.078438 0.251769 0.710110 100 83 40 
-0.076492 0.252572 0.709850 116 102 53 
-0.026916 0.274050 0.699377 83 79 42 
-0.065783 0.266433 0.689116 137 145 87 
-0.013498 0.280858 0.710250 72 43 17 
0.021139 0.291818 0.718705 124 94 33 
-0.117916 0.253145 0.672259 80 89 38 
-0.111195 0.259086 0.667241 124 118 56 
-0.060200 0.274641 0.682312 29 40 7 
-0.094667 0.263116 0.685072 64 67 34 
-0.134884 0.251979 0.677294 133 144 74 
-0.019674 0.287559 0.729414 161 152 114 
-0.153654 0.241711 0.718826 181 173 137 
-0.116980 0.267529 0.676582 127 123 67 
-0.078672 0.276353 0.710941 61 71 33 
-0.021714 0.293014 0.732332 169 161 125 
-0.008377 0.298976 0.728239 153 147 104 
-0.064787 0.286596 0.698571 116 117 65 
-0.078291 0.281363 0.709139 75 80 45 
-0.165127 0.247775 0.723128 188 182 152 
-0.023665 0.307875 0.723281 186 182 153 
-0.117968 0.278351 0.726780 155 139 100 
-0.089260 0.291944 0.724101 171 162 131 
-0.074331 0.305760 0.716113 181 174 143 
-0.138974 0.282887 0.720056 177 170 142 
-0.114360 0.294023 0.721906 168 158 122 
-0.150455 0.286298 0.713748 161 155 123 
0.042786 0.282051 0.679166 159 152 136 
0.091595 0.256691 0.670998 154 156 124 
-0.044443 0.290607 0.687244 239 240 239 
0.000847 0.297737 0.695230 244 243 235 
0.075688 0.247288 0.676090 147 155 125 
0.069802 0.254792 0.679280 135 145 100 
0.108719 0.242409 0.681970 103 118 58 
0.050128 0.258734 0.690043 63 70 30 
-0.150493 0.241520 0.690075 131 151 61 
0.000369 0.251150 0.693799 116 120 74 
-0.060510 0.244406 0.692276 49 61 24 
0.015896 0.237198 0.690444 88 92 58 
-0.059145 0.236269 0.691715 111 122 79 
0.095837 0.226235 0.686841 114 123 77 
0.011499 0.226315 0.691660 97 118 59 
-0.114795 0.219897 0.691760 183 184 151 
-0.148450 0.228417 0.699164 160 167 125 
0.042791 0.212081 0.690481 98 113 70 
0.034524 0.213856 0.691453 107 119 65 
-0.067932 0.191637 0.689768 101 117 48 
0.171048 0.262207 0.721452 219 217 192 
0.160183 0.270220 0.725335 205 206 171 
0.148980 0.273121 0.726919 200 198 162 
0.086160 0.206163 0.698249 152 168 118 
0.049198 0.198631 0.695758 46 56 22 
-0.088715 0.185524 0.693231 111 128 66 
-0.119985 0.200910 0.700941 106 115 41 
0.075708 0.201766 0.699379 69 84 35 
0.107655 0.206155 0.703451 122 131 79 
0.099745 0.202029 0.701762 149 146 105 
0.065343 0.196693 0.700187 150 151 96 
-0.049209 0.188859 0.699484 118 129 79 
-0.102927 0.185876 0.699471 62 74 31 
0.086850 0.193291 0.703793 109 121 67 
0.044679 0.187852 0.702357 157 172 106 
0.121301 0.200780 0.709257 170 171 141 
-0.047972 0.179496 0.703732 112 122 81 
-0.141571 0.182173 0.710328 46 56 28 
0.116242 0.190652 0.710387 72 82 32 
0.005842 0.176207 0.706496 96 104 42 
-0.088967 0.167767 0.705030 126 119 61 
-0.033948 0.173500 0.709144 91 89 51 
-0.054777 0.170152 0.708111 60 70 27 
0.199627 0.208895 0.725552 153 164 93 
-0.152363 0.185680 0.724051 210 209 180 
-0.079608 0.156975 0.713919 126 138 84 
0.169780 0.188923 0.725416 138 143 93 
-0.045780 0.160419 0.717528 107 118 51 
-0.090270 0.155666 0.716455 141 137 87 
0.130097 0.172313 0.721243 132 142 90 
-0.151666 0.169632 0.728028 227 223 199 
0.109420 0.160682 0.718926 78 90 32 
-0.109635 0.155478 0.722707 118 127 85 
0.078241 0.160202 0.722462 137 148 90 
-0.044001 0.148349 0.720109 71 81 29 
-0.103293 0.150787 0.723077 128 131 84 
-0.106219 0.151676 0.723609 123 120 75 
0.177411 0.171769 0.728234 128 140 75 
-0.027245 0.141501 0.721887 100 100 52 
-0.067476 0.144370 0.724554 114 103 55 
0.102332 0.142803 0.721488 119 142 83 
0.028018 0.137339 0.720948 88 112 32 
0.204921 0.181844 0.741289 119 126 84 
0.094837 0.138404 0.722294 45 57 15 
0.084295 0.144991 0.726009 51 60 11 
0.057895 0.151526 0.730185 80 72 28 
-0.105332 0.143925 0.731277 105 123 68 
0.033396 0.134402 0.724963 117 142 54 
-0.018671 0.134746 0.726754 115 127 54 
-0.074892 0.138793 0.730595 100 99 41 
-0.141740 0.156013 0.741592 157 158 118 
-0.061118 0.135539 0.731370 109 101 57 
0.201758 0.167752 0.742865 99 116 33 
0.174404 0.145569 0.732084 90 100 45 
0.100181 0.136529 0.729687 89 88 36 
0.179642 0.144854 0.734406 184 193 121 
0.143864 0.139515 0.735594 77 89 37 
0.087512 0.134567 0.734782 135 124 98 
-0.027940 0.124417 0.733112 93 94 45 
-0.049921 0.129601 0.736577 120 111 60 
0.000234 0.126619 0.736252 100 99 43 
0.087880 0.128575 0.740185 101 110 60 
0.085352 0.127681 0.739785 104 118 65 
-0.044260 0.124775 0.742519 126 116 74 
-0.065603 0.125794 0.743780 78 85 38 
0.055542 0.114107 0.736269 62 75 33 
-0.006766 0.118928 0.740989 59 64 31 
-0.160013 0.151770 0.764037 134 144 79 
0.093216 0.125530 0.744116 94 89 47 
-0.009071 0.116261 0.742499 87 98 62 
0.080836 0.117080 0.742770 63 72 27 
0.031963 0.118491 0.745222 54 62 24 
0.011443 0.116360 0.747647 72 86 38 
0.008847 0.116378 0.747747 58 71 20 
0.088600 0.116974 0.751105 120 117 72 
0.009340 0.111346 0.750731 60 66 23 
0.116711 0.120321 0.754905 76 76 40 
-0.173968 0.136349 0.774306 220 220 193 
0.185408 0.120414 0.755412 94 101 48 
0.104009 0.118897 0.757469 81 91 40 
0.083806 0.111422 0.753939 113 102 66 
0.209848 0.135897 0.766301 95 107 39 
0.204412 0.132580 0.764598 98 117 53 
-0.013477 0.105577 0.757023 114 126 55 
-0.080818 0.113400 0.763942 92 83 48 
-0.170829 0.140963 0.782988 213 213 189 
-0.131084 0.093192 0.757115 176 176 126 
-0.141996 0.102468 0.762860 119 123 89 
0.054563 0.092930 0.753053 62 74 28 
-0.047443 0.116772 0.770638 182 197 135 
0.213044 0.134713 0.774410 152 159 122 
0.162499 0.102940 0.757758 114 111 66 
0.008297 0.095969 0.759432 113 130 68 
-0.161441 0.134333 0.788128 203 196 169 
0.210390 0.131410 0.775559 114 123 65 
0.142440 0.096283 0.757498 96 103 53 
0.025478 0.101724 0.765085 56 51 30 
-0.166789 0.132428 0.790325 213 210 181 
0.132801 0.097133 0.767067 93 98 45 
-0.049221 0.107588 0.780339 101 118 62 
0.036078 0.096944 0.773643 88 110 36 
0.033242 0.099278 0.775156 81 86 26 
0.018630 0.072656 0.759722 181 175 132 
-0.028588 0.094657 0.777766 155 139 87 
0.123120 0.090482 0.775140 123 129 64 
0.110541 0.088413 0.774376 58 74 30 
0.063493 0.073867 0.767356 53 65 22 
0.176355 0.094989 0.781664 155 162 87 
0.049485 0.089259 0.783276 135 122 86 
-0.000301 0.060995 0.767798 144 136 79 
0.080238 0.088822 0.784729 117 104 66 
0.131105 0.089417 0.785982 96 99 54 
0.128672 0.087716 0.787991 92 102 45 
0.018917 0.084428 0.790499 117 87 39 
0.216468 0.132563 0.815713 221 222 202 
0.147282 0.110870 0.807947 156 145 111 
0.021133 0.066087 0.784743 119 118 68 
-0.049878 0.075149 0.793536 138 144 100 
-0.108493 0.060251 0.786523 221 216 190 
0.181114 0.110277 0.809204 125 121 86 
0.015534 0.051013 0.778278 80 82 47 
-0.118681 0.034176 0.773222 214 218 173 
-0.168046 0.050507 0.785810 199 196 167 
0.116415 0.080560 0.795907 84 81 35 
-0.060646 0.042007 0.778675 87 97 35 
0.073370 0.077087 0.798533 155 143 98 
-0.026349 0.044362 0.784567 116 108 58 
-0.064112 0.033674 0.779248 150 158 76 
-0.145916 0.036115 0.784431 233 229 204 
-0.155905 0.042355 0.788943 206 196 159 
0.062272 0.055463 0.790876 137 150 90 
0.003224 0.031043 0.777457 104 117 52 
-0.132125 0.024672 0.779263 110 119 54 
-0.149397 0.037519 0.788462 215 203 161 
0.197815 0.111062 0.824505 229 228 198 
0.067791 0.048193 0.788792 185 170 133 
-0.080043 0.025624 0.780485 232 226 200 
-0.098921 0.021797 0.778800 227 223 195 
-0.135181 0.025094 0.782595 152 155 65 
0.224366 0.093195 0.814580 207 207 180 
0.192475 0.106678 0.824969 209 203 168 
0.179214 0.102564 0.822833 174 168 122 
0.163275 0.087632 0.819786 212 200 170 
0.131835 0.031419 0.783459 154 178 109 
-0.070892 0.007037 0.776347 95 107 70 
-0.103098 0.007937 0.778424 124 145 72 
0.081803 0.020301 0.781141 88 96 36 
0.010627 0.011157 0.778243 138 160 101 
-0.034284 0.005679 0.776612 154 164 105 
0.054342 0.030792 0.792420 220 212 172 
0.080082 0.009360 0.779503 218 211 182 
-0.005824 -0.006447 0.772723 221 211 182 
-0.076305 -0.011529 0.772551 94 101 39 
0.053315 0.015124 0.787582 176 171 86 
-0.019530 -0.010135 0.773659 119 129 59 
0.173063 0.027897 0.793609 231 226 208 
0.066300 0.003022 0.781495 187 179 140 
-0.120347 0.002310 0.789883 167 155 95 
0.038715 -0.005496 0.779751 157 165 118 
0.009321 -0.014424 0.774954 87 99 48 
-0.115990 -0.004357 0.787961 188 176 124 
-0.154849 0.013203 0.802032 173 172 123 
-0.003806 -0.020795 0.773952 80 91 32 
-0.053123 -0.021757 0.775663 120 130 66 
0.139498 0.002786 0.789216 86 97 31 
0.130112 0.001041 0.788443 145 152 96 
0.055884 -0.013555 0.781767 99 102 52 
0.174786 0.005216 0.792066 116 128 48 
0.153575 0.000836 0.790001 95 102 50 
-0.088230 -0.027972 0.784325 75 79 33 
-0.090721 -0.027656 0.784675 96 105 38 
-0.031553 -0.037891 0.777200 87 105 39 
-0.155888 -0.022875 0.794244 122 131 78 
0.158254 -0.008205 0.791857 115 116 73 
0.114184 -0.013359 0.790361 151 143 75 
0.082133 -0.023005 0.785009 156 167 104 
-0.060405 -0.044498 0.776686 157 179 114 
-0.157082 -0.027103 0.794158 204 205 181 
0.105220 -0.023712 0.786146 150 143 86 
0.075699 -0.030194 0.785753 105 115 62 
-0.047959 -0.049568 0.777945 104 116 70 
0.046767 -0.040097 0.782795 103 124 47 
0.035915 -0.044748 0.779937 75 91 50 
-0.089150 -0.037817 0.791511 55 60 18 
-0.107054 -0.034308 0.795019 211 203 167 
-0.159925 -0.041229 0.792669 185 189 160 
-0.164328 -0.036531 0.796351 145 154 115 
0.181600 -0.013868 0.797954 146 152 84 
-0.018217 -0.050321 0.781432 89 103 42 
-0.053118 -0.058147 0.777468 115 141 52 
-0.062219 -0.058498 0.777683 117 146 52 
-0.131758 -0.046671 0.790057 211 205 173 
0.023048 -0.051684 0.781049 80 94 38 
-0.018112 -0.051679 0.783216 104 116 57 
0.130843 -0.029325 0.794840 131 139 86 
-0.102452 -0.044005 0.796226 158 137 87 
-0.146092 -0.054769 0.790492 215 215 195 
0.144597 -0.030786 0.795856 137 146 71 
-0.107816 -0.060131 0.795782 88 98 37 
-0.150233 -0.060584 0.797751 147 158 100 
0.124410 -0.052944 0.791395 160 174 83 
0.040328 -0.066172 0.785854 161 156 123 
-0.082030 -0.068520 0.790777 138 129 89 
0.216375 -0.025619 0.810220 146 154 124 
0.079821 -0.057273 0.793327 89 85 35 
0.052014 -0.071691 0.786493 66 78 37 
-0.021874 -0.072737 0.789803 42 53 18 
-0.118164 -0.073424 0.794642 128 120 87 
-0.010787 -0.072472 0.792190 90 77 50 
-0.141853 -0.067946 0.803092 171 168 127 
0.213656 -0.034983 0.811739 187 197 167 
0.115863 -0.060952 0.796879 74 80 39 
0.098081 -0.062658 0.796545 68 72 29 
0.089138 -0.062499 0.797176 81 81 32 
-0.005575 -0.076706 0.791381 47 62 29 
-0.040897 -0.080169 0.790660 58 71 36 
0.025017 -0.086684 0.784558 80 89 45 
0.102695 -0.064581 0.800402 56 63 21 
-0.113673 -0.083365 0.797915 94 100 40 
0.158118 -0.065137 0.799582 132 130 80 
0.151463 -0.066519 0.798864 157 172 78 
-0.122487 -0.085532 0.799534 151 175 97 
-0.133270 -0.081767 0.803163 86 101 46 
0.008164 -0.093379 0.788468 120 130 42 
-0.019800 -0.096847 0.787313 121 136 83 
-0.023451 -0.100095 0.784919 103 120 70 
-0.084426 -0.090308 0.796327 140 123 81 
0.109912 -0.078411 0.800142 136 146 87 
0.092304 -0.078453 0.801149 122 131 75 
-0.088539 -0.093601 0.799547 85 86 40 
0.035806 -0.088959 0.798759 93 99 67 
-0.036195 -0.104671 0.790229 60 70 40 
-0.088922 -0.101097 0.799088 68 83 26 
0.059732 -0.086531 0.804942 109 113 79 
0.021706 -0.099065 0.796902 127 137 87 
0.224736 -0.054661 0.824160 147 156 103 
0.205971 -0.062343 0.818932 105 128 48 
0.212787 -0.062721 0.821087 110 131 53 
0.077207 -0.084172 0.814363 88 87 42 
-0.032830 -0.121996 0.789454 132 158 81 
-0.153212 -0.093986 0.820345 143 159 94 
-0.159987 -0.089373 0.824628 139 158 87 
0.145408 -0.088217 0.809588 146 137 107 
-0.011161 -0.123164 0.789868 123 140 97 
-0.143816 -0.100523 0.817176 154 156 102 
0.216512 -0.073031 0.820834 126 144 60 
0.193994 -0.079043 0.817150 179 177 138 
-0.099829 -0.114392 0.805580 106 122 75 
0.064476 -0.091932 0.817190 84 104 50 
-0.069258 -0.113015 0.807657 77 94 33 
-0.144217 -0.101724 0.821990 163 168 112 
0.209470 -0.080522 0.820637 102 124 68 
-0.020495 -0.131628 0.791467 136 160 90 
-0.062270 -0.114904 0.808430 153 163 101 
0.222839 -0.079728 0.823337 128 139 86 
0.101977 -0.089686 0.822482 101 109 76 
-0.013064 -0.128434 0.799240 108 99 58 
-0.106049 -0.119809 0.812677 101 107 58 
0.006282 -0.118226 0.809638 48 56 31 
-0.019438 -0.129711 0.801314 144 131 94 
-0.115840 -0.118887 0.816964 77 85 48 
0.026845 -0.111413 0.817077 48 60 19 
0.020735 -0.115016 0.817165 66 64 24 
-0.115124 -0.122720 0.819304 110 110 50 
0.130844 -0.108993 0.818069 124 116 80 
-0.041573 -0.130813 0.810174 109 131 58 
-0.111889 -0.126191 0.818901 119 115 63 
0.037159 -0.123912 0.813888 107 101 52 
-0.050507 -0.131129 0.813305 114 136 63 
0.217936 -0.096158 0.829398 184 184 156 
-0.029680 -0.136337 0.810092 83 100 44 
0.192970 -0.109921 0.821612 138 141 101 
-0.093179 -0.137215 0.816392 78 94 47 
0.152318 -0.118556 0.819422 98 115 58 
-0.092197 -0.141813 0.817856 60 75 31 
-0.132444 -0.120230 0.840184 166 175 107 
0.171800 -0.118695 0.826482 149 141 108 
-0.153519 -0.116840 0.850697 121 126 68 
0.180249 -0.120635 0.826965 128 121 68 
0.167450 -0.125021 0.826657 71 78 35 
0.074546 -0.136221 0.822797 92 91 50 
0.052548 -0.130606 0.829541 41 51 16 
0.031274 -0.146589 0.816228 89 111 41 
-0.068131 -0.138749 0.830461 134 124 83 
0.165271 -0.128476 0.826447 54 60 23 
0.131534 -0.131811 0.825722 94 111 52 
-0.014563 -0.151991 0.817245 81 96 44 
-0.046134 -0.146815 0.824294 108 114 85 
-0.048528 -0.146093 0.825135 132 129 102 
-0.169426 -0.106518 0.870523 209 207 180 
0.121085 -0.136164 0.825240 100 100 52 
-0.138439 -0.133877 0.845824 125 138 75 
0.140217 -0.130351 0.832186 136 132 88 
0.112808 -0.140445 0.824648 152 149 122 
0.020273 -0.146593 0.825482 64 78 38 
-0.019687 -0.158748 0.816904 173 186 117 
-0.064350 -0.146400 0.831718 124 112 76 
-0.103977 -0.152475 0.828836 111 95 44 
0.138104 -0.134821 0.830985 163 170 116 
0.033077 -0.147277 0.826766 73 72 34 
0.009805 -0.148594 0.827197 43 52 12 
-0.061550 -0.149199 0.831762 138 124 92 
0.183992 -0.137040 0.828417 114 127 66 
0.037208 -0.147719 0.831765 133 123 94 
0.014511 -0.152318 0.829025 71 83 36 
-0.144263 -0.135425 0.856753 103 103 67 
0.075273 -0.146380 0.833131 107 101 57 
0.029090 -0.151039 0.832046 56 60 25 
0.105170 -0.155756 0.827567 97 105 49 
0.146453 -0.155296 0.827762 148 135 105 
0.117662 -0.157834 0.827442 139 157 81 
0.084168 -0.152672 0.834986 102 120 81 
0.037826 -0.154391 0.836778 71 85 38 
0.138189 -0.161732 0.824905 94 80 46 
-0.062155 -0.160651 0.841062 62 75 34 
-0.080143 -0.159331 0.843712 146 136 101 
0.113697 -0.159930 0.831354 134 143 66 
-0.010413 -0.161616 0.842005 81 93 54 
-0.054344 -0.159682 0.847274 107 89 48 
-0.062652 -0.161062 0.846540 140 130 101 
0.134251 -0.170533 0.824922 126 150 55 
-0.024580 -0.157812 0.849794 143 136 110 
0.173896 -0.155088 0.840127 148 146 109 
-0.016181 -0.157460 0.852448 83 97 52 
-0.083819 -0.159276 0.855859 83 76 36 
0.032519 -0.165139 0.843892 89 101 41 
0.026407 -0.166577 0.842921 95 102 55 
-0.055882 -0.157708 0.858249 74 83 38 
-0.100452 -0.152003 0.867458 108 91 48 
-0.154889 -0.138491 0.885291 234 228 195 
0.165899 -0.158899 0.845558 66 76 38 
0.095755 -0.170921 0.838862 135 149 110 
-0.011969 -0.159458 0.859005 127 117 84 
-0.086858 -0.160087 0.864268 107 116 65 
-0.147101 -0.142215 0.887186 222 213 177 
0.198726 -0.144260 0.860816 189 184 152 
-0.148813 -0.144639 0.887989 226 218 182 
0.027350 -0.174790 0.846105 108 105 57 
0.193956 -0.152671 0.858473 173 170 132 
0.170310 -0.161706 0.851044 92 110 64 
0.023533 -0.177667 0.846353 99 118 55 
-0.126962 -0.148659 0.888389 125 84 46 
-0.149792 -0.149654 0.889194 227 219 182 
-0.014357 -0.170831 0.859419 107 91 65 
0.168336 -0.165033 0.853588 79 101 50 
0.164177 -0.165700 0.853230 75 83 41 
0.139114 -0.176604 0.843894 110 98 60 
0.059283 -0.181671 0.850907 138 151 77 
0.002203 -0.179878 0.857497 88 92 53 
-0.124309 -0.159963 0.892034 203 189 149 
-0.156866 -0.164263 0.890179 210 198 155 
0.137564 -0.174874 0.857470 136 132 72 
0.030543 -0.185989 0.854562 100 122 51 
0.057368 -0.184547 0.856791 134 135 67 
0.160155 -0.178565 0.857491 76 88 41 
0.030712 -0.188366 0.857880 91 103 49 
-0.003175 -0.179283 0.873528 184 179 149 
0.121399 -0.181250 0.863772 142 138 90 
0.008941 -0.186374 0.867820 145 139 96 
-0.039683 -0.188582 0.869577 198 191 158 
-0.149312 -0.175482 0.893181 210 198 154 
0.010195 -0.184663 0.878634 182 175 142 
0.051740 -0.161388 0.907016 160 155 117 
0.018583 -0.185304 0.883290 186 177 141 
0.011659 -0.183007 0.886459 206 197 167 
-0.061266 -0.174273 0.902621 162 155 111 
-0.064759 -0.177171 0.899700 174 167 129 
-0.140848 -0.193082 0.888678 197 191 152 
0.130306 -0.172679 0.890586 199 191 162 
0.035167 -0.182798 0.887692 152 147 118 
0.141506 -0.156358 0.911048 204 200 171 
-0.039803 -0.173019 0.908476 131 137 101 
-0.061003 -0.177997 0.907943 175 170 132 
0.041777 -0.171580 0.909148 179 175 140 
0.212436 -0.174404 0.893596 197 199 177 
-0.032475 -0.177895 0.911868 176 166 136 
0.192636 -0.170664 0.905932 190 186 155 
0.154739 -0.166287 0.914471 182 176 140 
0.210517 0.200007 0.732887 153 164 82 
0.196522 0.261545 0.718854 83 83 43 
0.191335 0.228795 0.719491 51 54 21 
0.186014 0.232128 0.717809 64 71 31 
0.215345 0.135582 0.757470 186 189 172 
0.203334 0.118732 0.761566 101 117 60 
0.177075 0.131063 0.744925 69 80 38 
0.151401 0.228039 0.713573 53 64 27 
0.181726 0.115106 0.754457 149 155 127 
0.178252 0.113640 0.754696 101 105 61 
0.158329 0.168329 0.731224 132 129 95 
0.214011 -0.013166 0.801698 98 106 78 
0.221090 0.025222 0.808078 142 146 107 
0.222476 0.093019 0.807292 161 171 133 
0.206048 0.115913 0.792802 192 196 170 
0.191695 0.111707 0.777300 187 193 160 
0.213396 0.110395 0.809297 191 194 164 
0.153720 0.122367 0.743377 87 105 46 
0.208264 -0.057515 0.812071 140 145 103 
0.217358 0.096109 0.818224 198 201 173 
0.190162 0.109781 0.787852 206 208 184 
0.177314 0.106769 0.773744 183 184 163 
0.123941 0.203368 0.716343 46 48 24 
0.219045 -0.108574 0.832832 148 156 100 
0.092319 0.240774 0.684324 110 119 68 
0.208570 -0.120505 0.828907 172 174 168 
0.095853 0.211666 0.700612 116 122 80 
0.178838 0.034138 0.800865 137 143 105 
0.199069 0.107617 0.822910 230 227 205 
0.144630 0.104956 0.761199 92 94 41 
0.079054 0.240314 0.685164 93 105 62 
0.099055 0.197021 0.712342 64 73 38 
0.093212 0.203030 0.705625 101 111 63 
0.076163 0.235370 0.685876 62 68 33 
0.163681 0.018225 0.791686 221 220 197 
0.178374 -0.077482 0.813052 105 112 56 
0.074945 0.214453 0.692519 61 69 35 
0.103085 0.145121 0.729189 116 128 82 
0.064711 0.237933 0.684566 188 185 154 
0.064139 0.240685 0.683896 105 105 81 
0.185474 -0.129196 0.829012 126 137 93 
0.170157 -0.085995 0.811197 134 144 76 
0.176348 0.102350 0.818181 178 174 138 
0.081844 0.194844 0.708452 81 89 48 
0.059720 0.240543 0.682738 70 76 49 
0.144893 0.092043 0.785779 169 161 115 
0.178549 -0.131163 0.828492 102 114 82 
0.097653 0.145758 0.734767 60 65 21 
0.216640 -0.163944 0.876884 158 167 140 
0.163254 -0.100329 0.814474 132 145 75 
0.149994 -0.058391 0.799125 133 135 90 
0.175980 0.094898 0.830577 222 216 186 
0.110366 0.120386 0.753565 64 62 29 
0.051737 0.255842 0.685408 91 98 67 
0.141415 -0.038631 0.792977 50 59 28 
0.139672 -0.023085 0.791044 95 106 61 
0.062087 0.299561 0.702018 168 164 135 
0.140558 -0.043439 0.795756 62 75 36 
0.170059 0.079907 0.832057 203 194 155 
0.126197 0.090454 0.780116 158 153 117 
0.189317 -0.163906 0.860050 190 197 161 
0.071623 0.168715 0.724150 69 63 29 
0.148340 0.087506 0.819044 232 226 197 
0.172084 -0.166071 0.846959 54 62 30 
0.120944 -0.013976 0.788185 138 146 96 
0.145558 0.083466 0.819877 221 215 185 
0.075889 0.145658 0.736916 80 77 36 
0.155733 -0.131160 0.831711 200 191 165 
0.123277 -0.063676 0.793813 156 164 119 
0.028529 0.229408 0.685324 54 62 37 
0.134579 0.069873 0.814724 217 212 185 
0.112066 0.003439 0.789563 88 96 45 
0.112798 0.070617 0.796420 80 89 37 
0.067551 0.111737 0.741942 57 62 18 
0.066016 0.116329 0.740189 52 59 21 
0.062661 0.131806 0.736518 93 103 48 
0.059681 0.127096 0.736705 112 125 83 
0.024468 0.195858 0.695366 44 49 19 
0.017424 0.212975 0.687204 71 78 42 
0.017436 0.238684 0.688043 49 52 25 
0.101018 -0.030386 0.786637 43 55 11 
0.057812 0.117262 0.738062 86 95 45 
0.047709 0.164076 0.727129 93 88 57 
0.041938 0.183536 0.720632 89 88 45 
0.144158 -0.169695 0.839208 71 67 46 
0.140866 -0.133796 0.836430 119 116 60 
0.091157 0.091940 0.782749 104 102 58 
0.138783 -0.151837 0.836987 90 94 43 
0.036755 0.178105 0.722105 81 80 40 
0.092264 0.034170 0.790061 46 54 30 
0.004157 0.244115 0.687904 186 183 155 
0.087716 -0.013066 0.786270 69 75 27 
0.092915 0.052409 0.795768 179 168 129 
0.044739 0.116667 0.737666 83 92 40 
0.041324 0.125268 0.733727 85 80 49 
0.012316 0.183814 0.707663 57 54 23 
0.003064 0.197073 0.696504 58 64 29 
0.123557 -0.155782 0.836718 95 95 51 
0.123073 -0.153572 0.836213 101 106 51 
0.114999 -0.125698 0.827308 146 146 98 
0.029804 0.123834 0.731024 137 155 79 
0.103477 -0.122262 0.824265 83 74 38 
0.068666 0.029346 0.788073 95 110 72 
0.052858 0.080005 0.770546 67 79 35 
0.041891 0.091996 0.756995 82 74 32 
0.117243 -0.175272 0.842838 44 51 19 
0.043531 0.083597 0.762703 79 86 49 
0.041493 0.087451 0.760280 123 109 67 
0.096739 -0.108960 0.824109 77 88 56 
0.095581 -0.104553 0.822876 73 80 47 
0.062424 -0.020560 0.784814 83 90 35 
0.069463 -0.078787 0.794108 111 131 47 
0.057690 -0.009093 0.783313 140 143 70 
0.016043 0.120385 0.737161 73 84 55 
-0.028335 0.246362 0.687167 121 123 100 
0.092297 -0.130353 0.824614 83 76 41 
0.064526 -0.076166 0.791626 91 102 34 
0.058603 0.035784 0.791691 81 88 29 
0.061042 0.041628 0.795338 122 125 82 
0.063653 0.086464 0.801972 119 111 73 
0.002509 0.150471 0.725426 54 65 26 
0.090197 -0.128058 0.825891 77 61 32 
0.058327 -0.069333 0.787748 122 140 96 
0.051565 -0.002928 0.783616 87 92 45 
-0.028865 0.192599 0.690829 114 129 68 
0.094001 -0.157122 0.832692 103 98 57 
0.047750 -0.019481 0.781269 47 55 16 
0.053674 0.079044 0.796702 69 75 36 
0.007753 0.119883 0.738349 76 84 45 
0.010382 0.113083 0.745452 57 65 32 
-0.035269 0.194974 0.690522 67 74 29 
0.040615 -0.014546 0.780008 103 106 63 
-0.042217 0.298598 0.697989 104 116 34 
0.052613 -0.074761 0.799133 82 82 47 
0.034128 -0.008957 0.779658 99 107 54 
0.014868 0.077947 0.760966 106 96 60 
0.009371 0.099771 0.755372 79 91 42 
-0.015760 0.132467 0.723945 73 82 47 
0.091834 -0.172946 0.847998 98 100 49 
0.065868 -0.112589 0.817845 101 111 67 
0.087461 -0.167213 0.846463 31 42 7 
0.054231 -0.102265 0.806736 65 73 39 
0.031161 -0.050756 0.779751 124 134 98 
0.069817 -0.132787 0.829315 76 82 50 
0.030535 -0.057885 0.782132 65 73 35 
-0.055452 0.230243 0.690732 137 141 115 
0.093336 -0.181291 0.861206 96 103 71 
0.028270 -0.061130 0.782594 71 82 34 
-0.026708 0.126723 0.724676 99 87 60 
-0.019414 0.114207 0.737701 87 99 61 
-0.039463 0.160410 0.714381 40 46 15 
-0.058674 0.182213 0.689758 86 103 48 
-0.060843 0.230787 0.691656 73 71 49 
0.079103 -0.163254 0.851169 47 50 18 
0.001143 0.058423 0.764876 133 132 89 
-0.041972 0.162822 0.715255 46 53 27 
0.073619 -0.153224 0.848537 111 103 72 
0.071904 -0.149344 0.846535 108 102 60 
-0.035004 0.122129 0.724878 89 86 60 
-0.040695 0.133108 0.718030 123 131 82 
-0.050427 0.179643 0.709295 98 98 46 
-0.072931 0.256491 0.685800 84 96 67 
-0.073061 0.285707 0.693086 181 177 148 
0.064218 -0.144715 0.844226 98 92 46 
-0.077864 0.262141 0.687946 190 187 166 
-0.028349 0.111327 0.745569 87 79 41 
-0.079768 0.266330 0.689998 158 158 117 
0.001697 -0.054076 0.773276 69 73 37 
-0.024825 0.109665 0.754645 87 82 40 
-0.054430 0.175225 0.719892 51 52 28 
-0.076017 0.230377 0.695426 113 114 79 
0.059239 -0.157226 0.847754 86 91 42 
-0.037675 0.112014 0.744826 99 91 57 
-0.046137 0.115005 0.732917 84 82 51 
0.044534 -0.151520 0.839217 59 41 11 
-0.006656 -0.058474 0.776399 85 93 57 
-0.007387 0.053363 0.790004 177 168 129 
-0.078252 0.206500 0.706235 40 46 17 
0.055528 -0.177481 0.855978 194 185 147 
-0.010656 0.007802 0.783389 86 86 45 
-0.065267 0.139537 0.720651 76 71 43 
-0.097865 0.254363 0.688063 75 82 55 
0.021502 -0.133946 0.815683 95 94 49 
-0.012483 0.048251 0.790425 169 158 120 
-0.010463 0.070642 0.796492 76 87 42 
-0.045434 0.111376 0.750332 44 48 25 
-0.061018 0.115539 0.727839 41 42 20 
-0.099852 0.249921 0.688832 99 110 82 
0.015568 -0.132399 0.811074 133 153 85 
0.002979 -0.120428 0.794033 31 37 16 
-0.039347 0.107290 0.763092 94 91 52 
-0.066590 0.119160 0.724244 64 60 30 
-0.013214 -0.053627 0.787416 134 146 82 
-0.021433 0.018411 0.785655 155 146 98 
-0.083766 0.183725 0.716320 86 98 56 
-0.095306 0.233211 0.706258 138 140 100 
-0.030556 0.036534 0.778853 95 106 75 
-0.086490 0.181863 0.716247 114 126 84 
-0.111666 0.243217 0.687458 88 96 55 
-0.026819 0.067208 0.793490 92 93 44 
-0.039027 0.092355 0.778831 125 114 74 
0.009063 -0.150944 0.818455 56 61 27 
-0.009606 -0.126886 0.793767 64 70 34 
-0.034633 0.017136 0.778167 72 82 43 
0.032042 -0.186630 0.851962 185 178 140 
-0.033471 0.093339 0.796354 88 91 47 
-0.040085 0.008395 0.776840 145 136 96 
-0.092329 0.181400 0.724635 71 73 41 
0.010509 -0.165661 0.830363 174 164 130 
-0.035511 -0.045065 0.779239 83 94 55 
-0.042364 0.051798 0.784753 137 133 85 
-0.037440 0.069145 0.795256 159 145 107 
-0.089805 0.156378 0.728768 100 103 61 
-0.113509 0.228669 0.704128 152 137 100 
-0.115440 0.232157 0.701721 154 138 107 
-0.025394 -0.092019 0.791103 46 49 20 
-0.045310 -0.014895 0.773230 122 124 90 
-0.094956 0.183799 0.729770 92 85 58 
-0.114626 0.218553 0.709493 32 41 14 
-0.030338 -0.119542 0.786619 77 81 24 
-0.026860 -0.068413 0.801100 45 54 24 
-0.099053 0.190904 0.733500 76 64 38 
-0.100874 0.202824 0.732742 85 74 42 
-0.029385 -0.085662 0.798193 77 74 47 
-0.103616 0.204901 0.733308 101 93 46 
-0.131085 0.236012 0.695557 96 104 50 
0.017720 -0.190976 0.857725 201 195 164 
-0.023575 -0.130332 0.803350 109 99 74 
-0.106094 0.199774 0.737503 100 93 55 
-0.035156 -0.125581 0.793829 73 69 33 
-0.034304 -0.088264 0.802290 46 50 22 
-0.041837 -0.066587 0.794344 65 67 31 
-0.137158 0.234541 0.698916 162 153 123 
0.004255 -0.180113 0.850745 122 119 64 
-0.024609 -0.139429 0.812156 61 63 26 
-0.033273 -0.106714 0.804542 40 45 19 
-0.039597 -0.073175 0.800856 52 58 25 
-0.110566 0.198099 0.739132 127 119 82 
-0.127368 0.214469 0.715254 57 57 27 
-0.006695 -0.170085 0.839191 115 108 64 
-0.028649 -0.136608 0.810270 33 44 18 
-0.149340 0.277576 0.696647 150 152 133 
-0.050828 -0.068435 0.791985 73 68 38 
-0.068304 0.076584 0.792668 152 144 103 
-0.111514 0.156644 0.738469 66 68 32 
-0.004504 -0.173249 0.850476 120 110 69 
-0.034640 -0.136646 0.808700 109 120 64 
-0.079625 0.102167 0.783953 84 97 57 
-0.118800 0.171575 0.734103 96 103 58 
-0.002610 -0.192415 0.853832 155 157 120 
-0.056384 -0.071071 0.790718 77 68 39 
-0.075783 -0.013256 0.770868 52 56 28 
-0.075112 0.095793 0.794633 93 100 53 
-0.102503 0.101427 0.750811 107 97 65 
-0.112774 0.142727 0.742522 103 92 51 
-0.123187 0.193839 0.736040 175 166 145 
-0.140544 0.224692 0.713940 114 101 51 
-0.041450 -0.119716 0.809282 70 78 44 
-0.062186 -0.067771 0.786030 75 61 35 
-0.069860 -0.052263 0.776640 72 82 41 
-0.070024 -0.035300 0.779955 84 79 40 
-0.080103 0.058997 0.783253 114 128 76 
-0.128609 0.193184 0.731543 131 127 106 
-0.137391 0.191335 0.716652 31 37 22 
-0.068258 -0.062137 0.781353 67 73 30 
-0.080141 0.041899 0.784010 190 177 141 
-0.129023 0.184390 0.733541 106 106 63 
-0.053321 -0.102513 0.801618 95 112 58 
-0.074498 -0.054678 0.780951 66 72 48 
-0.084951 -0.013798 0.772521 119 126 79 
-0.053205 -0.109450 0.808664 87 81 54 
-0.136667 0.162689 0.729575 142 124 90 
-0.037953 -0.156899 0.827815 105 100 56 
-0.072133 -0.080886 0.787403 31 37 18 
-0.032210 -0.170292 0.838677 90 97 62 
-0.033702 -0.169090 0.836418 88 98 62 
-0.065951 -0.101332 0.797352 117 131 73 
-0.127474 0.107899 0.741510 65 50 22 
-0.146754 0.195583 0.729178 147 134 103 
-0.153700 0.261238 0.732694 163 154 123 
-0.021895 -0.197091 0.854208 187 177 140 
-0.034892 -0.171190 0.838118 65 74 41 
-0.065142 -0.103914 0.802334 99 111 58 
-0.089095 -0.021993 0.780801 125 134 85 
-0.088553 0.087652 0.807766 142 132 95 
-0.146138 0.180990 0.731394 133 131 92 
-0.072356 -0.094287 0.796488 110 98 66 
-0.131048 0.119024 0.747010 53 56 27 
-0.045793 -0.163108 0.829782 74 79 29 
-0.130947 0.108206 0.749075 93 72 50 
-0.053498 -0.148836 0.824191 59 63 27 
-0.056538 -0.134041 0.822593 105 97 76 
-0.079084 -0.079398 0.797019 82 89 55 
-0.108018 0.034436 0.775084 78 88 40 
-0.101661 0.062961 0.793236 187 181 154 
-0.097371 0.074413 0.803545 187 181 153 
-0.157080 0.236421 0.740124 186 175 145 
-0.135622 0.113164 0.751266 118 110 75 
-0.163337 0.251305 0.737792 150 139 107 
-0.038358 -0.191675 0.848327 170 165 135 
-0.050007 -0.169971 0.833448 38 48 21 
-0.139011 0.117047 0.750890 106 97 61 
-0.146769 0.129859 0.745135 174 160 131 
-0.069538 -0.120042 0.820596 48 44 26 
-0.120288 0.098360 0.788393 143 135 98 
-0.138530 0.107308 0.758393 54 63 41 
-0.085279 -0.109571 0.799692 127 136 81 
-0.093759 -0.082192 0.791928 71 63 35 
-0.078105 -0.113537 0.820129 132 124 106 
-0.102077 -0.037356 0.798024 117 110 87 
-0.106668 -0.020031 0.794547 91 91 49 
-0.127005 0.041845 0.775032 195 187 158 
-0.052076 -0.185495 0.851466 194 185 152 
-0.096535 -0.090540 0.797601 54 58 24 
-0.125505 0.034403 0.780234 198 184 145 
-0.085035 -0.109750 0.817423 111 102 72 
-0.104469 -0.085070 0.789063 126 137 103 
-0.116287 0.014304 0.795889 141 136 91 
-0.153037 0.124982 0.760521 139 135 100 
-0.109755 -0.079564 0.789649 113 117 84 
-0.111239 -0.038085 0.799101 144 132 113 
-0.059231 -0.186186 0.855767 74 86 49 
-0.063441 -0.170234 0.852728 68 71 42 
-0.094912 -0.104967 0.813926 108 99 74 
-0.122768 -0.010702 0.790456 109 96 66 
-0.130082 0.067390 0.800189 201 194 167 
-0.061596 -0.184422 0.856350 109 118 76 
-0.124581 -0.014096 0.790630 106 93 60 
-0.064045 -0.188668 0.859396 198 190 161 
-0.115872 -0.093084 0.791636 93 98 48 
-0.155407 0.114402 0.786692 146 140 107 
-0.102658 -0.112713 0.819297 101 106 63 
-0.098969 -0.140814 0.821745 80 77 55 
-0.114305 -0.098298 0.806213 104 94 65 
-0.132012 -0.028250 0.795076 35 42 26 
-0.147964 0.030779 0.783722 178 164 127 
-0.159761 0.112545 0.787682 166 159 129 
-0.066508 -0.187774 0.873151 194 185 152 
-0.123522 -0.089348 0.795928 121 136 71 
-0.134143 -0.029056 0.795333 64 69 38 
-0.146527 -0.016405 0.775691 118 133 70 
-0.144761 0.013217 0.788822 116 120 73 
-0.160413 0.087605 0.783193 154 147 101 
-0.077586 -0.166428 0.863474 160 154 120 
-0.080687 -0.164359 0.858171 129 126 88 
-0.126768 -0.060071 0.803877 117 103 74 
-0.139258 -0.022485 0.792267 72 80 40 
-0.145817 0.053272 0.804838 115 115 57 
-0.075397 -0.172945 0.870161 180 175 136 
-0.102582 -0.152391 0.824287 111 123 58 
-0.165132 0.096496 0.786829 202 194 170 
-0.101291 -0.144100 0.834118 120 124 72 
-0.151777 0.062812 0.806337 191 176 140 
-0.161701 0.077915 0.792122 212 205 179 
-0.088067 -0.164365 0.857620 107 102 65 
-0.107018 -0.117010 0.836830 143 132 104 
-0.128469 -0.087292 0.805007 31 33 20 
-0.130080 -0.083951 0.803003 57 68 33 
-0.089747 -0.164447 0.858917 124 115 83 
-0.112339 -0.110678 0.833209 106 107 78 
-0.146159 -0.026162 0.796136 85 82 50 
-0.173934 0.087571 0.781280 207 199 177 
-0.085727 -0.186115 0.873166 148 140 100 
-0.086037 -0.183917 0.873348 171 162 125 
-0.105822 -0.126739 0.854544 33 37 15 
-0.106126 -0.157024 0.847484 115 109 75 
-0.170013 0.064047 0.800457 171 157 125 
-0.118153 -0.110443 0.845233 126 115 86 
-0.165103 0.053113 0.811347 176 162 129 
-0.167067 0.056119 0.808489 169 155 121 
-0.098102 -0.165719 0.869936 141 132 111 
-0.137956 -0.096672 0.819526 100 106 61 
-0.097456 -0.172059 0.878429 209 195 163 
-0.120963 -0.116109 0.851744 142 130 103 
-0.108066 -0.163411 0.864673 50 57 24 
-0.100801 -0.184877 0.876056 206 199 170 
-0.137658 -0.109153 0.829434 85 71 44 
-0.161742 0.013646 0.828341 172 165 137 
-0.106333 -0.165913 0.876965 210 199 167 
-0.111574 -0.150608 0.872168 181 171 141 
-0.142105 -0.101914 0.827815 99 87 58 
-0.110444 -0.161631 0.879864 133 116 89 
-0.142528 -0.068111 0.855699 164 158 135 
-0.171798 -0.000223 0.821785 165 158 131 
-0.131175 -0.131275 0.858245 72 79 37 
-0.147488 -0.051379 0.857288 134 128 96 
-0.165386 -0.031679 0.827246 151 151 116 
-0.109459 -0.189051 0.885157 182 174 139 
-0.118560 -0.147354 0.888573 171 157 125 
-0.147025 -0.076913 0.862663 139 133 101 
-0.139404 -0.130836 0.860424 124 110 74 
-0.151031 -0.119017 0.840163 67 76 47 
-0.148842 -0.077129 0.863754 141 135 103 
-0.161890 -0.059019 0.858732 163 156 128 
-0.121979 -0.174973 0.899224 200 189 160 
-0.133613 -0.148922 0.890490 135 95 55 
-0.152661 -0.123966 0.859271 141 134 99 
-0.136415 -0.147618 0.889966 192 170 134 
-0.134619 -0.169478 0.899073 186 173 136 
-0.135936 -0.165651 0.897936 194 181 145 
-0.165346 -0.113905 0.866073 151 143 108 
-0.166328 -0.109500 0.866026 157 148 115 
-0.162564 -0.125242 0.877354 190 179 149 
-0.143573 -0.181173 0.898391 186 177 142 
-0.165872 -0.128250 0.878551 200 189 162 
-0.005124 -0.198125 0.856680 201 203 200 
-0.018224 -0.149636 0.806791 187 189 141 
0.015973 -0.173401 0.835245 233 231 211 
-0.012851 -0.134276 0.798471 143 154 95 
-0.098123 -0.133112 0.809935 109 117 54 
-0.088157 -0.131687 0.806970 148 159 102 
-0.127757 -0.130191 0.813454 114 124 64 
0.164482 -0.167284 0.838427 108 119 70 
0.163657 -0.157011 0.833101 128 139 91 
0.173417 -0.161725 0.838618 65 79 43 
-0.116729 -0.111386 0.804174 225 218 157 
0.067913 -0.136968 0.819891 65 80 32 
-0.106423 -0.107567 0.802171 84 97 44 
-0.009626 -0.105509 0.788607 107 124 68 
0.141297 -0.146458 0.829610 78 89 37 
0.127159 -0.136204 0.825575 135 148 100 
-0.010016 -0.095753 0.787890 90 97 46 
0.003488 -0.096503 0.787420 95 105 53 
0.071753 -0.120957 0.814582 94 105 46 
-0.152660 -0.080485 0.791350 60 69 24 
-0.073706 -0.088964 0.794363 48 56 8 
-0.019591 -0.089248 0.788444 72 85 41 
0.163871 -0.126126 0.820260 134 142 100 
-0.037438 -0.084346 0.787873 58 68 20 
0.003362 -0.086314 0.785901 53 56 21 
0.116538 -0.113145 0.811472 105 115 49 
0.133435 -0.119012 0.817993 129 137 77 
0.164766 -0.121401 0.817753 184 183 147 
-0.026214 -0.082528 0.788334 124 113 57 
-0.080527 -0.076442 0.790452 58 68 20 
0.031863 -0.085903 0.790719 72 82 30 
0.171548 -0.112985 0.813542 140 137 70 
-0.112486 -0.070449 0.790065 118 104 58 
-0.032698 -0.075632 0.787931 62 74 26 
0.000522 -0.074264 0.786282 77 92 43 
0.003330 -0.074197 0.785835 114 127 82 
-0.109677 -0.062956 0.787727 80 75 33 
-0.104511 -0.063795 0.788331 225 218 177 
0.022151 -0.073107 0.786324 118 129 70 
-0.003955 -0.068739 0.787567 76 82 30 
0.043024 -0.069447 0.791622 66 74 22 
-0.059219 -0.049459 0.779135 159 177 112 
-0.016230 -0.060387 0.790141 106 101 45 
-0.001535 -0.059174 0.786361 98 89 34 
-0.123010 -0.041028 0.779264 113 128 68 
0.147172 -0.077777 0.799657 172 174 137 
-0.036848 -0.041862 0.773597 157 141 98 
0.050493 -0.060161 0.790046 71 79 31 
0.132573 -0.073191 0.799084 63 71 21 
0.218085 -0.108075 0.841332 100 112 72 
-0.106907 -0.035208 0.777367 64 73 21 
0.016620 -0.046331 0.777798 159 176 123 
0.182394 -0.078449 0.805008 71 84 28 
0.214256 -0.099148 0.832741 95 107 63 
0.169952 -0.066156 0.792133 178 192 123 
0.060283 -0.051518 0.788981 109 117 66 
0.158007 -0.062148 0.792034 131 138 72 
-0.039321 -0.026212 0.767743 147 165 95 
-0.016537 -0.028908 0.768784 104 108 47 
-0.056249 -0.028130 0.777775 112 119 50 
0.026985 -0.035245 0.777197 162 175 116 
0.111191 -0.046237 0.782622 145 162 73 
0.007521 -0.029905 0.776093 94 104 45 
0.059782 -0.042005 0.787843 47 55 19 
-0.154084 -0.021337 0.800279 221 220 189 
-0.022739 -0.016565 0.772996 58 65 24 
-0.130937 -0.017127 0.794884 163 171 138 
-0.089687 -0.010541 0.777945 126 128 77 
-0.152908 -0.015903 0.801139 206 202 167 
0.029319 -0.024876 0.788098 76 85 41 
0.150751 -0.041691 0.797160 111 107 53 
0.181250 -0.051122 0.807968 154 155 99 
0.153493 -0.039735 0.798227 155 145 107 
0.050853 -0.021313 0.788410 119 129 71 
0.201012 -0.051574 0.815182 162 159 116 
-0.120276 -0.010041 0.801342 210 202 160 
-0.031439 -0.007436 0.783015 89 94 37 
0.177251 -0.043303 0.809946 78 86 35 
-0.128838 -0.006298 0.811589 226 214 181 
-0.059596 0.005316 0.780624 67 79 34 
0.103414 -0.014818 0.788243 94 99 40 
0.117004 -0.013234 0.783346 102 111 53 
-0.081434 0.010427 0.785342 130 121 73 
-0.014198 0.002994 0.786912 63 72 27 
0.176996 -0.028718 0.809518 130 132 94 
-0.036331 0.010713 0.787202 52 65 18 
0.201944 -0.027024 0.817141 121 130 79 
0.081018 0.002990 0.790421 145 154 108 
-0.073142 0.023302 0.786571 113 111 54 
0.193293 -0.018706 0.813991 142 141 84 
-0.170873 0.041109 0.777366 212 197 158 
-0.043418 0.020276 0.791760 119 112 55 
0.069784 0.018294 0.785048 74 90 42 
-0.074682 0.035823 0.784851 143 147 89 
-0.012963 0.029205 0.785502 137 153 77 
0.192305 -0.008044 0.815253 137 131 80 
-0.028401 0.029288 0.793329 122 118 70 
0.206438 -0.011259 0.823597 163 154 109 
-0.118270 0.037330 0.800650 174 163 117 
-0.090203 0.041677 0.787415 159 164 97 
-0.067166 0.041733 0.782989 130 147 73 
-0.006405 0.041300 0.772379 114 124 44 
0.188418 -0.001252 0.813810 131 121 69 
0.190789 -0.001826 0.814416 151 144 91 
-0.154368 0.037039 0.813380 216 210 175 
-0.143449 0.033103 0.818568 215 205 168 
-0.151964 0.043878 0.805707 223 220 183 
0.007653 0.057855 0.754108 137 148 67 
-0.087723 0.068488 0.757835 167 165 112 
-0.082949 0.065042 0.763373 190 176 132 
0.024770 0.015953 0.834486 73 64 28 
0.058415 0.033955 0.794068 121 112 72 
0.105857 0.018883 0.813084 52 57 18 
0.173710 0.014068 0.808829 88 87 41 
0.185521 0.011421 0.811487 157 139 98 
0.207746 -0.000416 0.829370 120 135 67 
0.169550 0.018215 0.807032 129 127 69 
0.005902 0.025430 0.831329 81 67 29 
-0.174278 0.084391 0.760503 231 229 216 
0.030307 0.025811 0.831219 78 82 31 
0.090849 0.031018 0.808988 100 108 57 
0.115181 0.021300 0.822665 113 108 63 
-0.068513 0.081246 0.750210 143 151 101 
0.055712 0.041224 0.801885 90 70 33 
0.154356 0.029726 0.803839 57 57 25 
-0.138545 0.088748 0.755325 131 141 80 
0.044501 0.050475 0.791645 120 128 73 
0.103347 0.033082 0.813190 106 100 60 
-0.042276 0.075669 0.765986 77 89 51 
-0.021345 0.074650 0.763594 152 144 93 
0.165097 0.035864 0.805579 134 151 85 
0.202052 0.015295 0.838160 129 141 82 
-0.163226 0.100465 0.753470 208 207 179 
-0.129427 0.105922 0.740674 165 157 98 
-0.062164 0.099282 0.739341 85 84 33 
-0.047743 0.087065 0.760530 109 117 62 
0.177242 0.029527 0.826363 127 125 73 
-0.098746 0.114216 0.722634 47 62 27 
0.008138 0.091309 0.745146 79 85 44 
0.109011 0.052724 0.800368 130 142 108 
-0.156200 0.111491 0.745979 192 194 152 
-0.137538 0.110282 0.744292 194 194 132 
-0.087255 0.116558 0.720530 69 80 29 
0.096005 0.059210 0.795632 127 121 70 
0.154924 0.048358 0.804486 113 129 67 
-0.050057 0.101122 0.748692 228 213 173 
-0.031308 0.100932 0.744888 69 78 28 
-0.024436 0.102451 0.740273 129 135 80 
0.074143 0.068018 0.788115 136 143 82 
0.172173 0.033988 0.835264 196 191 169 
-0.067700 0.114021 0.731658 97 106 56 
-0.096115 0.123930 0.723029 80 87 45 
-0.071673 0.119439 0.726682 67 72 25 
-0.045351 0.111206 0.742900 178 166 106 
0.049405 0.103723 0.736517 156 157 108 
-0.064338 0.122568 0.729017 62 67 31 
0.081603 0.078689 0.786392 59 70 34 
-0.033945 0.118064 0.736606 180 166 103 
-0.047750 0.124388 0.731900 100 114 47 
0.079455 0.094679 0.764308 153 164 100 
-0.073346 0.134150 0.722681 182 181 139 
0.001260 0.125400 0.723297 107 116 71 
-0.000285 0.130777 0.717447 80 87 40 
0.005057 0.128453 0.721120 166 158 105 
0.111981 0.098098 0.760043 53 55 27 
-0.102463 0.140888 0.726107 148 143 87 
0.208721 0.057641 0.828866 173 171 130 
0.040732 0.126847 0.726365 88 92 41 
-0.093244 0.149256 0.721924 74 76 26 
0.087991 0.117592 0.745453 208 199 155 
0.159219 0.112393 0.738753 134 146 67 
0.184236 0.092949 0.775177 99 104 69 
-0.121304 0.154910 0.722125 189 179 151 
0.026535 0.141247 0.714336 78 85 32 
0.162606 0.116219 0.734766 156 178 86 
0.185676 0.098336 0.768463 120 125 84 
-0.093464 0.158671 0.712048 219 213 178 
0.151205 0.118127 0.738838 130 148 74 
-0.169521 0.167909 0.716798 223 224 214 
0.029621 0.147957 0.709222 67 80 42 
0.156847 0.121678 0.734800 135 145 79 
0.172194 0.120029 0.734469 157 174 84 
0.113822 0.130306 0.732145 145 154 109 
0.152910 0.124603 0.734652 87 98 40 
0.224840 0.080848 0.814563 160 149 99 
-0.157568 0.173596 0.711954 210 210 184 
-0.025369 0.159264 0.709054 123 116 54 
0.076843 0.140882 0.723459 113 119 74 
-0.141571 0.178065 0.702986 148 168 95 
0.046847 0.150475 0.715076 144 149 93 
-0.039067 0.168560 0.702364 86 87 35 
0.173989 0.131300 0.735419 124 133 69 
0.063739 0.155365 0.715508 104 104 42 
-0.127679 0.190279 0.692969 112 126 41 
0.044984 0.163247 0.707765 80 84 29 
0.060160 0.158542 0.714573 80 93 47 
0.181108 0.134820 0.736256 132 149 72 
-0.168818 0.184025 0.725332 203 202 173 
-0.131106 0.193362 0.692242 127 138 69 
-0.119821 0.177005 0.727958 208 196 153 
-0.064432 0.189362 0.682588 97 106 32 
0.042341 0.167277 0.704479 107 117 61 
-0.029755 0.180717 0.698760 136 132 74 
0.063716 0.163218 0.713562 102 107 49 
0.159409 0.144981 0.729490 94 93 43 
0.221965 0.106947 0.802563 189 187 154 
-0.112828 0.187199 0.724957 199 189 153 
-0.074556 0.195238 0.693710 106 120 70 
0.173125 0.149515 0.731416 111 120 75 
0.210435 0.134921 0.756009 152 161 109 
0.019860 0.180505 0.707156 122 112 51 
0.040352 0.182844 0.700789 95 93 45 
0.209151 0.140416 0.754580 143 150 97 
-0.164627 0.210103 0.701857 224 223 211 
-0.128395 0.206448 0.699759 179 175 136 
-0.105622 0.201926 0.704028 110 113 46 
0.014775 0.186164 0.706142 137 122 77 
0.087302 0.178368 0.703147 123 118 68 
0.202146 0.147497 0.744930 192 188 152 
-0.149429 0.216433 0.687056 134 153 53 
-0.031108 0.203317 0.683007 112 116 63 
-0.018735 0.203048 0.679792 184 194 121 
0.030008 0.188116 0.702239 115 121 80 
0.050104 0.186270 0.700586 136 123 75 
0.096943 0.177479 0.708090 96 91 47 
0.063659 0.187042 0.700086 147 159 90 
0.075350 0.186803 0.696973 119 119 65 
0.094001 0.181249 0.705201 103 102 51 
0.095739 0.180517 0.706514 101 95 48 
0.194997 0.154984 0.740036 152 166 102 
-0.063681 0.207918 0.693227 29 41 10 
-0.155311 0.224700 0.685518 167 187 92 
-0.129626 0.223264 0.680873 156 169 85 
-0.125885 0.215709 0.705311 168 164 116 
0.136358 0.177513 0.718658 108 119 77 
0.189923 0.163144 0.738534 96 103 46 
0.198239 0.162919 0.742421 94 102 59 
-0.030500 0.212663 0.693664 47 56 11 
0.102354 0.191046 0.706236 110 124 80 
-0.089293 0.221180 0.696969 148 149 98 
0.029348 0.204016 0.702422 113 113 76 
0.004546 0.213778 0.690730 109 105 44 
0.031271 0.209079 0.700225 133 122 87 
0.052121 0.213921 0.685725 117 131 80 
0.182567 0.180154 0.732226 107 105 59 
0.204684 0.174665 0.739462 162 161 117 
-0.129920 0.240516 0.683274 155 177 106 
0.175340 0.185061 0.727501 135 140 76 
-0.060510 0.232511 0.686765 98 101 41 
-0.019838 0.223519 0.697125 68 72 27 
0.084332 0.214226 0.685377 84 93 24 
-0.122251 0.242478 0.687585 105 118 44 
0.158638 0.195849 0.722180 88 92 51 
-0.116614 0.244820 0.691632 168 176 138 
0.003138 0.230341 0.688180 40 49 5 
0.053080 0.223182 0.689945 81 91 50 
-0.096506 0.242693 0.696635 82 92 52 
0.015153 0.233378 0.681184 85 93 52 
0.154356 0.202854 0.716436 140 146 99 
-0.057179 0.243283 0.686393 135 120 66 
-0.140639 0.258711 0.679984 145 154 68 
0.013324 0.237285 0.683089 135 132 86 
0.066461 0.227331 0.691664 99 101 62 
-0.097720 0.249014 0.698374 187 174 129 
0.060267 0.231878 0.687034 77 87 40 
0.077797 0.228488 0.690179 106 110 84 
-0.060862 0.252320 0.680564 144 159 62 
0.069789 0.231488 0.690817 52 59 28 
-0.123348 0.259307 0.691206 206 200 165 
-0.050341 0.251175 0.686326 135 145 81 
-0.009580 0.239470 0.705177 128 114 61 
0.045261 0.242194 0.681318 38 45 9 
-0.043836 0.253907 0.688641 118 130 83 
0.035365 0.245582 0.681521 120 136 90 
0.068224 0.239208 0.687517 114 112 62 
0.169520 0.216263 0.716103 116 117 63 
0.193528 0.212003 0.719267 137 143 72 
0.159713 0.223119 0.705694 53 64 29 
-0.135896 0.272261 0.683819 112 118 54 
-0.079963 0.260300 0.697531 139 127 67 
-0.045073 0.260936 0.680813 146 158 97 
0.111378 0.243127 0.676789 100 102 48 
0.126466 0.232721 0.703117 62 70 34 
-0.038431 0.262398 0.686935 97 96 42 
-0.004486 0.253242 0.701352 161 170 104 
-0.002494 0.252860 0.701704 155 163 87 
0.109843 0.245430 0.676701 122 135 76 
0.175232 0.224350 0.715412 67 76 39 
0.187192 0.222270 0.716847 151 158 97 
-0.131232 0.276181 0.690297 219 212 173 
-0.052259 0.266782 0.685847 100 77 30 
0.203035 0.220714 0.721787 108 117 51 
-0.072399 0.268428 0.696430 120 110 55 
-0.009296 0.258611 0.700225 122 134 60 
0.062325 0.255698 0.684674 114 108 55 
0.112870 0.250940 0.677521 71 67 32 
0.169608 0.230532 0.718754 128 143 89 
-0.054632 0.269820 0.698193 131 124 64 
0.085327 0.248918 0.703502 85 71 38 
0.121541 0.245367 0.698746 122 119 78 
0.131124 0.238314 0.717666 87 75 38 
0.075551 0.256287 0.690568 91 92 43 
0.105169 0.255467 0.679652 100 107 45 
0.141168 0.238159 0.720744 69 74 34 
-0.123067 0.280700 0.708173 208 196 158 
0.114601 0.257338 0.675869 109 108 58 
0.032475 0.264276 0.698029 105 108 46 
-0.120704 0.281980 0.717930 153 156 102 
0.120737 0.251101 0.708289 89 83 40 
-0.055888 0.278403 0.706682 143 129 89 
0.001880 0.268441 0.713189 61 62 23 
0.164822 0.239557 0.734259 62 60 26 
0.072563 0.269537 0.682251 99 113 56 
-0.050813 0.280523 0.712093 126 129 77 
-0.024804 0.278579 0.713739 154 139 82 
0.089731 0.262145 0.714676 57 39 18 
-0.054142 0.282830 0.721260 103 110 63 
-0.113322 0.291589 0.728026 180 167 122 
-0.075029 0.290682 0.711504 151 146 123 
-0.018810 0.279733 0.722310 130 140 82 
-0.029803 0.283127 0.723655 164 142 99 
0.044235 0.277553 0.705341 110 120 58 
0.087065 0.270746 0.715778 84 78 42 
0.105026 0.265490 0.725792 68 59 30 
0.166764 0.253353 0.738137 103 97 53 
-0.102419 0.296653 0.728436 207 198 166 
-0.022271 0.285013 0.729026 160 143 95 
0.050209 0.281517 0.703110 141 140 86 
0.052995 0.281647 0.701122 121 128 61 
0.084151 0.279176 0.693625 92 85 42 
0.086832 0.270332 0.733614 84 69 40 
0.147568 0.258860 0.744053 79 74 41 
0.195039 0.258379 0.719944 115 115 73 
-0.039749 0.288893 0.740709 149 135 91 
-0.026286 0.288267 0.735656 148 135 90 
-0.008277 0.287204 0.729771 164 152 115 
0.022219 0.287500 0.720010 151 142 98 
0.044724 0.291577 0.707865 157 142 97 
0.112565 0.273915 0.738858 101 93 46 
0.083226 0.278463 0.746419 99 90 60 
-0.037711 0.303459 0.734476 184 175 137 
0.137929 0.273217 0.752971 120 111 70 
0.185569 0.271421 0.731665 144 151 113 
-0.017940 0.303590 0.730968 178 170 133 
0.114536 0.280463 0.746173 170 163 127 
0.138133 0.275133 0.753910 129 118 76 
0.159532 0.272331 0.752487 143 136 94 
0.170626 0.274819 0.753279 163 149 111 
0.084635 0.293551 0.736739 149 137 101 
0.108742 0.288896 0.750715 155 149 110 
0.109240 0.291031 0.750489 160 155 118 
0.132540 0.289323 0.752197 133 103 56 
0.134586 0.288955 0.752472 133 108 66 
0.163948 0.301038 0.744616 181 176 144 
0.172690 0.301991 0.743624 177 172 140 
-0.150200 0.256678 0.663962 54 54 37 
-0.170331 0.126873 0.717762 148 147 93 
-0.123818 0.252929 0.669370 117 138 50 
-0.135048 0.243964 0.682453 145 158 70 
-0.165141 0.170631 0.723539 163 172 99 
-0.132358 0.235244 0.691136 127 129 87 
-0.154460 0.198378 0.714029 176 195 106 
-0.119217 0.281077 0.687700 232 234 224 
-0.116852 0.204812 0.705399 208 213 159 
-0.117559 0.201734 0.706614 202 208 153 
-0.121073 0.181089 0.718009 132 139 112 
-0.149633 -0.035897 0.790266 125 116 97 
-0.086996 0.256413 0.681756 208 210 169 
-0.077450 0.231111 0.685987 177 182 84 
-0.093687 0.203184 0.703222 107 122 57 
-0.143006 -0.026161 0.791491 202 203 191 
-0.069117 0.234453 0.683799 141 153 94 
-0.099256 0.160132 0.721409 197 202 156 
-0.116398 0.101601 0.746827 152 174 110 
-0.130645 -0.057675 0.795344 239 240 237 
-0.066543 0.244961 0.683494 98 105 33 
-0.079525 0.191279 0.705053 161 183 90 
-0.110382 -0.027822 0.782704 143 145 104 
-0.099517 0.084621 0.752002 221 224 194 
-0.105469 0.080859 0.756778 93 97 54 
-0.108242 -0.011642 0.781209 223 224 191 
-0.109173 -0.058183 0.793201 114 135 62 
-0.143990 -0.158509 0.840303 250 251 245 
-0.074134 0.119445 0.730919 107 116 36 
-0.086095 0.092709 0.745225 41 51 11 
-0.141458 -0.161148 0.843151 239 239 225 
-0.106974 0.003112 0.784553 85 95 26 
-0.115800 -0.160046 0.829940 227 226 198 
-0.032622 0.211265 0.689195 143 155 86 
-0.069741 0.107089 0.738814 146 146 65 
-0.096812 0.004842 0.785239 180 185 120 
-0.079111 -0.084737 0.795097 186 205 150 
-0.096649 -0.150909 0.822636 229 229 202 
-0.031174 0.164045 0.707293 135 150 82 
-0.099578 0.020066 0.787325 207 202 143 
-0.047890 0.278737 0.694914 159 161 102 
-0.064591 -0.031942 0.784056 236 236 214 
-0.081328 -0.157616 0.825199 73 83 42 
-0.042058 0.289056 0.696582 232 225 199 
-0.058035 -0.060349 0.790138 116 130 68 
-0.034588 0.130033 0.733049 130 137 47 
-0.043553 0.102516 0.745631 82 92 23 
-0.050109 0.096242 0.751565 113 109 57 
-0.032980 0.296987 0.696605 232 230 202 
-0.065000 0.085800 0.768073 215 227 157 
-0.046991 -0.085567 0.796020 162 181 110 
-0.002660 0.255954 0.689420 191 195 137 
0.005655 0.236544 0.688251 148 161 97 
-0.064851 0.083947 0.772345 155 160 86 
-0.041190 -0.047973 0.786950 132 144 75 
-0.042640 -0.074155 0.794068 80 97 32 
-0.042580 -0.094688 0.798828 100 111 50 
-0.041245 -0.022693 0.784834 115 116 35 
-0.039808 -0.123396 0.807291 204 208 155 
-0.027650 -0.110652 0.803210 109 124 24 
-0.048688 -0.153357 0.827741 203 198 145 
0.012712 0.179546 0.711880 76 86 39 
-0.046475 0.054664 0.789900 207 203 162 
-0.010839 -0.037585 0.785667 77 86 21 
-0.017555 -0.087714 0.801842 136 147 67 
-0.013613 -0.093711 0.804075 118 125 44 
-0.009073 -0.117929 0.806333 167 182 129 
0.048358 0.223896 0.691701 139 151 81 
-0.001816 -0.035816 0.786235 83 86 26 
-0.008184 -0.125647 0.811068 92 103 43 
-0.021245 -0.141648 0.824028 54 61 8 
-0.077705 -0.190934 0.875565 182 195 133 
0.052282 0.245747 0.687751 44 56 10 
-0.027917 0.040611 0.791541 225 219 171 
0.003511 -0.051338 0.789589 157 174 106 
-0.031096 -0.166327 0.840323 115 129 62 
-0.043578 -0.174643 0.851172 186 186 124 
0.004061 -0.021032 0.786089 74 87 17 
-0.014892 0.040363 0.789917 174 178 106 
-0.016202 0.034753 0.792118 241 230 196 
0.053246 0.198436 0.708974 73 84 28 
-0.008933 0.038910 0.789749 219 214 154 
0.019394 0.097460 0.759889 112 119 47 
-0.011181 0.085564 0.784966 184 165 101 
-0.020637 -0.173633 0.849067 165 169 67 
-0.030973 0.077989 0.805162 227 219 179 
-0.008051 0.056907 0.792869 168 167 91 
0.073721 0.211591 0.702310 74 90 28 
0.029056 0.098194 0.760216 116 119 66 
0.051615 0.296904 0.704014 161 176 84 
0.047848 0.132449 0.742568 99 109 25 
0.035544 0.102259 0.758305 82 95 35 
0.008621 0.085863 0.781946 184 169 107 
0.005166 -0.144070 0.834498 111 121 45 
-0.024749 -0.194283 0.871439 203 198 137 
0.044715 0.103134 0.758828 76 87 26 
0.034184 -0.023924 0.794107 96 100 32 
0.037533 -0.072913 0.805762 64 76 23 
0.026529 -0.084832 0.820323 124 111 54 
0.024911 -0.095615 0.823853 73 78 31 
0.084181 0.273609 0.703922 212 213 166 
0.026928 -0.089569 0.824711 152 131 76 
0.017204 -0.153733 0.845752 132 146 80 
0.089833 0.168041 0.725710 79 94 13 
0.044118 0.014956 0.793143 156 152 67 
0.045721 -0.006468 0.796430 97 109 44 
0.008673 -0.194574 0.864587 159 159 109 
0.097235 0.231012 0.710518 47 51 12 
0.062810 0.103280 0.763920 150 148 88 
0.052665 -0.017083 0.797016 130 146 71 
0.060173 -0.071410 0.802617 105 100 48 
0.098079 0.137953 0.733084 90 105 43 
0.086741 0.136205 0.742253 99 89 26 
0.040116 -0.099381 0.827639 112 123 56 
0.026930 -0.153576 0.849192 125 123 74 
0.108753 0.172602 0.728695 122 118 63 
0.050131 0.088897 0.792104 169 158 104 
0.035808 0.087571 0.803666 162 144 64 
0.114210 0.192212 0.724100 118 129 48 
0.057451 0.040443 0.800083 151 162 78 
0.074851 0.013851 0.791734 108 122 44 
0.088008 -0.049145 0.794187 76 87 26 
0.063889 -0.133349 0.830504 62 71 7 
0.106275 0.131466 0.746515 118 123 66 
0.036369 0.074568 0.813736 181 171 108 
0.083956 -0.009484 0.792937 71 79 14 
0.083345 0.092599 0.776446 107 107 34 
0.047916 -0.180745 0.860056 210 218 98 
0.123193 0.257753 0.714984 210 204 161 
0.126963 0.172495 0.729095 139 154 78 
0.126287 0.142433 0.735683 147 159 73 
0.082071 0.023014 0.795247 196 197 146 
0.090747 -0.007314 0.794369 62 73 16 
0.061788 0.085154 0.806831 120 117 66 
0.062315 -0.176439 0.858416 176 192 109 
0.095825 -0.136642 0.830338 137 151 86 
0.094927 0.085712 0.791163 84 98 41 
0.113269 -0.034163 0.799474 127 119 50 
0.103704 -0.135585 0.827180 114 121 49 
0.113757 0.004641 0.798784 79 93 24 
0.109061 -0.119608 0.826695 157 161 84 
0.113005 -0.136687 0.826711 153 165 69 
0.155587 0.223765 0.725385 104 103 31 
0.158840 0.141621 0.738438 42 50 9 
0.116351 -0.136820 0.827447 134 141 58 
0.122745 -0.005788 0.800568 159 159 112 
0.071074 -0.188431 0.878864 236 232 196 
0.119979 -0.120406 0.828295 77 89 35 
0.164972 0.209137 0.731496 122 130 41 
0.124621 0.081390 0.793600 129 130 90 
0.124632 0.031460 0.802948 118 129 58 
0.140900 -0.020877 0.802469 155 164 111 
0.145107 -0.044728 0.803306 67 77 12 
0.140213 -0.093305 0.816548 39 46 12 
0.158131 0.110328 0.766946 198 202 98 
0.147110 -0.073918 0.810540 69 82 12 
0.145998 -0.078745 0.812391 63 77 12 
0.178813 0.168534 0.742035 135 139 63 
0.160378 0.101756 0.777665 133 117 57 
0.154691 -0.052515 0.810645 119 121 60 
0.167829 0.107125 0.773869 182 165 110 
0.134000 0.069850 0.810301 88 107 40 
0.146122 0.043619 0.808107 114 119 75 
0.165706 -0.041915 0.806151 75 85 33 
0.165274 -0.099548 0.816860 110 126 31 
0.181191 0.111458 0.772346 113 134 40 
0.134394 0.089158 0.817986 204 187 132 
0.152135 0.045856 0.809834 171 185 91 
0.158975 -0.047094 0.820173 160 142 95 
0.170178 -0.096843 0.818986 189 198 114 
0.205986 0.198308 0.738586 125 143 47 
0.156373 0.100481 0.800185 183 169 105 
0.170066 -0.077528 0.819183 132 161 39 
0.165013 -0.111779 0.829721 81 78 21 
0.145078 -0.178791 0.859337 151 149 49 
0.156226 -0.171156 0.851486 172 175 114 
0.202739 0.138745 0.759253 120 116 73 
0.205802 0.185804 0.752048 167 183 119 
0.173492 -0.043834 0.820886 118 135 69 
0.155034 -0.179031 0.860903 186 182 128 
0.206104 0.160295 0.759855 134 137 76 
0.142025 0.074078 0.833061 229 216 173 
0.172178 0.032604 0.812622 103 113 51 
0.174510 -0.134228 0.838981 94 95 49 
0.172604 -0.146135 0.842753 104 116 47 
0.172576 0.106456 0.803438 181 169 122 
0.187521 -0.034951 0.813704 96 96 39 
0.176475 -0.058898 0.827894 136 122 82 
0.205376 0.164418 0.767260 180 170 129 
0.187007 -0.017308 0.814772 112 118 49 
0.188021 -0.091645 0.826349 156 174 99 
0.187938 -0.094177 0.826851 133 141 67 
0.205995 0.193042 0.765648 165 139 78 
0.153439 0.107680 0.828570 227 217 168 
0.206108 0.140467 0.778050 154 148 97 
0.202914 0.136983 0.781599 118 114 49 
0.174902 -0.172201 0.862421 83 103 41 
0.194578 -0.016233 0.821964 73 84 34 
0.202281 0.163748 0.789140 157 153 101 
0.184790 0.122662 0.812306 193 178 124 
0.196424 -0.015941 0.823795 114 122 58 
0.193706 -0.054695 0.832642 113 120 47 
0.168422 -0.183409 0.877367 132 150 88 
0.168062 0.099881 0.835682 238 233 203 
0.196383 -0.009191 0.826373 140 115 68 
0.192241 -0.130344 0.849788 95 105 30 
0.194388 0.040571 0.823980 146 162 79 
0.173400 0.081548 0.841314 232 217 168 
0.200443 -0.057038 0.837370 147 137 77 
0.201181 -0.110567 0.848662 165 155 85 
0.188634 0.110217 0.829927 206 196 148 
0.164708 -0.165242 0.895961 222 214 168 
0.192573 0.109070 0.830169 206 195 148 
0.201004 0.008624 0.837503 179 174 125 
0.210432 -0.034585 0.835027 165 182 78 
0.147718 -0.165912 0.919943 231 222 177 
0.198000 0.081872 0.836764 226 208 156 
0.150254 -0.157910 0.919993 218 209 160 
0.207201 -0.083541 0.860085 137 121 69 
0.226618 -0.026432 0.843205 192 184 137 
0.202150 -0.067270 0.873695 150 147 76 
0.187127 -0.096669 0.896785 172 148 95 
0.202014 -0.075507 0.882439 170 158 105 
0.187507 -0.142408 0.917846 235 227 188 
0.201531 -0.156382 0.836575 143 147 134 
0.211965 -0.137909 0.833536 159 158 123 
0.219065 -0.120288 0.832805 177 186 164 
0.198130 -0.118338 0.822318 183 187 124 
0.160111 -0.158258 0.829882 234 225 192 
0.164873 -0.142963 0.824709 143 148 92 
0.192548 -0.109666 0.818605 112 118 68 
0.175149 -0.121258 0.818466 137 152 98 
0.143226 -0.162194 0.832150 178 188 161 
0.173642 -0.116058 0.816866 199 200 164 
0.173329 -0.108198 0.813875 92 103 58 
0.200814 -0.082430 0.814345 177 185 147 
0.202980 -0.080468 0.814443 213 213 187 
0.146351 -0.145208 0.828343 62 75 28 
0.152098 -0.134920 0.824014 110 112 66 
0.160292 -0.123047 0.820370 127 133 76 
0.137022 -0.152230 0.831024 71 73 30 
0.141293 -0.132545 0.825637 155 150 90 
0.121047 -0.156856 0.834579 161 163 108 
0.153766 -0.101879 0.812851 112 124 66 
0.224142 -0.037062 0.815354 102 116 58 
0.120884 -0.148713 0.831382 96 115 54 
0.160403 -0.081771 0.804537 110 124 70 
0.135055 -0.111296 0.818149 154 155 95 
0.176260 -0.057794 0.805170 166 173 115 
0.118732 -0.130839 0.826212 83 91 39 
0.128891 -0.113265 0.818887 34 43 4 
0.107708 -0.124299 0.823467 76 81 31 
0.181285 -0.014812 0.795529 56 66 36 
0.134676 -0.055409 0.795723 159 170 118 
0.033705 -0.182081 0.828450 131 136 99 
0.127174 -0.056241 0.793936 99 112 52 
0.018556 -0.199976 0.840791 86 96 65 
0.091732 -0.086615 0.803510 145 156 104 
0.138198 -0.022252 0.788852 171 175 131 
0.045068 -0.133518 0.814253 72 81 37 
0.109623 -0.044477 0.787892 125 133 66 
0.036390 -0.128610 0.810034 176 179 139 
0.070766 -0.082079 0.796785 173 189 119 
0.222177 0.032777 0.829040 168 177 133 
0.022745 -0.138185 0.810898 159 168 123 
0.095283 -0.045942 0.788853 145 161 116 
0.199120 0.089579 0.767117 156 155 100 
0.034832 -0.092473 0.794479 160 160 112 
0.055697 -0.071502 0.793795 58 64 30 
0.208197 0.050133 0.821435 183 190 149 
0.057253 -0.065531 0.793761 72 79 30 
0.210834 0.061670 0.816957 207 206 171 
-0.021122 -0.159919 0.817130 192 195 154 
0.026461 -0.087987 0.790494 89 95 51 
0.156072 0.023976 0.805440 121 127 86 
0.058989 -0.055969 0.794762 88 93 44 
0.124116 -0.000123 0.802784 117 110 56 
0.188891 0.120925 0.742155 141 155 97 
0.209187 0.141463 0.741372 157 164 114 
-0.047932 -0.184706 0.829857 73 85 43 
0.099342 -0.001396 0.792684 87 89 48 
0.135615 0.004306 0.824309 146 128 88 
-0.016775 -0.108371 0.790418 153 163 126 
0.065346 -0.025571 0.787708 117 119 73 
0.165295 0.116037 0.740748 88 95 54 
0.198806 0.153989 0.735190 137 148 79 
0.062725 -0.019480 0.787743 103 108 52 
0.183374 0.151327 0.730751 111 118 77 
-0.003889 -0.080264 0.787625 84 94 56 
0.011772 -0.051610 0.777771 86 94 46 
0.055649 -0.016640 0.786525 104 112 65 
0.058338 -0.015377 0.788023 87 94 44 
-0.044620 -0.121936 0.798943 218 213 190 
-0.004543 -0.068477 0.783385 73 75 38 
0.121499 0.020163 0.821718 74 80 44 
-0.042507 -0.112476 0.795538 223 215 185 
-0.011277 -0.076688 0.789849 95 96 47 
0.153055 0.139041 0.729653 95 107 65 
0.161889 0.148156 0.729157 58 63 28 
-0.014544 -0.077193 0.791590 103 102 50 
-0.003970 -0.054400 0.777816 64 81 35 
0.015437 -0.033513 0.775773 75 83 35 
0.028045 -0.023804 0.778730 59 68 26 
0.197834 0.181335 0.736010 139 148 106 
0.206286 0.197395 0.727394 177 189 114 
-0.028452 -0.089372 0.794705 102 100 50 
0.032659 -0.017213 0.781154 40 48 21 
0.034944 -0.015705 0.781976 83 92 55 
0.053195 -0.003335 0.788169 75 80 31 
-0.016150 -0.068141 0.789241 81 86 33 
-0.015013 -0.065550 0.787588 80 90 41 
0.051602 0.001517 0.785780 94 100 41 
0.107991 0.027869 0.818366 126 119 85 
0.110183 0.072012 0.776042 125 127 69 
0.200061 0.209071 0.721132 64 75 23 
0.208013 0.216189 0.721922 147 155 98 
-0.085786 -0.158911 0.824104 126 147 76 
-0.066729 -0.122165 0.803696 60 70 31 
-0.026103 -0.073121 0.793402 70 74 40 
0.135237 0.149003 0.726064 116 117 70 
0.144422 0.157875 0.726256 122 132 82 
0.202283 0.219850 0.720529 162 169 116 
0.099604 0.082565 0.766583 80 82 45 
-0.102011 -0.192199 0.859085 106 114 62 
0.041038 0.024061 0.772307 131 141 97 
-0.101209 -0.168430 0.837664 142 151 95 
0.100720 0.030096 0.838328 115 120 64 
-0.106247 -0.193135 0.865771 163 168 109 
-0.076641 -0.099564 0.795656 85 93 50 
0.002724 -0.003319 0.779546 83 81 42 
0.031604 0.029450 0.774545 79 80 52 
0.071388 0.092475 0.746582 164 175 114 
0.078695 0.096926 0.749842 125 133 87 
0.105733 0.151042 0.717544 107 125 54 
-0.109921 -0.180133 0.862064 154 158 99 
-0.047574 -0.047374 0.777765 77 74 42 
0.024940 0.012416 0.791830 124 122 71 
0.059806 0.074559 0.759024 113 121 82 
0.095464 0.129174 0.736065 101 101 63 
0.098619 0.137821 0.729514 55 63 26 
0.147196 0.218456 0.699957 85 99 40 
-0.093694 -0.096785 0.797103 69 80 36 
0.076872 0.119511 0.739923 158 156 116 
0.196507 0.254994 0.719370 184 187 158 
-0.125768 -0.190782 0.877551 185 181 135 
-0.058452 -0.036248 0.771069 110 109 59 
0.045212 0.088204 0.744678 204 196 162 
0.075016 0.126280 0.734309 147 154 99 
-0.081409 -0.080495 0.802195 96 83 51 
0.019262 0.056032 0.757389 171 191 116 
-0.130412 -0.185317 0.876236 186 182 135 
-0.071426 -0.052620 0.785265 63 73 36 
0.037600 0.088308 0.745032 211 199 166 
0.066763 0.126572 0.733575 63 69 35 
0.106861 0.194302 0.699287 101 111 72 
0.154844 0.232486 0.710806 94 106 66 
-0.121968 -0.137045 0.832570 205 198 159 
-0.091968 -0.080353 0.799368 78 79 42 
-0.089504 -0.079425 0.801239 79 74 41 
-0.047730 -0.015048 0.772966 106 111 77 
-0.019811 0.004107 0.783502 91 88 50 
-0.009819 0.009107 0.789559 92 99 56 
0.065126 0.130673 0.731351 75 82 46 
0.064627 0.136748 0.728043 90 90 49 
0.065789 0.138730 0.727016 62 69 38 
-0.080987 -0.062320 0.800784 122 124 86 
-0.079331 -0.052191 0.790202 118 116 69 
0.082056 0.169291 0.713885 103 121 51 
-0.153142 -0.187975 0.873652 192 184 125 
0.091608 0.204767 0.686077 114 124 56 
0.110885 0.223080 0.687137 97 102 55 
0.180517 0.260715 0.726740 137 136 64 
-0.135831 -0.138852 0.838969 196 189 144 
0.018321 0.086019 0.748625 92 98 55 
0.060836 0.150748 0.720288 82 84 44 
0.064150 0.156616 0.717042 99 114 63 
0.085394 0.196931 0.692822 136 145 87 
-0.137277 -0.123476 0.828383 143 148 97 
-0.122770 -0.080099 0.791435 59 69 33 
-0.111928 -0.066094 0.792507 69 76 35 
-0.001336 0.060005 0.777203 93 97 48 
0.000115 0.062049 0.776431 65 81 34 
0.019118 0.107437 0.742252 174 168 125 
0.071300 0.198699 0.691522 76 83 50 
0.119779 0.241717 0.698363 144 157 117 
-0.000187 0.086158 0.749933 192 188 159 
-0.059171 0.006709 0.781973 97 101 64 
-0.003409 0.091521 0.743812 72 70 45 
-0.135363 -0.079077 0.800046 133 127 87 
-0.106813 -0.046165 0.794240 50 57 18 
0.067779 0.209203 0.687551 128 135 73 
0.187909 0.271779 0.762987 83 84 52 
-0.147586 -0.113614 0.834950 106 107 63 
-0.021925 0.061051 0.769876 174 170 134 
-0.153720 -0.125076 0.847628 218 205 172 
-0.147331 -0.110363 0.836538 188 177 127 
-0.151583 -0.119963 0.849315 137 138 99 
-0.138406 -0.068126 0.797513 65 63 29 
0.125747 0.258627 0.713575 100 105 58 
0.186853 0.278471 0.768846 174 172 133 
-0.083348 -0.005086 0.792183 123 116 72 
0.007807 0.139028 0.720832 47 59 24 
0.074411 0.226604 0.692592 40 48 27 
-0.080938 -0.000412 0.794551 104 96 57 
-0.120839 -0.039393 0.798694 93 96 61 
-0.070873 0.011040 0.798153 114 107 71 
-0.002192 0.132851 0.725772 80 85 36 
0.020856 0.159397 0.721044 72 76 30 
-0.151175 -0.085049 0.825149 168 163 115 
0.045160 0.199630 0.704353 45 54 30 
-0.123939 -0.036476 0.801423 128 121 79 
-0.112353 -0.031008 0.809919 98 93 51 
-0.033989 0.096105 0.742821 121 133 88 
0.105977 0.256140 0.715573 88 92 49 
-0.150258 -0.074397 0.823011 192 180 147 
0.015114 0.169092 0.715077 97 104 56 
-0.019437 0.129251 0.727456 112 116 72 
-0.074053 0.021300 0.807483 107 103 66 
0.006167 0.167399 0.715164 98 91 51 
0.089249 0.244659 0.723848 101 97 58 
0.034799 0.216239 0.691903 82 89 58 
-0.124461 -0.026328 0.814652 161 174 143 
-0.000704 0.169581 0.712642 102 97 58 
0.021195 0.197853 0.703714 78 78 41 
0.033029 0.217782 0.692254 122 121 91 
-0.104170 0.004441 0.805559 91 97 63 
-0.031295 0.138279 0.718632 74 80 50 
-0.021639 0.150880 0.714483 93 99 56 
0.071555 0.245384 0.713371 88 82 48 
-0.082563 0.056773 0.767125 149 163 107 
-0.163398 -0.075892 0.847275 192 183 147 
-0.076732 0.034714 0.813311 157 146 106 
0.113373 0.283794 0.729416 51 59 30 
-0.160342 -0.067387 0.845384 199 190 161 
-0.158565 -0.065436 0.845147 194 187 149 
-0.077467 0.035476 0.817012 151 142 101 
-0.077280 0.084104 0.746095 166 160 112 
-0.059802 0.109142 0.735216 115 117 67 
-0.133557 -0.021496 0.823613 103 117 56 
-0.114311 0.003307 0.815646 143 119 82 
-0.081738 0.084888 0.743805 197 187 156 
-0.045746 0.138550 0.718183 69 80 44 
0.007745 0.211212 0.690553 69 71 38 
0.071529 0.266055 0.704466 73 80 36 
-0.108647 0.012041 0.817107 69 75 40 
-0.047058 0.139932 0.719525 125 140 83 
0.035804 0.245940 0.686221 161 174 140 
-0.039243 0.159736 0.712452 106 108 52 
-0.026866 0.189030 0.687199 151 166 107 
0.005468 0.225201 0.681890 95 99 46 
0.015953 0.232709 0.686513 132 146 86 
0.057848 0.262227 0.705715 72 72 33 
-0.169504 -0.039623 0.826510 187 181 147 
-0.029998 0.187583 0.695129 105 110 59 
0.014727 0.237213 0.688372 66 61 28 
0.053547 0.265381 0.705221 105 100 63 
0.053374 0.268590 0.705514 105 99 53 
-0.072117 0.132058 0.725842 112 111 55 
-0.103172 0.095207 0.739851 154 148 98 
-0.108755 0.033460 0.833355 152 148 111 
-0.109930 0.073071 0.769475 197 184 148 
-0.112257 0.081565 0.752489 111 125 76 
-0.087961 0.118878 0.732587 82 94 51 
-0.016870 0.210829 0.701331 104 97 50 
0.088526 0.303063 0.724016 192 188 157 
-0.123169 0.022198 0.834444 119 91 57 
-0.087201 0.124356 0.730839 83 84 43 
-0.057172 0.161499 0.720244 95 106 54 
-0.083250 0.133153 0.728925 74 72 38 
0.039100 0.271219 0.706625 86 103 49 
-0.037365 0.203233 0.696999 65 70 38 
-0.096115 0.126716 0.735543 131 123 81 
0.024206 0.265728 0.708206 101 90 61 
0.002893 0.258826 0.689879 117 127 70 
-0.151498 0.029244 0.828001 192 184 155 
-0.158689 0.029792 0.821384 183 170 136 
-0.019753 0.240795 0.704428 88 99 53 
-0.012815 0.253038 0.695720 61 72 36 
-0.069145 0.200264 0.693750 94 92 65 
-0.096493 0.154743 0.729626 133 121 78 
-0.043438 0.226636 0.699203 125 115 87 
-0.145994 0.077939 0.780924 120 124 81 
-0.082861 0.189705 0.699473 131 142 102 
-0.013665 0.264293 0.692506 93 102 53 
-0.158561 0.062898 0.791190 85 86 73 
-0.012934 0.267255 0.694543 111 121 73 
-0.013048 0.269746 0.701884 120 124 84 
-0.140791 0.127258 0.729205 106 113 58 
-0.120064 0.148853 0.734643 110 103 69 
-0.046641 0.257228 0.675163 146 156 65 
-0.162351 0.087326 0.780378 156 153 90 
-0.096071 0.200970 0.697336 92 86 54 
-0.074314 0.224096 0.701854 118 112 65 
-0.001283 0.282251 0.732127 152 145 107 
0.001572 0.283828 0.734581 154 149 112 
-0.155337 0.100534 0.782729 172 171 119 
-0.131950 0.150547 0.734772 63 67 43 
-0.073400 0.226879 0.704635 104 97 55 
-0.155740 0.120204 0.752274 132 129 98 
-0.105287 0.200594 0.699046 103 113 77 
-0.014646 0.278911 0.725999 131 122 80 
0.011051 0.308961 0.725566 174 169 133 
-0.132602 0.173875 0.715464 132 134 90 
-0.173304 0.111517 0.761298 206 200 179 
-0.107964 0.217627 0.699182 128 126 76 
-0.060430 0.264924 0.702179 138 124 92 
-0.171780 0.132326 0.744290 204 198 169 
-0.170434 0.140109 0.731737 111 116 72 
-0.136482 0.168184 0.745123 153 141 109 
-0.098291 0.240032 0.681190 104 124 58 
-0.060936 0.268051 0.701548 55 60 31 
-0.114093 0.213013 0.708847 172 162 124 
-0.114659 0.216279 0.707789 177 167 136 
-0.016870 0.305780 0.729955 190 185 153 
-0.116206 0.227150 0.695914 86 93 53 
-0.023918 0.307160 0.726415 174 169 137 
-0.093257 0.255517 0.692903 115 109 63 
-0.066158 0.283327 0.699848 110 106 70 
-0.099525 0.257167 0.689495 84 80 46 
-0.124529 0.245482 0.679855 88 94 48 
-0.059458 0.294858 0.717951 168 163 133 
-0.135994 0.219165 0.717826 166 154 113 
-0.051252 0.307764 0.715602 174 169 138 
-0.057421 0.305699 0.720717 179 174 144 
-0.058559 0.307441 0.714314 174 168 137 
-0.131621 0.222216 0.742935 184 175 143 
-0.076400 0.298473 0.722684 171 166 137 
-0.161193 0.212919 0.748079 200 192 163 
-0.096230 0.291395 0.721998 169 163 133 
-0.145478 0.261252 0.710198 172 181 125 
-0.155186 0.247872 0.734603 177 169 136 
-0.155187 0.252010 0.724115 172 170 129 
-0.139964 0.276540 0.710187 155 143 103 
-0.159620 0.259267 0.710067 99 108 61 
-0.159184 0.264051 0.707007 112 120 68 
-0.146481 -0.186413 0.846565 176 179 105 
-0.167890 -0.162580 0.842054 242 243 237 
-0.079098 -0.152762 0.807523 152 176 97 
-0.166033 -0.130332 0.823006 234 233 230 
-0.066886 -0.154082 0.807814 130 143 82 
-0.153206 -0.122984 0.813750 241 238 231 
-0.115757 -0.117536 0.800054 227 229 205 
-0.014762 -0.164945 0.813323 195 198 157 
-0.011453 -0.168545 0.815891 218 220 185 
-0.011650 -0.197386 0.847870 141 150 102 
-0.056151 -0.129557 0.795724 158 166 106 
-0.048888 -0.132815 0.796215 95 107 39 
-0.122328 -0.097537 0.792620 131 148 66 
0.025563 -0.178297 0.830138 183 184 144 
0.044263 -0.186640 0.831248 126 136 75 
-0.137862 -0.062845 0.776367 214 217 198 
-0.073588 -0.092136 0.780792 147 151 108 
0.025673 -0.173672 0.828778 92 106 36 
0.025982 -0.168849 0.827086 146 153 78 
0.009633 -0.129897 0.793935 103 117 61 
-0.152670 -0.052604 0.787523 240 241 235 
-0.098708 -0.070674 0.783423 138 127 91 
-0.069440 -0.078356 0.778758 89 97 34 
0.054964 -0.170211 0.827170 112 124 58 
0.078176 -0.194771 0.848716 180 185 145 
-0.113363 -0.050080 0.774380 213 217 192 
-0.040077 -0.085527 0.781197 54 66 2 
0.061085 -0.165202 0.826350 170 179 108 
0.008760 -0.100367 0.779336 144 153 81 
0.075441 -0.173455 0.833128 119 132 84 
0.084504 -0.185288 0.842656 125 131 81 
-0.042917 -0.076648 0.779988 157 147 69 
-0.162372 -0.037441 0.795136 148 164 86 
-0.045226 -0.071460 0.778920 147 159 90 
0.022667 -0.101103 0.781211 96 113 46 
0.045719 -0.137101 0.812522 98 113 48 
0.058887 -0.150797 0.822323 150 157 102 
0.073646 -0.159170 0.825093 116 130 54 
0.038376 -0.113657 0.792287 87 99 48 
0.107107 -0.177395 0.834383 208 206 170 
-0.153341 -0.029420 0.789652 167 177 119 
-0.097908 -0.036299 0.770777 159 165 113 
0.058673 -0.142271 0.820233 145 147 78 
0.004837 -0.083416 0.780474 147 156 108 
0.117420 -0.170201 0.828624 159 172 97 
-0.093347 -0.030773 0.769963 211 210 185 
0.075190 -0.143374 0.821327 49 59 7 
-0.086865 -0.030655 0.770614 98 110 38 
-0.042245 -0.046470 0.767358 148 173 100 
0.045633 -0.102765 0.791197 56 72 16 
0.081622 -0.142337 0.820830 198 197 162 
-0.146266 -0.014429 0.784933 212 213 183 
0.055357 -0.111600 0.800873 153 155 108 
0.065829 -0.131043 0.819093 70 84 30 
0.081280 -0.138371 0.820172 173 176 134 
0.113534 -0.154189 0.823052 125 132 51 
-0.045638 -0.038252 0.767018 96 108 40 
-0.042881 -0.039038 0.766573 106 116 36 
0.001994 -0.069636 0.780944 70 82 33 
0.047713 -0.095673 0.789353 131 147 88 
0.071691 -0.130733 0.819736 80 95 30 
0.149681 -0.166539 0.823633 132 145 57 
0.126976 -0.150532 0.819607 140 153 76 
-0.019688 -0.050081 0.776097 106 115 56 
0.009205 -0.064421 0.778769 112 111 51 
-0.110136 -0.006604 0.773575 174 186 125 
0.068516 -0.107689 0.805127 129 134 78 
0.080407 -0.122072 0.816639 150 153 84 
0.092859 -0.125444 0.814322 189 186 146 
0.144279 -0.148944 0.816525 73 86 39 
-0.070782 -0.017873 0.771050 110 119 21 
0.043959 -0.076726 0.783710 78 84 29 
0.071034 -0.096731 0.798182 87 97 29 
-0.003728 -0.047342 0.780327 119 133 83 
0.032523 -0.060958 0.778033 106 116 76 
0.133109 -0.131885 0.812962 96 108 45 
0.025222 -0.048718 0.770574 159 176 118 
-0.171379 0.029023 0.782858 204 198 170 
0.114733 -0.113667 0.807862 108 111 41 
-0.112357 0.019579 0.771243 222 219 199 
0.160904 -0.133674 0.815891 98 105 46 
0.198671 -0.179882 0.853799 219 213 185 
-0.094557 0.008365 0.779924 216 207 172 
0.117569 -0.101174 0.802353 136 132 77 
-0.000138 -0.026605 0.776387 164 175 102 
0.094547 -0.079259 0.791086 107 127 56 
0.114894 -0.093280 0.797707 50 60 20 
0.139277 -0.109253 0.804581 118 133 75 
0.153103 -0.116786 0.806529 88 93 42 
-0.050820 0.001180 0.773159 86 99 49 
0.055662 -0.051237 0.780837 54 55 9 
0.147633 -0.108749 0.803198 102 118 55 
0.176455 -0.137347 0.823798 100 106 59 
0.041283 -0.039383 0.777659 27 38 3 
0.132196 -0.099001 0.803274 111 116 65 
0.138626 -0.101658 0.803073 63 77 31 
0.155447 -0.108839 0.802841 94 109 45 
-0.155610 0.051681 0.775667 217 201 153 
0.018724 -0.028212 0.780041 94 100 29 
0.041779 -0.037911 0.779495 36 46 7 
-0.142270 0.047503 0.777843 211 206 161 
-0.066353 0.016150 0.775140 178 160 111 
-0.031571 0.003033 0.776435 125 136 63 
0.169700 -0.105891 0.806589 94 98 47 
0.114685 -0.061856 0.784698 167 188 67 
0.144704 -0.087374 0.800782 65 73 26 
0.171520 -0.102866 0.805502 200 195 159 
0.210210 -0.177148 0.880909 203 203 173 
-0.088491 0.054373 0.758887 142 155 92 
-0.021252 0.012099 0.775158 121 136 71 
0.002106 -0.003532 0.782070 100 117 41 
0.153204 -0.082537 0.797313 131 120 76 
0.214281 -0.174346 0.883296 206 206 177 
-0.132852 0.087276 0.745738 191 196 146 
0.012730 -0.005506 0.782540 113 129 53 
0.146777 -0.075971 0.796381 95 107 41 
0.202930 -0.134334 0.840813 171 180 113 
-0.119795 0.089653 0.738935 130 149 72 
0.156350 -0.073917 0.791843 175 186 98 
-0.138273 0.098307 0.747092 184 190 156 
-0.067425 0.061117 0.754045 82 93 37 
-0.015951 0.023012 0.774153 123 116 54 
-0.165379 0.142306 0.708205 78 82 42 
0.005457 0.010077 0.782799 105 100 47 
0.007735 0.009011 0.782841 101 99 42 
0.220067 -0.158416 0.879757 191 188 158 
0.221725 -0.160170 0.881123 186 186 151 
-0.143304 0.113990 0.737485 175 185 126 
-0.138998 0.107373 0.743868 208 212 178 
-0.064683 0.069695 0.749127 60 71 19 
0.027017 -0.000049 0.787494 75 80 26 
-0.052977 0.047300 0.776870 118 137 62 
0.077749 -0.022614 0.790926 115 126 51 
-0.154296 0.136839 0.725892 183 191 148 
0.212389 -0.108227 0.832395 56 68 31 
-0.122124 0.129170 0.720250 72 78 23 
-0.150236 0.143123 0.723188 220 220 200 
-0.073281 0.104814 0.727039 101 112 51 
-0.052178 0.071620 0.759950 229 221 185 
-0.025813 0.050736 0.772163 158 150 77 
0.111642 -0.017262 0.778438 101 122 41 
0.135590 -0.029441 0.779997 86 101 36 
-0.094571 0.120202 0.723491 105 116 49 
-0.079749 0.117231 0.722213 64 75 18 
-0.050721 0.077353 0.759615 214 200 152 
-0.004942 0.053154 0.763751 122 135 62 
0.016433 0.011714 0.808410 136 123 84 
-0.113186 0.143786 0.710850 68 78 19 
0.158618 -0.046310 0.801127 110 103 53 
-0.159146 0.179636 0.694575 130 139 78 
-0.154083 0.172144 0.701910 74 74 54 
0.022887 0.053037 0.753960 183 197 115 
0.137287 -0.015417 0.775380 111 137 54 
-0.063250 0.123304 0.719463 71 76 29 
-0.004929 0.074341 0.750595 65 76 20 
-0.057208 0.123112 0.719874 88 96 46 
-0.002918 0.078895 0.746913 65 75 20 
-0.000440 0.030700 0.815221 157 148 104 
-0.001220 0.027661 0.820170 145 133 81 
0.084210 0.002682 0.797933 93 108 26 
0.001944 0.080502 0.745514 77 90 39 
0.212128 -0.073112 0.824649 164 159 127 
-0.130943 0.176969 0.700754 123 129 82 
-0.114114 0.158333 0.716383 212 210 175 
-0.031617 0.098045 0.747428 146 159 93 
0.083187 0.009506 0.797439 96 91 45 
0.000937 0.032983 0.824912 147 136 69 
0.083100 0.013242 0.796409 121 116 79 
0.114187 -0.002613 0.797987 117 109 62 
0.078934 0.022965 0.793786 63 73 20 
-0.159222 0.201086 0.702603 156 162 157 
0.025137 0.070356 0.765927 190 185 143 
0.029480 0.056491 0.783559 163 156 102 
-0.140389 0.201406 0.692983 90 104 34 
0.040875 0.027308 0.823722 121 111 58 
0.170241 -0.021880 0.804136 121 124 85 
-0.138782 0.204959 0.690855 185 191 139 
-0.121725 0.191994 0.698019 96 105 40 
0.033662 0.088626 0.741004 79 94 54 
0.113591 0.007491 0.805385 56 55 25 
0.132906 0.004719 0.795496 77 87 27 
0.152398 -0.008944 0.801942 78 87 41 
0.196654 -0.039636 0.816077 162 154 122 
-0.065649 0.178614 0.681570 151 161 98 
0.028034 0.093435 0.742155 79 87 29 
0.037837 0.089941 0.740262 107 117 75 
0.048824 0.080645 0.746315 154 167 97 
0.051718 0.080063 0.745073 192 205 129 
0.101711 0.015352 0.806659 74 90 29 
0.163303 -0.012156 0.803203 62 73 25 
0.215105 -0.057706 0.834351 71 82 31 
-0.138008 0.222502 0.672361 128 151 38 
-0.017985 0.149559 0.694883 126 142 96 
0.015672 0.094984 0.753299 231 216 176 
0.041833 0.091168 0.739758 146 133 94 
0.181464 -0.019855 0.805909 152 141 107 
-0.057194 0.177118 0.686066 125 149 54 
0.133663 0.011081 0.798484 94 100 42 
0.182528 -0.017925 0.806541 127 120 80 
-0.125450 0.212267 0.687446 166 177 125 
0.033657 0.100149 0.740754 155 152 99 
0.151890 -0.000014 0.806355 120 134 73 
0.202968 -0.043328 0.834762 116 117 67 
0.193522 -0.020014 0.810295 179 179 120 
-0.006457 0.148338 0.705099 81 95 43 
0.013033 0.113767 0.744092 219 208 155 
0.137200 0.017104 0.799901 92 104 48 
0.139440 0.016283 0.799469 85 93 42 
0.170012 -0.000302 0.806420 67 79 37 
0.205895 -0.034197 0.831898 155 155 106 
-0.116104 0.221860 0.683064 50 70 2 
-0.113962 0.209632 0.700659 138 138 89 
0.076443 0.044278 0.813316 211 202 168 
-0.076485 0.199528 0.691892 191 185 126 
-0.069172 0.197933 0.688698 94 99 45 
-0.026222 0.167392 0.703454 118 107 40 
0.049289 0.112225 0.731731 84 98 44 
0.051503 0.111268 0.731515 82 93 39 
0.065601 0.056001 0.807979 195 188 147 
-0.114314 0.231418 0.675402 215 218 188 
-0.085343 0.205616 0.693626 193 190 150 
0.023169 0.139150 0.713862 68 79 20 
0.190961 -0.003325 0.808328 98 69 31 
0.087779 0.058108 0.796540 195 187 145 
0.095638 0.067006 0.780623 185 181 138 
0.214496 -0.023656 0.831245 139 132 79 
0.173035 0.016758 0.803992 73 83 32 
-0.124200 0.255611 0.666636 144 168 85 
0.008245 0.158808 0.716209 112 115 70 
0.101661 0.049509 0.818205 182 174 133 
-0.003760 0.168685 0.714401 117 113 41 
0.004474 0.162512 0.717736 123 117 81 
0.032259 0.154420 0.708065 94 107 36 
0.112222 0.087120 0.752534 187 186 136 
0.131482 0.038828 0.815947 56 65 18 
0.065372 0.132032 0.721874 96 108 53 
0.115722 0.088225 0.752281 173 170 121 
0.131458 0.045264 0.810126 177 172 133 
0.144339 0.036830 0.813325 161 156 119 
0.208487 -0.021398 0.856055 165 161 121 
0.033966 0.161318 0.704055 104 124 47 
0.104271 0.093458 0.757704 80 83 25 
0.120831 0.088106 0.752684 141 139 100 
0.134510 0.043370 0.815484 135 149 91 
0.207374 0.011505 0.807212 106 127 42 
-0.077416 0.227412 0.692410 199 190 141 
0.038253 0.162442 0.702977 103 121 40 
0.167708 0.034273 0.807388 125 140 64 
-0.103034 0.254711 0.673064 176 184 140 
0.131950 0.086228 0.755403 200 190 147 
0.139192 0.058196 0.801020 152 172 98 
0.211465 -0.011612 0.856688 184 181 149 
0.017861 0.180474 0.703470 113 108 51 
-0.065597 0.241565 0.681269 92 102 35 
0.056586 0.166977 0.701623 87 97 31 
-0.022962 0.220865 0.683754 152 165 92 
0.022532 0.187748 0.700497 118 103 56 
0.092681 0.141214 0.718497 87 98 35 
0.118951 0.110397 0.748342 205 197 148 
0.149879 0.054982 0.816494 150 148 92 
0.170107 0.042927 0.824231 163 154 108 
0.194777 0.028593 0.827017 171 164 117 
-0.083127 0.258293 0.681922 76 85 37 
0.152316 0.059013 0.817164 152 148 97 
-0.138479 0.282904 0.693824 192 187 158 
0.034336 0.185457 0.707595 84 84 20 
0.108407 0.142798 0.715062 67 84 25 
-0.119454 0.279015 0.688180 177 176 130 
-0.025490 0.232337 0.689025 124 123 57 
0.165236 0.050934 0.834604 157 152 105 
0.078152 0.177063 0.695769 115 132 62 
0.091683 0.161276 0.711334 67 77 18 
0.116391 0.148343 0.711385 153 175 103 
-0.133391 0.287301 0.701211 203 200 172 
0.020039 0.217546 0.682238 111 119 37 
0.095087 0.162147 0.711155 100 95 41 
0.120411 0.147698 0.713293 87 104 36 
0.168066 0.114348 0.728372 174 192 85 
-0.100478 0.280214 0.687879 189 184 139 
-0.091578 0.276825 0.685565 195 185 137 
-0.069605 0.266524 0.683345 186 172 127 
0.021764 0.222343 0.676543 150 178 75 
0.028697 0.205572 0.700251 55 66 23 
0.098106 0.162859 0.711604 81 88 22 
0.207784 0.047617 0.815741 78 81 36 
-0.014800 0.237277 0.688933 118 112 47 
0.019590 0.226248 0.676111 150 176 73 
0.024106 0.216760 0.689025 130 123 58 
0.096985 0.172512 0.699755 101 96 53 
0.130347 0.145448 0.717031 100 109 65 
0.162426 0.123440 0.726351 83 92 22 
0.184966 0.049646 0.838813 166 163 117 
-0.092907 0.278642 0.693364 195 182 133 
0.027035 0.224828 0.676137 155 165 82 
-0.048581 0.265241 0.679928 154 138 84 
-0.008620 0.241364 0.689751 160 148 95 
0.080021 0.197021 0.684910 75 87 43 
0.119481 0.160712 0.713369 104 98 48 
0.181420 0.068954 0.822276 128 139 81 
0.107956 0.167834 0.716161 43 52 17 
0.132993 0.156428 0.717284 102 98 59 
0.187709 0.101400 0.765709 111 116 41 
-0.034368 0.266205 0.683457 153 153 84 
0.085386 0.205708 0.677064 90 102 25 
0.148384 0.148192 0.722017 109 123 59 
0.150331 0.147282 0.721774 99 113 51 
0.090725 0.202384 0.682531 128 140 73 
0.114919 0.170896 0.717622 95 78 36 
0.121466 0.168285 0.715937 75 74 22 
0.131257 0.163552 0.714985 48 51 19 
0.066248 0.219859 0.678865 59 71 21 
0.088271 0.209152 0.676773 149 163 62 
0.189148 0.077690 0.824053 212 198 156 
-0.095462 0.291859 0.712045 186 177 131 
-0.004267 0.255296 0.688235 109 108 53 
0.140431 0.165864 0.715325 119 109 62 
0.170856 0.143407 0.727021 118 133 74 
-0.048659 0.283464 0.689987 127 133 48 
0.035534 0.243561 0.679247 120 122 60 
0.045079 0.236838 0.682290 65 78 20 
0.195950 0.129151 0.733161 106 128 46 
0.208639 0.106761 0.763277 164 157 85 
-0.095025 0.300969 0.709854 187 180 134 
-0.046247 0.283925 0.691633 179 189 114 
-0.026726 0.274970 0.688501 135 137 59 
0.146193 0.167253 0.716120 58 69 23 
0.160512 0.151740 0.731262 115 113 50 
0.202572 0.082274 0.822334 209 194 144 
-0.009430 0.270258 0.684397 102 113 50 
0.041843 0.244730 0.679936 101 126 54 
0.206399 0.118640 0.752240 91 104 37 
-0.038192 0.282453 0.696187 156 155 100 
0.111856 0.206995 0.684167 105 99 43 
0.123280 0.186492 0.712379 82 96 40 
0.138930 0.178941 0.710495 66 79 30 
0.060119 0.238299 0.682699 40 51 8 
0.064103 0.236257 0.682445 97 113 50 
0.092552 0.221018 0.681932 51 63 19 
0.117188 0.198879 0.699248 68 79 22 
-0.056253 0.295006 0.701213 204 192 150 
0.068660 0.235729 0.683390 126 114 66 
0.196792 0.147309 0.729934 86 101 20 
-0.034816 0.286777 0.710057 128 122 76 
0.107496 0.224271 0.678062 65 77 21 
-0.037096 0.288252 0.714990 163 142 97 
-0.006814 0.279998 0.697723 100 114 51 
0.118250 0.219615 0.680287 65 75 37 
0.127123 0.205351 0.699500 71 83 40 
0.180253 0.159721 0.733030 84 86 36 
-0.058575 0.307831 0.715494 185 175 125 
0.065217 0.250517 0.691828 120 118 54 
0.128614 0.212802 0.697176 106 99 55 
0.146969 0.194893 0.713324 70 78 34 
0.164480 0.181396 0.721233 89 107 55 
0.200114 0.158576 0.727624 130 149 43 
0.075267 0.246766 0.693088 83 83 43 
0.194954 0.164483 0.726238 123 133 59 
-0.041183 0.298917 0.725096 195 183 134 
0.002504 0.279635 0.719890 131 91 41 
-0.042533 0.307359 0.720006 209 200 160 
0.203730 0.160999 0.738457 70 77 32 
0.178931 0.184912 0.722023 84 94 46 
0.180243 0.183734 0.722976 136 144 69 
0.174182 0.199703 0.716173 123 117 57 
0.138731 0.232897 0.697358 64 78 21 
0.145562 0.227350 0.701106 76 82 35 
0.159919 0.214847 0.710881 76 89 37 
0.190434 0.195293 0.715884 100 113 35 
0.192100 0.194308 0.715972 118 135 53 
0.156243 0.221163 0.706619 63 71 24 
0.194123 0.197508 0.716606 67 79 27 
0.054914 0.290592 0.690856 129 149 49 
0.125475 0.242179 0.720421 91 79 37 
0.070147 0.274751 0.724251 124 132 74 
0.156285 0.232100 0.708147 111 119 63 
0.075718 0.287090 0.693402 159 129 71 
0.078211 0.292410 0.682967 112 119 50 
0.078113 0.289984 0.688862 173 162 116 
0.164068 0.230885 0.711361 104 110 48 
0.194894 0.215960 0.709932 153 161 63 
0.166080 0.234019 0.712133 98 100 47 
0.078433 0.276580 0.738000 192 184 151 
0.199472 0.223600 0.712392 136 154 64 
0.161118 0.247983 0.713223 54 41 16 
0.095782 0.285070 0.734410 150 139 95 
0.160455 0.254634 0.714821 114 111 60 
0.163313 0.255186 0.714963 172 185 123 
0.110864 0.280711 0.741460 158 148 101 
0.115994 0.277340 0.742323 163 159 88 
0.119305 0.275085 0.743089 158 148 78 
0.095964 0.293722 0.736869 180 171 129 
0.102976 0.293523 0.739167 187 178 139 
0.108321 0.306692 0.733665 197 193 156 
0.147835 0.278696 0.745371 170 156 104 
0.125961 0.306759 0.736658 191 185 143 
0.142063 0.294414 0.744101 226 216 183 
0.132010 0.308861 0.733342 192 187 149 
0.187906 0.280040 0.730849 197 188 148 
0.188811 -0.171611 0.840781 188 190 148 
0.204550 -0.121136 0.825133 164 174 110 
0.201836 -0.110055 0.819467 151 158 120 
0.173410 -0.182625 0.840242 155 157 119 
0.203772 -0.066581 0.810602 170 177 139 
0.170159 -0.137869 0.825097 56 63 22 
0.179640 -0.098322 0.809488 125 132 77 
0.197826 -0.066776 0.808588 78 82 49 
0.162268 -0.149691 0.828622 122 125 78 
0.171101 -0.100038 0.809893 107 117 58 
0.208257 -0.027909 0.807377 113 126 64 
0.159696 -0.122379 0.820829 81 95 44 
0.165211 -0.090630 0.805777 143 153 98 
0.132700 -0.162266 0.835097 90 99 39 
0.148950 -0.100599 0.811662 55 68 28 
0.222471 0.011476 0.823493 114 125 61 
0.122911 -0.190370 0.852159 104 109 55 
0.144619 -0.064198 0.799335 129 128 66 
0.132387 -0.097809 0.812833 76 80 38 
0.132732 -0.091753 0.809030 165 160 110 
0.105626 -0.183766 0.855192 141 150 88 
0.217051 0.034793 0.833308 190 194 160 
0.102468 -0.164658 0.842613 106 120 58 
0.099154 -0.159288 0.839479 191 197 165 
0.114824 -0.085079 0.805515 129 140 47 
0.102339 -0.128514 0.825995 163 177 106 
0.179859 0.124563 0.738681 118 133 62 
0.210232 0.193421 0.726100 172 185 107 
0.108036 -0.081367 0.803686 47 58 17 
0.143381 -0.002868 0.790185 62 72 31 
0.090610 -0.167957 0.849388 94 106 59 
0.123967 -0.029259 0.790063 128 139 79 
0.151872 0.005885 0.798714 72 77 33 
0.086454 -0.145080 0.832478 47 59 15 
0.087577 -0.139218 0.829609 77 88 35 
0.128886 -0.007998 0.785187 99 102 37 
0.206785 0.214991 0.719128 140 151 101 
0.073865 -0.177516 0.849982 158 170 99 
0.089831 -0.111849 0.821758 94 96 57 
0.161685 0.131311 0.733011 100 112 48 
0.173533 0.156253 0.729450 81 89 44 
0.179127 0.172208 0.724715 170 171 117 
0.059185 -0.190834 0.846264 200 195 103 
0.085180 -0.093356 0.807050 154 167 114 
0.130824 0.000900 0.794662 139 129 72 
0.141268 0.005660 0.804168 185 179 136 
0.159489 0.134866 0.731980 168 171 143 
0.156312 0.136135 0.731390 100 108 66 
0.169487 0.167856 0.724481 167 176 126 
0.161692 0.083383 0.781601 177 165 127 
0.167921 0.173568 0.722587 79 80 46 
0.094356 -0.037554 0.795618 87 96 56 
0.146937 0.025616 0.815286 111 114 73 
0.149852 0.144314 0.730153 149 153 124 
0.152387 0.148773 0.730045 95 104 58 
0.146016 0.054323 0.797295 202 198 163 
0.155983 0.168080 0.724501 139 146 100 
0.141949 0.085263 0.773385 50 58 18 
0.141832 0.144631 0.728365 78 85 51 
0.200954 0.258665 0.718319 85 89 42 
0.090497 -0.017759 0.789594 150 163 112 
0.114068 0.007009 0.801312 83 84 41 
0.158273 0.207141 0.710888 119 127 90 
0.121435 0.134076 0.727408 113 118 72 
0.153096 0.213698 0.707759 86 95 48 
0.178550 0.247059 0.715586 79 87 44 
0.079211 -0.011865 0.788917 47 57 30 
0.118052 0.135367 0.726353 119 126 82 
0.145419 0.208238 0.706180 108 116 57 
0.042538 -0.054376 0.782461 127 140 65 
0.091063 0.012255 0.795397 104 112 56 
0.100248 0.017307 0.803760 117 114 70 
0.111859 0.076137 0.773304 137 136 100 
0.117730 0.117853 0.748541 91 100 69 
0.112526 0.147079 0.718699 120 133 75 
0.142728 0.219050 0.702890 114 128 72 
0.165145 0.243499 0.713820 75 79 40 
0.004442 -0.150669 0.811467 166 172 129 
0.114794 0.114226 0.752020 149 146 96 
0.019193 -0.107221 0.801940 161 177 108 
0.032534 -0.037212 0.773978 110 120 61 
0.099888 0.096912 0.759363 226 217 193 
0.103252 0.116095 0.748668 199 184 138 
0.109714 0.164690 0.718746 48 53 24 
-0.008030 -0.180355 0.837513 182 188 151 
-0.004847 -0.122423 0.795427 99 115 74 
0.016247 -0.093516 0.801360 48 55 20 
0.096396 0.141727 0.723282 52 58 26 
-0.008506 -0.191508 0.850841 174 174 139 
0.066220 0.015539 0.787660 68 72 38 
0.092584 0.104816 0.752281 71 79 39 
0.015378 -0.059780 0.782517 152 164 108 
0.073328 0.024320 0.795317 99 106 59 
0.004837 -0.092793 0.799379 118 119 78 
0.070544 0.025733 0.795164 132 133 73 
0.085145 0.123031 0.741048 178 170 135 
-0.022998 -0.129897 0.800124 159 179 122 
0.005947 -0.057377 0.781595 77 86 44 
0.009516 -0.038978 0.771524 73 86 49 
0.054307 0.024280 0.783163 127 137 64 
0.002599 -0.076596 0.797533 78 84 48 
0.003064 -0.061706 0.785875 105 113 52 
0.045878 0.022411 0.777535 125 137 88 
0.073516 0.031459 0.809603 180 174 128 
0.078628 0.059932 0.793354 95 113 52 
0.093909 0.213454 0.688168 104 117 68 
0.162539 0.290526 0.727323 121 130 91 
0.024715 -0.009606 0.783442 48 54 20 
0.077736 0.153085 0.724182 72 74 35 
0.090293 0.221729 0.684962 130 125 79 
-0.040378 -0.160995 0.820774 122 134 86 
-0.025332 -0.104407 0.795124 142 155 108 
-0.004493 -0.042695 0.773611 122 136 74 
0.107946 0.252270 0.689486 93 99 56 
-0.038096 -0.136693 0.808641 189 182 158 
-0.011577 -0.071176 0.792150 74 74 25 
0.081020 0.053213 0.822798 215 214 182 
0.082807 0.044764 0.837855 179 175 136 
-0.014937 -0.039645 0.770201 124 135 88 
0.068873 0.170971 0.714684 97 103 52 
0.071137 0.192543 0.699614 105 116 65 
0.096951 0.248971 0.689728 145 153 106 
-0.046415 -0.134774 0.809781 46 54 18 
-0.055117 -0.151188 0.815964 126 128 76 
-0.048102 -0.130653 0.808773 91 104 60 
-0.025855 -0.074762 0.793942 59 66 29 
0.060524 0.162366 0.718985 89 94 53 
0.144492 0.296522 0.739187 209 204 175 
-0.067506 -0.169630 0.828728 86 99 68 
-0.028945 -0.028875 0.764218 166 180 113 
0.036050 0.117603 0.735170 100 105 57 
0.098188 0.262559 0.707847 58 67 21 
-0.034092 -0.052290 0.786967 80 83 40 
0.017115 0.059181 0.767443 142 151 84 
-0.045723 -0.065673 0.785871 105 100 66 
-0.043417 -0.061243 0.785517 112 106 71 
0.044539 0.175714 0.711300 96 90 56 
0.132137 0.306338 0.731439 229 224 194 
-0.078881 -0.172690 0.834959 186 191 143 
0.010270 0.030365 0.792745 133 151 88 
0.009998 0.057244 0.768190 104 112 58 
0.080493 0.254508 0.701866 111 109 57 
-0.067484 -0.109173 0.801020 93 100 48 
-0.058837 -0.084421 0.792347 130 125 91 
-0.004860 0.012236 0.790438 153 156 93 
0.069281 0.246749 0.695969 40 32 17 
0.122963 0.307595 0.725917 86 101 47 
-0.070112 -0.107539 0.800578 85 94 42 
-0.049822 -0.048673 0.779428 84 77 44 
0.010276 0.030963 0.802765 88 101 30 
0.008814 0.047885 0.785076 113 114 63 
0.032618 0.174957 0.707601 93 103 52 
0.038625 0.189602 0.703866 97 89 55 
0.051783 0.228799 0.689221 80 72 46 
-0.060949 -0.074362 0.790209 84 88 36 
-0.002683 0.020025 0.797353 100 95 53 
0.030043 0.158508 0.723339 127 108 75 
0.054118 0.236053 0.691102 89 93 44 
0.065418 0.248832 0.697533 146 142 108 
-0.091893 -0.188850 0.850665 102 117 61 
-0.037756 -0.010055 0.773771 59 65 37 
-0.084002 -0.126902 0.811818 71 80 39 
-0.076463 -0.100739 0.799891 107 106 62 
-0.002349 0.025934 0.803162 106 98 56 
0.078223 0.268569 0.709834 72 78 46 
-0.083445 -0.114844 0.806894 99 102 48 
0.005836 0.050502 0.799131 146 142 97 
-0.092045 -0.137879 0.819638 121 122 61 
-0.000744 0.055953 0.788656 183 179 140 
-0.003948 0.090308 0.751299 99 112 71 
0.007743 0.139876 0.724216 56 67 33 
0.017796 0.180508 0.702786 96 104 47 
0.067501 0.263923 0.706570 100 109 50 
-0.099815 -0.196558 0.867364 115 120 63 
-0.028364 0.013309 0.788411 99 109 65 
0.104292 0.294505 0.743711 190 184 149 
-0.101822 -0.191697 0.865176 140 145 81 
-0.081151 -0.089615 0.803135 62 64 35 
0.012688 0.178411 0.706140 74 79 38 
-0.067952 -0.026723 0.770905 107 111 73 
-0.062588 -0.015780 0.769496 127 145 83 
-0.044918 0.007935 0.776581 97 99 71 
0.000318 0.043062 0.819034 182 176 141 
0.075854 0.276873 0.723426 144 134 100 
-0.077765 -0.058835 0.790324 90 97 55 
-0.073306 -0.032102 0.772289 53 60 27 
-0.064204 -0.012073 0.768501 133 149 94 
0.010003 0.165243 0.724203 79 69 34 
0.006519 0.182738 0.701594 95 103 62 
-0.098117 -0.095970 0.796867 76 82 36 
-0.082967 -0.080301 0.807539 95 88 57 
-0.062143 -0.002114 0.767717 78 80 43 
-0.036977 0.018013 0.791119 111 115 67 
-0.012497 0.131008 0.724030 108 117 78 
0.090661 0.301906 0.734932 196 193 161 
-0.028923 0.078854 0.756811 156 146 104 
0.049673 0.264855 0.711116 96 88 57 
-0.109714 -0.127696 0.824342 124 131 99 
-0.087019 -0.047399 0.785064 101 107 71 
-0.037688 0.032677 0.792183 107 97 59 
-0.034844 0.036895 0.792982 120 126 78 
-0.003593 0.172147 0.714723 114 101 71 
-0.116175 -0.157732 0.848334 170 165 115 
-0.030292 0.102364 0.742020 155 146 96 
-0.008456 0.177678 0.705943 60 64 29 
-0.073168 -0.007338 0.780706 119 117 66 
-0.028225 0.116698 0.736759 127 121 64 
-0.049623 0.041353 0.779339 125 118 77 
-0.096724 -0.053960 0.796610 156 140 112 
-0.093406 -0.044245 0.792775 124 117 72 
-0.054842 0.038516 0.778457 78 82 35 
0.011928 0.241740 0.693534 114 112 66 
-0.031596 0.151148 0.712049 53 68 24 
-0.048909 0.090849 0.747257 118 121 72 
-0.073855 0.003994 0.801871 137 136 95 
-0.057398 0.026552 0.808822 131 141 79 
-0.031037 0.183327 0.695869 93 99 47 
-0.030569 0.187406 0.692531 78 80 38 
-0.109330 -0.043324 0.791215 72 81 49 
-0.072480 0.050309 0.767909 107 118 56 
-0.040789 0.142972 0.730282 104 116 55 
-0.041792 0.154215 0.716707 96 103 62 
-0.003961 0.247373 0.689976 100 106 61 
-0.092326 -0.008329 0.797911 88 90 60 
-0.062857 0.104636 0.734648 106 106 73 
-0.044311 0.166083 0.704945 115 104 61 
-0.042300 0.170112 0.704487 91 95 42 
-0.064171 0.110233 0.731775 126 126 78 
-0.091911 -0.000177 0.801861 63 65 31 
-0.092728 0.003096 0.802766 69 75 40 
-0.070607 0.108337 0.732598 135 122 69 
-0.064905 0.123144 0.727677 61 65 37 
-0.121872 -0.033244 0.791715 104 105 71 
-0.015300 0.246480 0.696119 101 87 52 
-0.083063 0.023320 0.811701 93 106 60 
-0.050384 0.146702 0.741522 115 102 58 
-0.022821 0.231599 0.703085 109 102 62 
-0.053171 0.159012 0.728385 49 55 25 
0.036522 0.312739 0.736165 144 156 80 
-0.109845 -0.004215 0.801532 145 138 103 
0.024675 0.294605 0.738583 154 145 111 
-0.130916 -0.031062 0.795490 150 171 95 
-0.149668 -0.132907 0.877319 209 199 163 
-0.145665 -0.115111 0.865533 199 192 160 
-0.062517 0.169004 0.715818 59 64 35 
-0.081467 0.126577 0.730820 145 149 95 
-0.058578 0.156251 0.743693 131 117 85 
-0.117114 -0.000327 0.807292 93 95 51 
-0.081845 0.131822 0.729919 50 53 34 
-0.060976 0.163998 0.735995 118 129 88 
-0.081569 0.144297 0.727915 49 56 33 
-0.064442 0.203481 0.695576 60 68 43 
-0.140436 -0.017299 0.797492 83 87 49 
-0.121030 0.001541 0.816093 94 103 59 
-0.113046 0.011159 0.821599 79 91 50 
-0.059029 0.224029 0.688835 107 117 65 
-0.089740 0.140506 0.727013 61 62 37 
-0.028043 0.273497 0.701992 137 130 86 
-0.142571 -0.010511 0.797730 119 140 73 
-0.136019 -0.003448 0.803300 106 116 60 
-0.115386 0.012297 0.828418 153 140 95 
-0.097341 0.126988 0.732670 166 153 118 
-0.072975 0.192518 0.707587 89 97 58 
-0.019801 0.278121 0.719799 144 137 91 
-0.152281 -0.033917 0.810964 112 126 75 
-0.103599 0.040377 0.827089 175 170 134 
-0.068912 0.219136 0.690786 109 95 71 
-0.053412 0.246650 0.691385 137 149 86 
-0.055912 0.253664 0.677838 121 140 56 
-0.116159 0.088667 0.749752 140 140 84 
-0.116697 0.096181 0.739712 116 125 73 
-0.156744 -0.041738 0.830343 166 160 124 
-0.119210 0.082982 0.762302 108 106 65 
-0.101217 0.148214 0.723151 82 73 41 
-0.073842 0.222097 0.694022 110 96 67 
-0.135846 0.003729 0.827928 138 125 81 
-0.078959 0.213343 0.699269 73 80 37 
-0.066409 0.240701 0.693711 117 117 61 
-0.054591 0.265978 0.689062 104 110 52 
-0.018159 0.294792 0.734081 162 159 121 
-0.093463 0.189708 0.707933 169 178 125 
-0.018647 0.304986 0.733182 194 190 155 
-0.127832 0.033583 0.829696 178 173 140 
-0.135480 0.023462 0.831935 203 197 168 
